pb	[s. pag.]	0001	4802797
entry	[Page de faux-titre]	0	
pb	[s. pag.]	0002	4802798
entry	Liste des collaborateurs du dix-neuvième volume	0	
pb	[s. pag.]	0003	4802799
entry	[Page de titre]	0	
pb	[s. pag.]	0004	4802800
entry	Liste des auteurs qui ont collaboré à ce volume avec indication de leurs articles	0	
pb	1	0005	4802801
entry	Rectum et anus [A. Labat]. Anatomie	2	
orth	Rectum et anus. Anatomie		
pb	2	0006	4802802
pb	3	0007	4802803
entry	Rectum et anus [A. Labat]. Développement	1	
orth	Rectum et anus. Développement		
pb	4	0008	4802804
entry	Rectum et anus [A. Labat]. Fonctions	1	
orth	Rectum et anus. Fonctions		
pb	5	0009	4802805
entry	Rectum et anus [A. Labat]. Conformation extérieure	1	
orth	Rectum et anus. Conformation extérieure		
pb	6	0010	4802806
entry	Rectum et anus [A. Labat]. Pathologie	3	
orth	Rectum et anus. Pathologie		
pb	7	0011	4802807
pb	8	0012	4802808
pb	9	0013	4802809
entry	Division	0	
entry	Rectum et anus [A. Labat]. Division. Inflammation ; rectite	9	
orth	Rectum et anus. Division. Inflammation ; rectite		
pb	10	0014	4802810
pb	11	0015	4802811
pb	12	0016	4802812
pb	13	0017	4802813
pb	14	0018	4802814
pb	15	0019	4802815
pb	16	0020	4802816
pb	17	0021	4802817
pb	18	0022	4802818
pb	19	0023	4802819
entry	Rectum et anus [A. Labat]. Division	0	
orth	Rectum et anus. Division		
entry	Rectum et anus [A. Labat]. Division. Abcès des régions anale et péri-rectale	5	
orth	Rectum et anus. Division. Abcès des régions anale et péri-rectale		
pb	20	0024	4802820
pb	21	0025	4802821
pb	22	0026	4802822
pb	23	0027	4802823
pb	24	0028	4802824
entry	Rectum et anus [A. Labat]. Division. Plaies et déchirures de l'anus et du rectum	11	
orth	Rectum et anus. Division. Plaies et déchirures de l'anus et du rectum		
pb	25	0029	4802825
pb	26	0030	4802826
pb	27	0031	4802827
pb	28	0032	4802828
pb	29	0033	4802829
pb	30	0034	4802830
pb	31	0035	4802831
pb	32	0036	4802832
pb	33	0037	4802833
pb	34	0038	4802834
pb	35	0039	4802835
entry	Rectum et anus [A. Labat]. Division. Erreur de lieu	7	
orth	Rectum et anus. Division. Erreur de lieu		
pb	36	0040	4802836
pb	37	0041	4802837
pb	38	0042	4802838
pb	39	0043	4802839
pb	40	0044	4802840
pb	41	0045	4802841
pb	42	0046	4802842
entry	Rectum et anus [A. Labat]. Division. Fistules à l'anus	10	
orth	Rectum et anus. Division. Fistules à l'anus		
pb	43	0047	4802843
pb	44	0048	4802844
pb	45	0049	4802845
pb	46	0050	4802846
pb	47	0051	4802847
pb	48	0052	4802848
pb	49	0053	4802849
pb	50	0054	4802850
pb	51	0055	4802851
pb	52	0056	4802852
entry	Rectum et anus [A. Labat]. Division. Prolapsus du rectum	12	
orth	Rectum et anus. Division. Prolapsus du rectum		
pb	53	0057	4802853
pb	54	0058	4802854
pb	55	0059	4802855
pb	56	0060	4802856
pb	57	0061	4802857
pb	58	0062	4802858
pb	59	0063	4802859
pb	60	0064	4802860
pb	61	0065	4802861
pb	62	0066	4802862
pb	63	0067	4802863
pb	64	0068	4802864
entry	Rectum et anus [A. Labat]. Division. Rétrécissement du rectum	6	
orth	Rectum et anus. Division. Rétrécissement du rectum		
pb	65	0069	4802865
pb	66	0070	4802866
pb	67	0071	4802867
pb	68	0072	4802868
pb	69	0073	4802869
pb	70	0074	4802870
entry	Rectum et anus [A. Labat]. Division. Rétrécissement de l'anus	3	
orth	Rectum et anus. Division. Rétrécissement de l'anus		
pb	71	0075	4802871
pb	72	0076	4802872
pb	73	0077	4802873
entry	Rectum et anus [A. Labat]. Division. Paralysie du rectum et de l'anus	4	
orth	Rectum et anus. Division. Paralysie du rectum et de l'anus		
pb	74	0078	4802874
pb	75	0079	4802875
pb	76	0080	4802876
pb	77	0081	4802877
entry	Rectum et anus [A. Labat]. Division. Néoplasies	8	
orth	Rectum et anus. Division. Néoplasies		
pb	78	0082	4802878
pb	79	0083	4802879
pb	80	0084	4802880
pb	81	0085	4802881
pb	82	0086	4802882
pb	83	0087	4802883
pb	84	0088	4802884
pb	85	0089	4802885
entry	Rectum et anus [A. Labat]. Division. Anomalies	7	
orth	Rectum et anus. Division. Anomalies		
pb	86	0090	4802886
pb	87	0091	4802887
pb	88	0092	4802888
pb	89	0093	4802889
pb	90	0094	4802890
pb	91	0095	4802891
pb	92	0096	4802892
entry	Reins (Anatomie et Physiologie) [G. Moussu]	14	
orth	Reins (Anatomie et Physiologie)		
pb	93	0097	4802893
pb	94	0098	4802894
pb	95	0099	4802895
pb	96	0100	4802896
pb	97	0101	4802897
pb	98	0102	4802898
pb	99	0103	4802899
pb	100	0104	4802900
pb	101	0105	4802901
pb	102	0106	4802902
pb	103	0107	4802903
pb	104	0108	4802904
pb	105	0109	4802905
pb	106	0110	4802906
entry	Reins (Pathologie) [L. Trasbot]	3	
orth	Reins (Pathologie)		
pb	107	0111	4802907
pb	108	0112	4802908
pb	109	0113	4802909
pb	110	0114	4802910
entry	Reins (Pathologie) [L. Trasbot]. Diabète sucré	0	
orth	Reins (Pathologie). Diabète sucré		
entry	Diabète insipide, polyurie	0	
pb	111	0115	4802911
entry	Reins (Pathologie) [L. Trasbot]. Hémoglobinurie	0	
orth	Reins (Pathologie). Hémoglobinurie		
entry	Reins (Pathologie) [L. Trasbot]. Hématurie	1	
orth	Reins (Pathologie). Hématurie		
pb	112	0116	4802912
entry	Reins (Pathologie) [L. Trasbot]. Albuminurie	1	
orth	Reins (Pathologie). Albuminurie		
pb	113	0117	4802913
entry	Reins (Pathologie) [L. Trasbot]. Congestion	16	
orth	Reins (Pathologie). Congestion		
pb	114	0118	4802914
pb	115	0119	4802915
pb	116	0120	4802916
pb	117	0121	4802917
pb	118	0122	4802918
pb	119	0123	4802919
pb	120	0124	4802920
pb	121	0125	4802921
pb	122	0126	4802922
pb	123	0127	4802923
pb	124	0128	4802924
pb	125	0129	4802925
pb	126	0130	4802926
pb	127	0131	4802927
pb	128	0132	4802928
pb	129	0133	4802929
entry	Reins (Pathologie) [L. Trasbot]. Néphrites aiguës	3	
orth	Reins (Pathologie). Néphrites aiguës		
pb	130	0134	4802930
pb	131	0135	4802931
pb	132	0136	4802932
entry	Reins (Pathologie) [L. Trasbot]. Néphrite aiguë simple ou primitive	18	
orth	Reins (Pathologie). Néphrite aiguë simple ou primitive		
pb	133	0137	4802933
pb	134	0138	4802934
pb	135	0139	4802935
pb	136	0140	4802936
pb	137	0141	4802937
pb	138	0142	4802938
pb	139	0143	4802939
pb	140	0144	4802940
pb	141	0145	4802941
pb	142	0146	4802942
pb	143	0147	4802943
pb	144	0148	4802944
pb	145	0149	4802945
pb	146	0150	4802946
pb	147	0151	4802947
pb	148	0152	4802948
pb	149	0153	4802949
pb	150	0154	4802950
entry	Reins (Pathologie) [L. Trasbot]. Néphrite aiguë infectieuse	5	
orth	Reins (Pathologie). Néphrite aiguë infectieuse		
pb	151	0155	4802951
pb	152	0156	4802952
pb	153	0157	4802953
pb	154	0158	4802954
pb	155	0159	4802955
entry	Reins (Pathologie) [L. Trasbot]. Néphrite chronique	10	
orth	Reins (Pathologie). Néphrite chronique		
pb	156	0160	4802956
pb	157	0161	4802957
pb	158	0162	4802958
pb	159	0163	4802959
pb	160	0164	4802960
pb	161	0165	4802961
pb	162	0166	4802962
pb	163	0167	4802963
pb	164	0168	4802964
pb	165	0169	4802965
entry	Reins (Pathologie) [L. Trasbot]. Pyélite	2	
orth	Reins (Pathologie). Pyélite		
pb	166	0170	4802966
pb	167	0171	4802967
entry	Reins (Pathologie) [L. Trasbot]. Hypertrophie	1	
orth	Reins (Pathologie). Hypertrophie		
pb	168	0172	4802968
entry	Reins (Pathologie) [L. Trasbot]. Atrophie	3	
orth	Reins (Pathologie). Atrophie		
pb	169	0173	4802969
pb	170	0174	4802970
pb	171	0175	4802971
entry	Reins (Pathologie) [L. Trasbot]. Dégénérescence graisseuse ou stéatose	3	
orth	Reins (Pathologie). Dégénérescence graisseuse ou stéatose		
pb	172	0176	4802972
pb	173	0177	4802973
pb	174	0178	4802974
entry	Reins (Pathologie) [L. Trasbot]. Dégénérescence amyloïde	2	
orth	Reins (Pathologie). Dégénérescence amyloïde		
pb	175	0179	4802975
pb	176	0180	4802976
entry	Tumeurs	0	
entry	Reins (Pathologie) [L. Trasbot]. Blessures	1	
orth	Reins (Pathologie). Blessures		
pb	177	0181	4802977
entry	Reins (Parasites des) [A. Railliet]. Acariens	0	
orth	Reins (Parasites des). Acariens		
entry	Reins (Parasites des) [A. Railliet]. Nématodes	8	
orth	Reins (Parasites des). Nématodes		
pb	178	0182	4802978
pb	179	0183	4802979
pb	180	0184	4802980
pb	181	0185	4802981
pb	182	0186	4802982
pb	183	0187	4802983
pb	184	0188	4802984
pb	185	0189	4802985
entry	Reins (Parasites des) [A. Railliet]. Cestodes	1	
orth	Reins (Parasites des). Cestodes		
pb	186	0190	4802986
entry	Reins (Parasites des) [A. Railliet]. Coccidies	2	
orth	Reins (Parasites des). Coccidies		
pb	187	0191	4802987
pb	188	0192	4802988
entry	Reins (Parasites des) [A. Railliet]. Champignons	1	
orth	Reins (Parasites des). Champignons		
pb	189	0193	4802989
entry	Relation nutritive [A. Sanson]	5	
orth	Relation nutritive		
pb	190	0194	4802990
pb	191	0195	4802991
pb	192	0196	4802992
pb	193	0197	4802993
pb	194	0198	4802994
entry	Remontes militaires [A. Sanson]	18	
orth	Remontes militaires		
pb	195	0199	4802995
pb	196	0200	4802996
pb	197	0201	4802997
pb	198	0202	4802998
pb	199	0203	4802999
pb	200	0204	4803000
pb	201	0205	4803001
pb	202	0206	4803002
pb	203	0207	4803003
pb	204	0208	4803004
pb	205	0209	4803005
pb	206	0210	4803006
pb	207	0211	4803007
pb	208	0212	4803008
pb	209	0213	4803009
pb	210	0214	4803010
pb	211	0215	4803011
pb	212	0216	4803012
entry	Rendement [A. Sanson]	9	
orth	Rendement		
pb	213	0217	4803013
pb	214	0218	4803014
pb	215	0219	4803015
pb	216	0220	4803016
pb	217	0221	4803017
pb	218	0222	4803018
pb	219	0223	4803019
pb	220	0224	4803020
pb	221	0225	4803021
pb	222	0226	4803022
entry	Répercussion [A. Labat]	1	
orth	Répercussion		
pb	223	0227	4803023
pb	224	0228	4803024
entry	Reproduction [A. Sanson]. Lois de l'hérédité	34	
orth	Reproduction. Lois de l'hérédité		
pb	225	0229	4803025
pb	226	0230	4803026
pb	227	0231	4803027
pb	228	0232	4803028
pb	229	0233	4803029
pb	230	0234	4803030
pb	231	0235	4803031
pb	232	0236	4803032
pb	233	0237	4803033
pb	234	0238	4803034
pb	235	0239	4803035
pb	236	0240	4803036
pb	237	0241	4803037
pb	238	0242	4803038
pb	239	0243	4803039
pb	240	0244	4803040
pb	241	0245	4803041
pb	242	0246	4803042
pb	243	0247	4803043
pb	244	0248	4803044
pb	245	0249	4803045
pb	246	0250	4803046
pb	247	0251	4803047
pb	248	0252	4803048
pb	249	0253	4803049
pb	250	0254	4803050
pb	251	0255	4803051
pb	252	0256	4803052
pb	253	0257	4803053
pb	254	0258	4803054
pb	255	0259	4803055
pb	256	0260	4803056
pb	257	0261	4803057
pb	258	0262	4803058
entry	Reproduction [A. Sanson]. Croisement	9	
orth	Reproduction. Croisement		
pb	259	0263	4803059
pb	260	0264	4803060
pb	261	0265	4803061
pb	262	0266	4803062
pb	263	0267	4803063
pb	264	0268	4803064
pb	265	0269	4803065
pb	266	0270	4803066
pb	267	0271	4803067
entry	Résolution [A. Labat]	2	
orth	Résolution		
pb	268	0272	4803068
pb	269	0273	4803069
entry	Résorption [A. Labat]	2	
orth	Résorption		
pb	270	0274	4803070
pb	271	0275	4803071
entry	Respiratoires (Parasites des voies) [A. Railliet]	0	
orth	Respiratoires (Parasites des voies)		
pb	272	0276	4803072
entry	Respiratoires (Parasites des voies) [A. Railliet]. Insectes	0	
orth	Respiratoires (Parasites des voies). Insectes		
entry	Acariens	0	
entry	Linguatules	0	
pb	273	0277	4803073
entry	Respiratoires (Parasites des voies) [A. Railliet]. Annélides	0	
orth	Respiratoires (Parasites des voies). Annélides		
entry	Respiratoires (Parasites des voies) [A. Railliet]. Nématodes	23	
orth	Respiratoires (Parasites des voies). Nématodes		
pb	274	0278	4803074
pb	275	0279	4803075
pb	276	0280	4803076
pb	277	0281	4803077
pb	278	0282	4803078
pb	279	0283	4803079
pb	280	0284	4803080
pb	281	0285	4803081
pb	282	0286	4803082
pb	283	0287	4803083
pb	284	0288	4803084
pb	285	0289	4803085
pb	286	0290	4803086
pb	287	0291	4803087
pb	288	0292	4803088
pb	289	0293	4803089
pb	290	0294	4803090
pb	291	0295	4803091
pb	292	0296	4803092
pb	293	0297	4803093
pb	294	0298	4803094
pb	295	0299	4803095
pb	296	0300	4803096
entry	Respiratoires (Parasites des voies) [A. Railliet]. Trématodes	3	
orth	Respiratoires (Parasites des voies). Trématodes		
pb	297	0301	4803097
pb	298	0302	4803098
pb	299	0303	4803099
entry	Respiratoires (parasites des voies) [A. Railliet]. Cestodes	3	
orth	Respiratoires (parasites des voies). Cestodes		
pb	300	0304	4803100
pb	301	0305	4803101
pb	302	0306	4803102
entry	Infusoires	0	
entry	Respiratoires (parasites des voies) [A. Railliet]. Coccidies	1	
orth	Respiratoires (parasites des voies). Coccidies		
pb	303	0307	4803103
entry	Respiratoires (parasites des voies) [A. Railliet]. Champignons	2	
orth	Respiratoires (parasites des voies). Champignons		
pb	304	0308	4803104
pb	305	0309	4803105
entry	Rétention [A. Labat]	1	
orth	Rétention		
pb	306	0310	4803106
entry	Rétivité [F. Peuch]	3	
orth	Rétivité		
pb	307	0311	4803107
pb	308	0312	4803108
pb	309	0313	4803109
entry	Réversion [A. Sanson]	19	
orth	Réversion		
pb	310	0314	4803110
pb	311	0315	4803111
pb	312	0316	4803112
pb	313	0317	4803113
pb	314	0318	4803114
pb	315	0319	4803115
pb	316	0320	4803116
pb	317	0321	4803117
pb	318	0322	4803118
pb	319	0323	4803119
pb	320	0324	4803120
pb	321	0325	4803121
pb	322	0326	4803122
pb	323	0327	4803123
pb	324	0328	4803124
pb	325	0329	4803125
pb	326	0330	4803126
pb	327	0331	4803127
pb	328	0332	4803128
entry	Révulsifs, Révulsion [M. Kaufmann]	7	
orth	Révulsifs, Révulsion		
pb	329	0333	4803129
pb	330	0334	4803130
pb	331	0335	4803131
pb	332	0336	4803132
pb	333	0337	4803133
pb	334	0338	4803134
pb	335	0339	4803135
entry	Rhumatisme [Cadéac]	3	
orth	Rhumatisme		
pb	336	0340	4803136
pb	337	0341	4803137
pb	338	0342	4803138
pb	339	0343	4803139
entry	Rhumatisme [Cadéac]. Rhumatisme articulaire des équidés	15	
orth	Rhumatisme. Rhumatisme articulaire des équidés		
pb	340	0344	4803140
pb	341	0345	4803141
pb	342	0346	4803142
pb	343	0347	4803143
pb	344	0348	4803144
pb	345	0349	4803145
pb	346	0350	4803146
pb	347	0351	4803147
pb	348	0352	4803148
pb	349	0353	4803149
pb	350	0354	4803150
pb	351	0355	4803151
pb	352	0356	4803152
pb	353	0357	4803153
pb	354	0358	4803154
pb	355	0359	4803155
entry	Rhumatisme [Cadéac]. Localisations du rhumatisme articulaire dans les divers appareils de l'économie	18	
orth	Rhumatisme. Localisations du rhumatisme articulaire dans les divers appareils de l'économie		
pb	356	0360	4803156
pb	357	0361	4803157
pb	358	0362	4803158
pb	359	0363	4803159
pb	360	0364	4803160
pb	361	0365	4803161
pb	362	0366	4803162
pb	363	0367	4803163
pb	364	0368	4803164
pb	365	0369	4803165
pb	366	0370	4803166
pb	367	0371	4803167
pb	368	0372	4803168
pb	369	0373	4803169
pb	370	0374	4803170
pb	371	0375	4803171
pb	372	0376	4803172
pb	373	0377	4803173
entry	Rhumatisme [Cadéac]. Rhumatisme articulaire du boeuf	1	
orth	Rhumatisme. Rhumatisme articulaire du boeuf		
pb	374	0378	4803174
entry	Rhumatisme [Cadéac]. Rhumatisme articulaire du boeuf. Rhumatisme articulaire primitif	7	
orth	Rhumatisme. Rhumatisme articulaire du boeuf. Rhumatisme articulaire primitif		
pb	375	0379	4803175
pb	376	0380	4803176
pb	377	0381	4803177
pb	378	0382	4803178
pb	379	0383	4803179
pb	380	0384	4803180
pb	381	0385	4803181
entry	Rhumatisme [Cadéac]. Rhumatisme articulaire du boeuf. Rhumatisme articulaire secondaire	5	
orth	Rhumatisme. Rhumatisme articulaire du boeuf. Rhumatisme articulaire secondaire		
pb	382	0386	4803182
pb	383	0387	4803183
pb	384	0388	4803184
pb	385	0389	4803185
pb	386	0390	4803186
entry	Rhumatisme [Cadéac]. Rhumatisme articulaire du porc	2	
orth	Rhumatisme. Rhumatisme articulaire du porc		
pb	387	0391	4803187
pb	388	0392	4803188
entry	Rhumatisme articulaire du mouton	0	
entry	Rhumatisme [Cadéac]. Rhumatisme articulaire du chien	1	
orth	Rhumatisme. Rhumatisme articulaire du chien		
pb	389	0393	4803189
entry	Rhumatisme [Cadéac]. Traitement	9	
orth	Rhumatisme. Traitement		
pb	390	0394	4803190
pb	391	0395	4803191
pb	392	0396	4803192
pb	393	0397	4803193
pb	394	0398	4803194
pb	395	0399	4803195
pb	396	0400	4803196
pb	397	0401	4803197
pb	398	0402	4803198
entry	Rhumatisme [Cadéac]. Rhumatisme musculaire	13	
orth	Rhumatisme. Rhumatisme musculaire		
pb	399	0403	4803199
pb	400	0404	4803200
pb	401	0405	4803201
pb	402	0406	4803202
pb	403	0407	4803203
pb	404	0408	4803204
pb	405	0409	4803205
pb	406	0410	4803206
pb	407	0411	4803207
pb	408	0412	4803208
pb	409	0413	4803209
pb	410	0414	4803210
pb	411	0415	4803211
entry	Robes [A. Sanson]	1	
orth	Robes		
pb	412	0416	4803212
pb	413	0417	4803213
entry	Robes [A. Sanson]. Robes simples	10	
orth	Robes. Robes simples		
pb	414	0418	4803214
pb	415	0419	4803215
pb	416	0420	4803216
pb	417	0421	4803217
pb	418	0422	4803218
pb	419	0423	4803219
pb	420	0424	4803220
pb	421	0425	4803221
pb	422	0426	4803222
pb	423	0427	4803223
entry	Robes [A. Sanson]. Robes composées	8	
orth	Robes. Robes composées		
pb	424	0428	4803224
pb	425	0429	4803225
pb	426	0430	4803226
pb	427	0431	4803227
pb	428	0432	4803228
pb	429	0433	4803229
pb	430	0434	4803230
pb	431	0435	4803231
entry	Robes [A. Sanson]. Particularités des robes	8	
orth	Robes. Particularités des robes		
pb	432	0436	4803232
pb	433	0437	4803233
pb	434	0438	4803234
pb	435	0439	4803235
pb	436	0440	4803236
pb	437	0441	4803237
pb	438	0442	4803238
pb	439	0443	4803239
entry	Robes [A. Sanson]. Valeur zootechnique des robes	3	
orth	Robes. Valeur zootechnique des robes		
pb	440	0444	4803240
pb	441	0445	4803241
pb	442	0446	4803242
pb	443	0447	4803243
entry	Rouget du porc [Ed. Nocard]	0	
orth	Rouget du porc		
pb	444	0448	4803244
entry	Rouget du porc [Ed. Nocard]. Rouget (proprement dit)	6	
orth	Rouget du porc. Rouget (proprement dit)		
pb	445	0449	4803245
pb	446	0450	4803246
pb	447	0451	4803247
pb	448	0452	4803248
pb	449	0453	4803249
pb	450	0454	4803250
entry	Rouget du porc [Ed. Nocard]. Pneumo-entérite infectieuse	6	
orth	Rouget du porc. Pneumo-entérite infectieuse		
pb	451	0455	4803251
pb	452	0456	4803252
pb	453	0457	4803253
pb	454	0458	4803254
pb	455	0459	4803255
pb	456	0460	4803256
entry	Rouget du porc [Ed. Nocard]. Diagnostic différentiel du rouget et de la pneumo-entérite infectieuse du porc	3	
orth	Rouget du porc. Diagnostic différentiel du rouget et de la pneumo-entérite infectieuse du porc		
pb	457	0461	4803257
pb	458	0462	4803258
pb	459	0463	4803259
pb	460	0464	4803260
entry	Rouget du porc [Ed. Nocard]. Prophylaxie	1	
orth	Rouget du porc. Prophylaxie		
pb	461	0465	4803261
entry	Rouget du porc [Ed. Nocard]. Police sanitaire du rouget et de la pneumo-entérite	3	
orth	Rouget du porc. Police sanitaire du rouget et de la pneumo-entérite		
pb	462	0466	4803262
pb	463	0467	4803263
pb	464	0468	4803264
entry	Rubéfiants. Rubéfaction [M. Kaufmann]	3	
orth	Rubéfiants. Rubéfaction		
pb	465	0469	4803265
pb	466	0470	4803266
pb	467	0471	4803267
entry	Sabot [A. Sanson]	2	
orth	Sabot		
pb	468	0472	4803268
pb	469	0473	4803269
pb	470	0474	4803270
entry	Sabot [A. Sanson]. Anatomie du sabot	26	
orth	Sabot. Anatomie du sabot		
pb	471	0475	4803271
pb	472	0476	4803272
pb	473	0477	4803273
pb	474	0478	4803274
pb	475	0479	4803275
pb	476	0480	4803276
pb	477	0481	4803277
pb	478	0482	4803278
pb	479	0483	4803279
pb	480	0484	4803280
pb	481	0485	4803281
pb	482	0486	4803282
pb	483	0487	4803283
pb	484	0488	4803284
pb	485	0489	4803285
pb	486	0490	4803286
pb	487	0491	4803287
pb	488	0492	4803288
pb	489	0493	4803289
pb	490	0494	4803290
pb	491	0495	4803291
pb	492	0496	4803292
pb	493	0497	4803293
pb	494	0498	4803294
pb	495	0499	4803295
pb	496	0500	4803296
entry	Sabot [A. Sanson]. Physiologie du sabot	20	
orth	Sabot. Physiologie du sabot		
pb	497	0501	4803297
pb	498	0502	4803298
pb	499	0503	4803299
pb	500	0504	4803300
pb	501	0505	4803301
pb	502	0506	4803302
pb	503	0507	4803303
pb	504	0508	4803304
pb	505	0509	4803305
pb	506	0510	4803306
pb	507	0511	4803307
pb	508	0512	4803308
pb	509	0513	4803309
pb	510	0514	4803310
pb	511	0515	4803311
pb	512	0516	4803312
pb	513	0517	4803313
pb	514	0518	4803314
pb	515	0519	4803315
pb	516	0520	4803316
entry	Saignée [F. Peuch]	3	
orth	Saignée		
pb	517	0521	4803317
pb	518	0522	4803318
pb	519	0523	4803319
pb	520	0524	4803320
entry	Saignée [F. Peuch]. De la saignée chez les Équidés	13	
orth	Saignée. De la saignée chez les Équidés		
pb	521	0525	4803321
pb	522	0526	4803322
pb	523	0527	4803323
pb	524	0528	4803324
pb	525	0529	4803325
pb	526	0530	4803326
pb	527	0531	4803327
pb	528	0532	4803328
pb	529	0533	4803329
pb	530	0534	4803330
pb	531	0535	4803331
pb	532	0536	4803332
pb	533	0537	4803333
entry	Saignée [F. Peuch]. De la saignée chez les Bovidés	2	
orth	Saignée. De la saignée chez les Bovidés		
pb	534	0538	4803334
pb	535	0539	4803335
entry	Saignée [F. Peuch]. De la saignée chez le mouton	1	
orth	Saignée. De la saignée chez le mouton		
pb	536	0540	4803336
entry	Saignée [F. Peuch]. De la saignée chez le porc	1	
orth	Saignée. De la saignée chez le porc		
pb	537	0541	4803337
entry	Saignée [F. Peuch]. De la saignée chez le chien	1	
orth	Saignée. De la saignée chez le chien		
pb	538	0542	4803338
entry	Saignée [F. Peuch]. Artériotomie	2	
orth	Saignée. Artériotomie		
pb	539	0543	4803339
pb	540	0544	4803340
entry	Saignée [F. Peuch]. Saignées capillaires	5	
orth	Saignée. Saignées capillaires		
pb	541	0545	4803341
pb	542	0546	4803342
pb	543	0547	4803343
pb	544	0548	4803344
pb	545	0549	4803345
entry	Saignée [F. Peuch]. Accidents de la saignée	2	
orth	Saignée. Accidents de la saignée		
pb	546	0550	4803346
pb	547	0551	4803347
pb	548	0552	4803348
entry	Salers [A. Sanson]. Race auvergnate	3	
orth	Salers. Race auvergnate		
pb	549	0553	4803349
pb	550	0554	4803350
pb	551	0555	4803351
entry	Salers [A. Sanson]. Race auvergnate. Variété du Cantal	8	
orth	Salers. Race auvergnate. Variété du Cantal		
pb	552	0556	4803352
pb	553	0557	4803353
pb	554	0558	4803354
pb	555	0559	4803355
pb	556	0560	4803356
pb	557	0561	4803357
pb	558	0562	4803358
pb	559	0563	4803359
pb	560	0564	4803360
entry	Salers [A. Sanson]. Variété du Cantal	0	
orth	Salers. Variété du Cantal		
entry	Salers [A. Sanson]. Race auvergnate. Variété du Puy-de-Dôme	1	
orth	Salers. Race auvergnate. Variété du Puy-de-Dôme		
pb	561	0565	4803361
pb	562	0566	4803362
entry	Table générale par ordre alphabétique	2	
pb	563	0567	4803363
pb	564	0568	4803364
