page	refimg	chapitre
sn	0001	[Plat]
sn	0002	[Contreplat]
sn	0003	[Page de titre]
sn	0004	
sn	0005	Au corps médical
4	0006	Au corps médical
5	0007	Au corps médical
sn	0008	
sn	0009	Première partie. Table des chapitres
pb	0010	
9	0011	Table des chapitres
10	0012	
11	0013	
12	0014	
13	0015	
14	0016	
15	0017	
16	0018	
17	0019	
18	0020	
19	0021	
20	0022	
21	0023	
22	0024	
sn	0025	Table par actions médicamenteuses et indications thérapeutiques des spécialités figurant dans cet ouvrage
pb	0026	
25	0027	I. - Appareil circulatoire. T. G. Antispasmodiques artériels / Diurétiques
26	0028	Diurétiques
27	0029	Diurétiques / Hémostatiques
28	0030	Hémostatiques / Modérateurs cardiaques
29	0031	Modérateurs cardiaques / Toni-cardiaques
30	0032	Toni-cardiaques / Vaso-constricteurs artériels hypertenseurs / Vaso-constricteurs veineux
31	0033	Vaso-constricteurs veineux / Vaso-dilatateurs artériels hypotenseurs
32	0034	Vaso-dilatateurs artériels hypotenseurs
33	0035	Vaso-dilatateurs artériels hypotenseurs / I. - Appareil circulatoire. T. S. Anémies - Chlorose - Leucémie - Lymphadénie
34	0036	Anémies - Chlorose - Leucémie - Lymphadénie
35	0037	Anémies - Chlorose - Leucémie - Lymphadénie
36	0038	Anémies - Chlorose - Leucémie - Lymphadénie / Angine de poitrine
37	0039	Angine de poitrine / Artério-sclérose et ses complications
38	0040	Artério-sclérose et ses complications
39	0041	Artério-sclérose et ses complications / Artérites - Aortites - Claudication intermittente
40	0042	Artérites - Aortites - Claudication intermittente
41	0043	Artérites - Aortites - Claudication intermittente / Arythmies
42	0044	Cardiopathies aiguës
43	0045	Eréthisme - Tachycardies - Palpitations
44	0046	Eréthisme - Tachycardies - Palpitations / Gangrènes - Syndrome de Raynaud / Hémorroïdes - Varices - Phlébites
45	0047	Hémorroïdes - Varices - Phlébites
46	0048	Hémorroïdes - Varices - Phlébites / Hypertension
47	0049	Hypertension
48	0050	Hypertension / Hypotension
49	0051	Hypotension / Insuffisance cardiaques - Hyposystolie - Asystolie
50	0052	Insuffisance cardiaque - Hyposystolie - Asystolie / Shock - Accidents sériques
51	0053	Shock - Accidents sériques / II. - Appareil digestif. T. G. Alcalins - Saturants
52	0054	Alcalins - Saturants / Antidiarrhéiques
53	0055	Antidiarrhéiques / Antiémétisants / Antiseptiques intestinaux antifermentescibles
54	0056	Antiseptiques intestinaux antifermentescibles
55	0057	Antiseptiques intestinaux antifermentescibles / Antispasmodiques et sédatifs
56	0058	Antispasmodiques et sédatifs
57	0059	Cholagogues
58	0060	Cholagogues
59	0061	Cholagogues / Eupeptiques - Stomachiques
60	0062	Eupeptiques - Stomachiques / Laxatifs - Purgatifs
61	0063	Laxatifs - Purgatifs
62	0064	Laxatifs - Purgatifs / Pansements gastriques
63	0065	Pansements gastriques / Stimulants de la sécrétion et de la motilité gastrique
64	0066	II. - Appareil digestif. T. S. Aérophagie - Dilatation de l'estomac
65	0067	Aérophagie - Dilatation de l'estomac / Allergies - Anaphylaxies
66	0068	Allergies - Anaphylaxies / Anorexies
67	0069	Anorexies / Cholécystites - Angiocholites
68	0070	Cholécystites - Angiocholites
69	0071	Cholécystites - Angiocholites / Cirrhoses
70	0072	Cirrhoses / Congestion du foie - Foie cardiaque
71	0073	Congestion du foie - Foie cardiaque
72	0074	Congestion du foie - Foie cardiaque
73	0075	Dysenterie - Choléra
74	0076	Dysenterie - Choléra / Dyspepsies
75	0077	Dyspepsies
76	0078	Dyspepsies
77	0079	Dyspepsies / Entérites aiguës - Diarrhées - Coliques - Fermantations intestinales
78	0080	Entérites aiguës - Diarrhées - Coliques - Fermantations intestinales
79	0081	Entérites aiguës - Diarrhées - Coliques - Fermentations intestinales
80	0082	Entérites chroniques - Appendicite chronique
81	0083	Entérites chroniques - Appendicite chronique
82	0084	Entérites chroniques - Appendicite chronique
83	0085	Entérites chroniques - Appendicite chronique / Gastralgies
84	0086	Gastralgies
85	0087	Gastro-entérites de l'enfance - Diarrhées infantiles
86	0088	Gastro-entérites de l'enfance - Diarrhées infantiles / Hyperchlorhydrie
87	0089	Hyperchlorhydrie
88	0090	Hyperchlorhydrie / Hypochlorhydrie - Hypopepsie - Atonie gastrique
89	0091	Ictères - Cholémie
90	0092	Ictères - Cholémie
91	0093	Ictères - Cholémie / Infections intestinales
92	0094	Infections intestinales
93	0095	Infections intestinales / Insuffisance hépatique
94	0096	Insuffisance hépatique
95	0097	Insuffisance hépatique / Insuffisance pancréatique
96	0098	Insuffisance pancréatique / Intoxications - Auto-intoxications et séquelles
97	0099	Intoxications - Auto-intoxications et séquelles / Lithiase biliaire - Coliques hépatiques
98	0100	Lithiase biliaire - Coliques hépatiques
99	0101	Lithiase biliaire - Coliques hépatiques / Rectites - Fissures anales. Prurit anal
100	0102	Rectites - Fissures anales. Pruriat anal / Saturnisme - Coliques de plomb / Sténoses du pylore
101	0103	Sténoses du pylore / Stomatites - Gingivite - Muguet / Tuberculose intestinale
102	0104	Tuberculose intestinale / Ulcères de l'estomac et du duodénum
103	0105	Ulcères de l'estomac et du duodénum / III. - Appareil génito-urinaire. T. G. Antiseptiques gynécologiques
104	0106	Antiseptiques gynécologiques / Antiseptiques urinaires externes
105	0107	Antiseptiques urinaires externes / Antiseptiques urinaires internes
106	0108	Antiseptiques urinaires internes / Balsamiques / Décongestifs pelviens
107	0109	Décongestifs pelviens / Galactogènes
108	0110	Hémostatiques utérins / Régulateurs des règles sédatifs utéro-ovariens
109	0111	Régulateurs des règles - Sédatifs utéro-ovariens
110	0112	Régulateurs des règles - Sédatifs utéro-ovariens / III. - Appareil génito-urinaire. T. S. Albuminurie - Azotémie - Urémie - Anurie
111	0113	Albuminurie - Azotémie - Urémie - Anurie / Allaitement - Crevasses du sein
112	0114	Allaitement - Crevasses du sein
113	0115	Allaitement - Crevasses du sein / Blennorragie - Uréthrites - Orchites
114	0116	Blennorragie - Uréthrites - Orchites / Chancre mou
115	0117	Cystites - Prostatites - Prostatisme
116	0118	Cystites - Prostatites - Prostatisme
117	0119	Fibromes / Grossesse - Accouchements - Avortements
118	0120	Grossesse - Accouchements - Avortements
119	0121	Grossesse - Accouchements - Avortements / Impuissance - Spermatorrhée
120	0122	Impuissance - Spermatorrhée / Incontinence d'urine / Infection puerpérale
121	0123	Infection puerpérale / Insuffisance rénale - Néphrites chroniques - Néphrites aiguës
122	0124	Insuffisance rénale - Néphrites chroniques - Néphrites aiguës / Lithiase rénale - Coliques néphrétiques
123	0125	Lithiase rénale - Coliques néphrétiques
124	0126	Lithiase rénale - Coliques néphrétiques / Puberté - Menstruation - Ménopause
125	0127	Puberté - Menstruation - Ménopause
126	0128	Puberté - Menstruation - Ménopause / Pyélonéphrites
127	0129	Pyélonéphrites
128	0130	Pyélonéphrites / Vomissements incoercibles - Éclampsie
129	0131	IV. - Appareil respiratoire. T. G. Antidyspnéiques
130	0132	Antiseptiques des voies respiratoires
131	0133	Antiseptiques des voies respiratoires / Antispasmodiques - Sédatifs de la toux
132	0134	Antispasmodiques - Sédatifs de la toux
133	0135	Antispasmodiques - Sédatifs de la toux / Balsamiques / Modificateurs sécrétoires - Expectorants
134	0136	Modificateurs sécrétoires expectorants / IV. - Appareil respiratoire. T. S. Adénopathie trachéo-bronchique
135	0137	Adénopathie trachéo-bronchique
136	0138	Adénopathie trachéo-bronchique / Asthme - Asthme des foins
137	0139	Asthme - Asthme des foins
138	0140	Asthme - Asthme des foins
139	0141	Asthme - Asthme des foins / Congestions pulmonaires - Pneumonie aiguë - Broncho-pneumonies
140	0142	Congestions pulmonaires - Pneumonie franche aiguë - Broncho-pneumonies
141	0143	Congestions pulmonaires - Pneumonie franche aiguë - Broncho-pneumonies / Coqueluche - Toux spasmodiques
142	0144	Coqueluche - Toux spasmodiques
143	0145	Coqueluche - Toux spasmodiques / Emphysème pulmonaire - Sclérose pulmonaire
144	0146	Emphysème pulmonaire - Sclérose pulmonaire
145	0147	Emphysème pulmonaire - Sclérose pulmonaire / Oedème aigu du poumon / Pleurésies
146	0148	Pleurésies / Trachéites - Trachéo-bronchites aiguës - Bronchites chroniques
147	0149	Trachéites - Trachéo-bronchites aiguës - Bronchites chroniques
148	0150	Trachéites - Trachéo-bronchites aiguës - Bronchites chroniques
149	0151	Trachéites - Trachéo-bronchites aiguës - Bronchites chroniques
150	0152	V. - Chirurgie thérapeutique externe. T. G. Anesthésiques / Antiseptiques externes comprimés / Antiseptiques externes liquides
151	0153	Antiseptiques externes - Pommades / Antiseptiques externes - Poudres
152	0154	Antiseptiques externes, crayons, ovules, savons / Bains / Cataplasmes - Révulsifs
153	0155	Cicatrisants / V. - Chirurgie thérapeutique externe. T. S. Adénites
154	0156	Adénites
155	0157	Brûlures - Cicatrices vicieuses
156	0158	Brûlures - Cicatrices vicieuses / Entorses, fractures, hydarthroses
157	0159	Furoncles - Furonculose - Anthrax - Abcès - Panaris - Phlegmons - Piqûres d'insectes
158	0160	Furoncles - Furonculose - Anthrax - Abcès - Panaris - Phlegmons - Piqûres d'insectes
159	0161	Ostéites - Ostéomyélites / Pansements - Plaies - Fistules - Ulcères
160	0162	Pansements - Plaies - Fistules - Ulcères
161	0163	Pansements - Plaies - Fistules - Ulcères / VI. - Diététique
162	0164	VII. - Instrumentation - Appareils
163	0165	VIII. - Maladies de la nutrition et par carence. T. G. Accélérateurs de la nutrition
164	0166	Accélérateurs de la nutrition
165	0167	Accélérateurs de la nutrition / Dissolvants uriques - Anti-goutteux
166	0168	Dissolvants uriques - Anti-goutteux / Médicaments d'épargne / Produits vitaminés - produits irradiés
167	0169	Produits vitaminés - produits irradiés / Régulateurs de la nutrition
168	0170	Régulateurs de la nutrition / VIII. - Maladies de la nutrition et par carence. T. S. Acétonémie / Alcalose
169	0171	Arthritisme
170	0172	Arthritisme
171	0173	Arthritisme / Asthénie - Surmenage - Convalescences
172	0174	Asthénie - Surmenage - Convalescences
173	0175	Asthénie - Surmenage - Convalescences
174	0176	Asthénie - Surmenage - Convalescences
175	0177	Asthénie - Surmenage - Convalescences
176	0178	Asthénie - Surmenage - Convalescences / Avitaminose / Diabète
177	0179	Diabète
178	0180	Goutte
179	0181	Goutte
180	0182	Obésité
181	0183	Obésité / Phosphaturie
182	0184	Phosphaturie / Rachitisme - Lymphatisme - Athrepsie - Troubles de la croissance
183	0185	Rachitisme - Lymphatisme - Athrepsie - Troubles de la croissance
184	0186	Rachitisme - Lymphatisme - Athrepsie - Troubles de la croissance
185	0187	Rachitisme - Lymphatisme - Athrepsie - Troubles de la croissance
186	0188	Rachitisme - Lymphatisme - Athrepsie - Troubles de la croissance / Rhumatismes chroniques - Algies rhumatismales - Lumbago
187	0189	Rhumatismes chroniques - Algies rhumatismales - Lumbago
188	0190	Rhumatismes chroniques - Algies rhumatismales - Lumbago
189	0191	Rhumatismes chroniques - Algies rhumatismales - Lumbago
190	0192	IX. - Maladies de la peau. T. G. Antiprurigineux / Antiseptiques
191	0193	Antiseptiques / Kératoplastiques
192	0194	Kératoplastiques / IX. - Maladies de la peau. T. S. Acné
193	0195	Acné
194	0196	Acné / Alopécies / Crevasses - Gerçures - Engelures
195	0197	Crevasses - Gerçures - Engelures / Eczémas
196	0198	Eczémas
197	0199	Eczémas / Erythèmes - Intertrigo
198	0200	Erythèmes - Intertrigo / Herpès
199	0201	Herpès / Impetigo
200	0202	Impetigo / Mycoses - Sycosis
201	0203	Mycoses - Sycosis / Phtiriase - Teigne - Gale / Pityriasis
202	0204	Pityriasis / Prurigo - Dartres - Prurits
203	0205	Prurigo - Dartres - Prurits / Psoriasis
204	0206	Psoriasis / Pyodermites
205	0207	Pyodermites / Séborrhée
206	0208	Tuberculose cutanée - Lupus / Tumeurs de la peau - Verrues / Ulcères variqueux
207	0209	Ulcères variqueux
208	0210	Urticaire
209	0211	Urticaire / X. - Maladies infectieuses. T. G. Antipyrétiques
210	0212	Antiseptiques internes
211	0213	Bactériophages / Bactériothérapie - Ferments lactiques / Chimiothérapie - Colloïdes
212	0214	Sérums - Vaccins
213	0215	X. - Maladies infectieuses. T. S. Colibacillose
214	0216	Diphtérie / Érysipèle / Fièvres éruptives - Lèpre
215	0217	Fièvres éruptives - Lèpre / Grippe
216	0218	Grippe
217	0219	Grippe
218	0220	Grippe / Oreillons / Rhumatisme articulaire aigu
219	0221	Rhumatisme articulaire aigu / Rougeole
220	0222	Rougeole / Septicémies
221	0223	Typhoïde et paratyphoïdes / Zona
222	0224	Zona / XI. - Maladies parasitaires. Amibiase / Helminthiase
223	0225	Helminthiase / Maladie du sommeil / Paludisme
224	0226	Paludisme / Parasites de l'intestin et des voies biliaires
225	0227	Parasites de l'intestin et des voies biliaires / XII. Ophtalmologie. Anesthésiques locaux / Antiseptiques locaux
226	0228	Bains d'yeux / Instillations - Collyres / Pommades / XIII. - Opothérapie
227	0229	
228	0230	XIV. - Oto-rhino-laryngologie. T. G. Analgésiques généraux / Analgésiques locaux
229	0231	Antiseptiques
230	0232	Antiseptiques / Gargarismes - Collutoires - Lavages / Inhalations
231	0233	Instillations - Pulvérisations / Pommades
232	0234	Pommades / Poudres / Vaso-constricteurs - Décongestifs
233	0235	XIV. - Oto-rhino-laryngologie. T. S. Vaso-constricteurs - Décongestifs / Angines aiguës
234	0236	Angines aiguës / Angine de Vincent / Bourdonnements d'oreilles - Surdité
235	0237	Bourdonnements d'oreilles - Surdité / Coryzas (Aigus, chroniques)
236	0238	Coryzas (Aigus, chroniques)
237	0239	Coryzas (Aigus, chroniques) / Coryza spasmodique - Rhume des foins
238	0240	Coryza spasmodique - Rhume des foins / Laryngites aigües, chroniques
239	0241	Laryngites aigües, chroniques
240	0242	Laryngites aigües, chroniques / Laryngite striduleuse / Otites - Mastoïdites
241	0243	Otites - Mastoïdites / Ozène
242	0244	Pharyngites aiguës
243	0245	Pharyngites aiguës / Rhino-pharyngites chroniques
244	0246	Rhino-pharyngites chroniques / Sinusites
245	0247	Sinusites
246	0248	Sinusites / Végétations adénoïdes - Adénoïdites
247	0249	Végétations, adénoïdes, adénoïdites / XV. - Radiographie / XVI. - Stomatologie
248	0250	XVII. - Syphilis. Préventifs / Traitement arsenical
249	0251	Traitement bismuthique / Traitement ioduré / Traitement mercuriel
250	0252	Traitement mercuriel / Traitement mixte / XVIII. - Système nerveux. T. G. Analgésiques externes
251	0253	Analgésiques internes
252	0254	Anesthésiques généraux / Anesthésiques locaux / Anesthésiques rachidiens / Antispasmodiques
253	0255	Antispasmodiques / Hypnotiques
254	0256	Hypnotiques / Modificateurs du sympathique et du para-sympathique
255	0257	Modificateurs du sympathique et du parasympathique / Neuro-toniques
256	0258	Neuro-toniques
257	0259	Neuro-toniques / Sédatifs
258	0260	Sédatifs
259	0261	XVIII. - Système nerveux. T. S. Algies - Céphalées - Migraines - Migraine ophtalmique - Névralgies sciatiques - Névrites
260	0262	Algies - Céphalées - Migraines - Migraine ophtalmique - Névralgies sciatiques - Névrites
261	0263	Algies - Céphalées - Migraines - Migraine ophtalmique - Névralgies sciatiques - Névrites
262	0264	Gongestion cérébrale - Hémorragie cérébrale - Ramollissement cérébral hémiplégie / Encéphalites méningo-encéphalites et leurs séquelles / Goitre exophtalmique
263	0265	Goitre exophtalmique / Hystérie - Épilepsie - Chorée
264	0266	Hystérie - Épilepsie - Chorée / Insomnies - Nervosisme
265	0267	Insomnies - Nervosisme
266	0268	Insomnies - Nervosisme / Neurasthénie - Névrose d'angoisse
267	0269	Neurasthénie - Névrose d'angoisse
268	0270	Neurasthénie - Névrose d'angoisse
269	0271	Neurasthénie - Névrose d'angoisse
270	0272	Neurasthénie - Névrose d'angoisse / Paralysie agitante / Paralysies périphériques / Tics - Convulsions - Délires
271	0273	Tics - Convulsions - Délires
272	0274	Tics - Convulsions - Délires / XIX. - Tuberculose. Amaigrissement
273	0275	Amaigrissement
274	0276	Antiseptiques généraux
275	0277	Médications locales / Toniques - Réminéralisants - Récalcifiants
276	0278	Toniques - Réminéralisants - Récalcifiants
277	0279	Toniques - Réminéralisants - Récalcifiants
278	0280	Toniques - Réminéralisants - Récalcifiants
279	0281	Toniques - Réminéralisants - Récalcifiants / Traitement spécifique / Traitement symptomatique - Sueurs
280	0282	XX. - Tumeurs - Cancer
sn	0283	Deuxième partie. Dictionnaire de spécialités pharmaceutiques
pb	0284	
283	0285	Absuric / Acatar
284	0286	Acécoline-Solution
285	0287	Acécoline-Spartéine. Acécoline-Camphre / Acécoline-Yohimbine / Acécolex
286	0288	Acépiline / Acéryl
287	0289	Acésine Guillaumin / Acétylarsan
288	0290	Acobella / Acodros
289	0291	Acoégénol / Acolitol
290	0292	Actiphos
pb	0293	
292	0294	Adipolysine
293	0295	Adipolysine
294	0296	Adonal Vicario
295	0297	Adoverne « Roche »
296	0298	Adral / Adrénaline Aguettant
297	0299	Adrénaline Carrion / Adrénaline Clin
298	0300	Adrénaline Invar / Adrénaline Sauba
299	0301	Adrénargol / Adrénine
300	0302	Adrénocalcine / Adrénoïdes Béral
301	0303	Adrénoléine / Adrépatine
302	0304	Adréphédrine Béral / Aéïne
303	0305	Aérocid / Aérophagyl
304	0306	Aesculase / Aethone
305	0307	Agarase
306	0308	Agarol
307	0309	Agobyl
308	0310	Agocholine
309	0311	Agomensine Ciba / Agozymase
310	0312	Aiguë d'Or. Analga du Docteur Redier / Airoglyce
311	0313	Albuol Leisyn / Albuplast
312	0314	Alcacyl Wander / Alcalinose
313	0315	Alcalovules / Alcamfétol
314	0316	Alepsal (Comprimés) / Alexime (Anciennement Alexine)
315	0317	Algane
316	0318	Algocratine (Phénylamidoxanthine) / Algonal
317	0319	Algophagine / Algosédine
318	0320	Algozone / Alibourine B. E. A.
319	0321	Aliment Tinardon / Alisal
320	0322	Allergantyl Miluc / Alliocardia
321	0323	Allisatine « Sandoz » / Allocaïne Lumière
322	0324	Allochrysine Lumière
323	0325	Allonal « Roche »
324	0326	Allopha-Quina / Aloïne Houdé
325	0327	Aloplastine / Alsodine
326	0328	Alucol Wander / Alunozal
327	0329	Alzine / Amborhinol
328	0330	Amibiasine
329	0331	Amidal / Aminase
330	0332	Aminoléine / Amino-Sel Byla
331	0333	Amiphène Carron
332	0334	Amphormone / Ampho-Tablettes Ronchèse
333	0335	Amphotonyl « Lersam » / Ampho-Vaccins Ronchèse
334	0336	Ampoules Boissy / Ampoules de Pantopon « Roche »
335	0337	Ampoules de Spasmalgine « Roche » / Ampoules névrosthéniques Dausse
336	0338	Ampoules Ophidios / Amunine
337	0339	Amybdine / Amylodiastase Thépénier
338	0340	Anacamphre / Anacidase
339	0341	Anaclasine Ranson
340	0342	Analgénine Oberlin / Analgésol
341	0343	Anapeptone Vassal / Anapyol
342	0344	Anaquintine Lescène / Anaural
343	0345	Anaxéryl / Androcalcion
344	0346	Androstine Ciba / Androvar
345	0347	Anégrine
346	0348	Anéo-Leisyn
347	0349	Anexol / Angéiol
348	0350	Angiocholine / Angiolymphe
349	0351	Angiosédine / Angioxyl
350	0352	Aniodol externe
351	0353	Aniodol Interne / Anoïde
352	0354	Anorexyl / Antalgol Dalloz
353	0355	Antasthène Carrion / Antélobine
354	0356	Anthéma. Sérum sérique antihémorragique des Docteurs Dufour et Le Hello / Anthiomaline
355	0357	Anthracalcine / Anthraseptol du Docteur Daynez
356	0358	Antialgos Christiaens / Anti-Asthénie Lauriat (Ex-Lauriatol)
357	0359	Antiasthme Bengalais
358	0360	Anti-asthmine Dehaussy
359	0361	Antibilieux Fuzor / Anti-diabète H
360	0362	Antidiabétique Monavon / Antidiabétique Requis
361	0363	Antigénines
362	0364	Antigonol / Antigrippine Midy
363	0365	Antinéase / Antiphi
364	0366	Antiphlogistine / Antipiol
365	0367	Antirrhoïde / Antisciatique P. Chambon
366	0368	Antispasmyl / Anti-urique de Contrexéville
367	0369	Antivirus / Antonal
368	0370	Anurique Duplex / Anusol
369	0371	Anxiol (Comprimés) / Anxiosédine
370	0372	Anxyl / Aphloïne Trouette-Perret
371	0373	Aphosal / Apioline de Chapoteaut
372	0374	Apivène / Appetyl
373	0375	Aquintol-Mialhe / Arapal
374	0376	Arcica / Argybil
375	0377	Argycarbone / Argycuprol
376	0378	Argyrophédrine
377	0379	Arhémapectine Gallier
378	0380	Arhéol / Arhine Lambiotte Frères
379	0381	Aristargol / Arkhébios
380	0382	Armanite / Arquéritol Lesure
381	0383	Arrhénuclène Bergevin / Arsaminol
382	0384	Arséniode Buriat / Arsénobenzènes Clin
383	0385	Arsénomyl. Nouvel arsénobenzol / Arsénos-Solvant
384	0386	Arsi-Strychnal Longuet
385	0387	Arsylène « Roche »
386	0388	Artérase / Artério-Veinine
387	0389	Arthrilax / Artichaut (Cynara). Edgard-Rosa
388	0390	Artoradine / Arvensyl
389	0391	Ascéine / Asciatine
390	0392	Ascoléine Rivier / Aséphéine
391	0393	Aseptone / Aseptorhine
392	0394	Astasol Douetteau / Asthmasédine
393	0395	Asthmo-Actine / Atomine
394	0396	Atoquinol Ciba
395	0397	Atural
396	0398	Audigénine / Aurixéma
397	0399	Axyol du Docteur P. Bourggraff / Azigol Thévenot
398	0400	Azotyl / Azufrol
399	0401	Azym
400	0402	Babeurre Dardelet / Babeurre Guigoz
401	0403	Babeurre Nestlé en poudre Élédon / Babeurres Carrion-Lagnel
402	0404	Babeurres « La Faye »
403	0405	Backérine
404	0406	Bacté-Phages du Professeur d'Hérelle
405	0407	Bacté-Phages du Professeur d'Hérelle
406	0408	Bacté-Phages du Professeur d'Hérelle
407	0409	Bacté-Ricyl / Bactioxyne
408	0410	Bacturyl / Bain carbogazeux Wolo
409	0411	Bain Carré
410	0412	Bain de Royan Varech
411	0413	Bain Flévar / Bain Salvia
412	0414	Baldisédan / Ballotyl
413	0415	Balmiga / Balnéradol
414	0416	Balsaformine / Balsamol Lescène
415	0417	Balsamorhinol
416	0418	Balsoforme / Balsofumine
417	0419	Balsorhinol / Basedowine
418	0420	Baume Adol / Baume Aroma
419	0421	Baume Bengué / Baume Daynoc
420	0422	Baume Delacour / Baume de la maternité
421	0423	Baume du Docteur Baissade
422	0424	Baume Duret / Baume Lartigol
423	0425	Baume-Panthésine « Sandoz » / Baume Rhodia
424	0426	Baume Robernard / Baume Robur
425	0427	Baume Sélénia au sélénium colloïdal / Baume Suelta ou pommade à l'Esculéol
426	0428	Baume Thomas / Baumix
427	0429	Baumolacpinine
428	0430	Béatol
429	0431	Bécalciol « Métère » / Beef Lavoix ou Vin de Lavoix
430	0432	Belcarmine / Belhémine
431	0433	Belladénal « Sandoz » / Bellafoline « Sandoz »
432	0434	Bellergal « Sandoz » / Bemax
433	0435	Bensamine / Benzoate de folliculine cristallisée
434	0436	Benzo-Bismuth Millot
435	0437	Benzocarbine / Benzoflorine Julien
436	0438	Benzo-Gynoestryl. Benzoate de folliculine cristallisée du Docteur Roussel / Benzo-Iodhydrine
437	0439	Benzoquinol / Benzyanyl
438	0440	Benzylocalcium
439	0441	Benzylol / Bétul-Ol Midy (Méthyl oléo-salicylate comp.)
440	0442	Biazan / Bi-Carbine
441	0443	Bi-Citrol Marinier
442	0444	Bière des Nurses / Bilaxyl
443	0445	Biléyl Fournier / Biliase Raby
444	0446	Biliboldo / Bilifluine du Docteur L. Bignon
445	0447	Biliogastrine / Bilivaccin
446	0448	Bilivaccin anticolibacillaire / Billabstine
447	0449	Binoxol / Biocalcium
448	0450	Biocalcose / Biocatalyseur Rolland
449	0451	Biocéane Oliviéro
450	0452	Biocholine d'après les travaux du Professeur J. Carles et du Docteur F. Leuret
451	0453	Biocrina / Biodarcine
452	0454	Biodynamine
453	0455	Biodynol
454	0456	Bioélixir
455	0457	Bioentérase / Biogénol Demasles
456	0458	Biolactyl Fournier
457	0459	Biomucine
458	0460	Bionéol / Biopausine
459	0461	Biophène / Biophorine Girard
460	0462	Biophylactine M. G. / Bioplastine Sérono
461	0463	Biosine Le Perdriel
462	0464	Biotrigon
463	0465	Bioxyol du Docteur P. Bourggraff / Biphédrine
464	0466	Bisalicylate / Bis-Hyd
465	0467	Bis-Ka-Ma
466	0468	Bismhydral / Bismokaol
467	0469	Bismucarbone / Bismusodine
468	0470	Bismuth Adrian
469	0471	Bismuth B 3
470	0472	Crème de Bismuth du Docteur Quesneville. Crème de Bismuth chlore-magnésienne du Docteur Quesneville
471	0473	Bismuth Desleaux / Bismuthion
472	0474	Bismuthoïdol / Bismuth Tulasne
473	0475	Bissyl / Bivatol
474	0476	Blagny
475	0477	Blédine Jacquemaire
476	0478	Blénnopiat / Blennosine-Fornet
477	0479	Blimal / Blocs « Vécor »
478	0480	Blüyl / Boldine Houdé
479	0481	Boldobyl / Boldocrinol. Anciennement : Boldobiline Jammes Boldo et Opothérapie biliaire
480	0482	Boldo Gmet / Boldoïne Éparvier
481	0483	Boldolactil Lagoutte / Boldolactol
482	0484	Boldo Verne / Boléase Monal
483	0485	Bolène / Boréol
484	0486	Boricine Meissonnier / Borosodine Lumière
485	0487	Borostyrol Schlatter / Boues radioactives Rhemda
486	0488	Boules Quiès / Bovcardiac Lefranc
487	0489	Bovhépatic Lefrancq / Bovstrol Lefrancq
488	0490	Bradygastrine Ducloy / Brional
489	0491	Bromadyl Vicario / Broméine Montagu
490	0492	Bromiase / Bromocodéine Chenu
491	0493	Bromo-Garnal / Bromogénol Pépin
492	0494	Bromomaïsine / Bromone Robin
493	0495	Bromovose / Bromure de calcium (Sirop Henry Mure, au)
494	0496	Bronchodermine / Broncho Favrot
495	0497	Bronchoforme / Bronchophilos
496	0498	Bronchoseptol-Lauriat / Broncho-Vaclydun. Lysats vaccins du Docteur Duchon
497	0499	Broncosol / Broncurol
498	0500	Bronphélia / Broséyl
499	0501	Bruzarine / Bucchu Basma (Extrait de)
500	0502	Buccospérine / Bucmine
501	0503	Bulgarine Thépénier
502	0504	C 40 / Cachets Castanet
503	0505	Cachets du Docteur Richomme / Cachets Kapytan
504	0506	Cachets Pachaut / Cachets « Roche » de Thiocol
505	0507	Cachets Spévin
506	0508	Cacodyle Gonnon
507	0509	Cacodyline Jammes / Cadior
508	0510	Cafédrine / Calcibronat « Sandoz »
509	0511	Calcigénol. Calcigénol irradié / Calciline
510	0512	Calcional / Calcium Corbière
511	0513	Calcium-Francalcium
512	0514	« Calcium-Sandoz » / Calcivitam
513	0515	Calcoléol / Calcomagnésie
514	0516	Calcozymase / Calmaby
515	0517	Calmag-Na / Calmosuppos sédatifs. Calmosuppos antithermiques
516	0518	Calomel Vicario
517	0519	Calsédine
518	0520	Camformine
519	0521	Camphocalyptol
520	0522	Camphodausse
521	0523	Campho-Spartéine Dubois
522	0524	Camphostyl Lacroix / Camphro-Salyl Fraisse
523	0525	Camphydryl Robin / Camphydryl Strychno spartéiné Robin
524	0526	Canol
525	0527	Cantéïne Bouteille
526	0528	Caparlem
527	0529	Capsules Bruel à l'Ether Amyl Valérianique / Capsules Dartois
528	0530	Capsules et sirop Préga / Capsules grises Cabanès
529	0531	Capsules Haarlem Bardet
530	0532	Capsules Joret et Homolle / Capsules Kuchner au mécaptol
531	0533	Capsules Noguès / Carb (Granulé)
532	0534	Carbagol Marinier
533	0535	Carbalcaloïdes
534	0536	Carbargyre
535	0537	Carbatropine / Carbobel
536	0538	Carbocitrol / Carbo-Combrosmol
537	0539	Carbofixine Longuet / Carboïodures Fraudin
538	0540	Carbolactyl simple. Carbolactyl bilié
539	0541	Carbolin Midy / Carbomucil
540	0542	Carbonate de Bismuth / Carbonate de chaux Adrian
541	0543	Carbonate de chaux Lancosme / Carbonésie
542	0544	Carbone Théraplix / Carbophos
543	0545	Carborexyl
544	0546	Carbos / Carbosanis
545	0547	Carboseptyl / Carbotrigon. Synonyme Biotrigon Hépatique
546	0548	Cardialgine Dubois / Cardibaïne
547	0549	Cardiobromine / Cardiosthénine
548	0550	Cardio-streptine / Carditone
549	0551	Cardiurène / Carnicalcine
550	0552	Carnine Lefrancq / Carottase
551	0553	Casaldyl / Cascara Éparvier « Pilules Éparvier »
552	0554	Cascara Midy / Cascarine Leprince
553	0555	Caséone Fabre / Casol
554	0556	Castanol / Catalgine
555	0557	Catalyl Mg / Cataplasme du Docteur Lelièvre
556	0558	Catéményl / Cavéform
557	0559	C. B. K. / Cellargos
558	0560	Cellona / Cellu-Son
559	0561	Cépaïne / Cephoemétine
560	0562	Cérébrine Fournier / Cérébroïl Leisyn
561	0563	Cérébro-Lipase / Cérébrosthénine Dalin
562	0564	Céréossine Dehaussy
563	0565	Céréossine irradiée
564	0566	Cérinil
565	0567	Céthocal
566	0568	Charbon Fraudin / Charbon Tissot (Grains anisés de)
567	0569	Cheloïdine / Chenanthol
568	0570	Chéralys (Comprimés) / Chlocci
569	0571	Chlomag / Chloral bromuré Dubois
570	0572	Chloralgine / Chloralosane
571	0573	Chloramine Freyssinge / Chloréthyle Bengué
572	0574	Chlorical / Chloridia
573	0575	Chlorinol / Chlormagnésium Fisch
574	0576	Chloro-Calcion
575	0577	Chlorofoline / Chloroforme Adrian
576	0578	Chloro-Magnésion solution injectable / Chlorophylle du Docteur David-Galatz
577	0579	Chlorumagène. Formule du Docteur Martin du Theil / Chlorure de magnésium Adrian
578	0580	Chlorure d'Éthyle Adrian / Cholagol
579	0581	Chlolécystine
580	0582	Choléfluine
581	0583	Cholégastrol / Choléine Camus
582	0584	Choléine Lactique / Cholélyse
583	0585	Choléo-Combretol boldinisé / Choléokinase
584	0586	Choléo-Lactol Daguin. Formule du Docteur L.-G. Mary / Choléolax Colas
585	0587	Choléopeptine / Cholépan Longuet
586	0588	Cholérène (Comprimés) / Cholergine
587	0589	Choline « Roche » / Chophytol-Rosa
588	0590	Chophytol-Rosa cristallisé injectable
589	0591	Chrysalmiode
590	0592	Chrysemine
591	0593	Cibalgine / Cicatrisant Leisyn
592	0594	Cimalvol / Cimatryl
593	0595	Cinalose / Cinéyl
594	0596	Cinnozyl / Cinol
595	0597	Cipromarol / Citralin
596	0598	Citrocarbine / Citrochol
597	0599	Citrocholine / Citrofluyl
598	0600	Citrolargol / Citroléol
599	0601	Citronema / Citropaïne du Docteur Fontal
600	0602	Citrophos / Citrose-Vichy (Limonade)
601	0603	Citrosodine Longuet / Clangoryl « Labdia »
602	0604	Clearol / Clisémine Longuet
603	0605	Clonazone Daufresne
604	0606	Coagulène Ciba / Coaltar saponiné Le Beuf
605	0607	Coalt-Derma / Cobratoxine
606	0608	Cocaïne Midy / Codéphryl
607	0609	Codérax / Codobromyl
608	0610	Codocol / Codoforme
609	0611	Colarsénol / Colchi-Sal
610	0612	Cold Cream salicylé R. P. aux sels naturels de La Roche Posay / Coliflorine Carrion
611	0613	Colisel / Colitique
612	0614	Coli-Vaclydun. Lysats vaccins du Docteur Duchon
613	0615	Colizyl
614	0616	Collargophédrine / Colloïdine Laleuf
615	0617	Colloïdogénine du Docteur Bayle
616	0618	Colloïl Leisyn
617	0619	Collo-Iode Dubois
618	0620	Collunovar / Collutoire V. E. Doumer
619	0621	Collyres Chibret / Colpophile
620	0622	Coltène / Comitiol
621	0623	Composé Gmet / Compressif Beslier
622	0624	Comprimés d'Alibour
623	0625	Comprimés de Proto-Gambier
624	0626	Comprimés « Galac » / Comprimés Guillaumin
625	0627	Comprimés Kléos / Comprimés Nican
626	0628	Comprimés « Roche » de Thiocol / Comprimés Roy
627	0629	Comprimés sériques Clin / Comprimés vaginaux Leisyn
628	0630	Comprimés Vichy-État / Cones solubles antiseptiques Rendell
629	0631	Continol / Convalbaïne
630	0632	Coramine Ciba
pb	0633	
632	0634	Coréïne
633	0635	Coréïne
634	0636	Corizol / Cortiode
635	0637	Coryphédrine / Crataegol
636	0638	Crataegus Gmet
637	0639	Créagénol / Crédone Dehaussy
638	0640	Crème résolutive du Docteur Rap / Crémolax
639	0641	Créoformine / Créofruits
640	0642	Créosal Dubois / Créositoires
641	0643	Créosoforme Lambiotte Frères / Créo-Suppo-Camphre
642	0644	Crésenthyl
643	0645	Crésopirine des Professeurs G. Carrière et E. Gérard / Crésotanol
644	0646	Crinex
645	0647	Crinhémol
646	0648	Crinocardine Laleuf
647	0649	Crino-Menstryl / Crino-sérum
648	0650	Crino-Sthényl / Crisalbine
649	0651	Crussol
650	0652	Cryogénine Lumière
651	0653	Cryptargol Lumière / Crypthermol Dehaussy
652	0654	Crypthiol
653	0655	Cryptos / Cryptosote Néda
654	0656	Crysiodal / Cupremone « F »
655	0657	Cupremone simple / Cupressiode Favrot
656	0658	Cuprobalt / Cuprosténol « Métère »
657	0659	Curamida Chapellier / Curandra
658	0660	Curasme
659	0661	Curatine Brunet
660	0662	Curogène / Curoxyure
661	0663	Curozéma / Cuscutine Foulon
662	0664	Cyanhermine / Cynabiline
663	0665	Cynara (Artichaut). Edgard-Rosa / Cynarine (Artichaut). Edgard-Rosa
664	0666	Cynurol-Rosa / Cyproveinol
665	0667	Cytobiase
666	0668	Cyto-Choline / Cyto-Manganol Corbière
667	0669	Cytopan / Cytophédrine
668	0670	Cyto-sérum Corbière / Cyto-Sirop
669	0671	Debreynol
670	0672	Décholestrol
671	0673	Decorpa / Delbiase
672	0674	Delcaïne Roques / Demalgon
673	0675	Démorphène
674	0676	Denisoline
675	0677	Dépuriode du Docteur Roger Weber
676	0678	Dépurogène
677	0679	Dermacide Porcher
678	0680	Dermodulcis Lagoutte / Dermofagine
679	0681	Dermo-Plastol Dumesnil / Dermoradol
680	0682	Dermo-Rhinhistol
681	0683	Dermosplénine
682	0684	Dermo-Stalys du Docteur Wagon
683	0685	Désensibilysine. Traitement de l'asthme et de l'emphysème (méthode du Docteur Cantonnet) / Détensyl
684	0686	Dextrosol / Diabétalim
685	0687	Diabétifuge / Diabétosan
686	0688	Diadermine
687	0689	Diagnothorine / Dial Ciba
688	0690	Dialine / Dialyl
689	0691	Diasclérol du Docteur Guersant
690	0692	Diases
691	0693	Diastogène Dehaussy
692	0694	Diasto-Pepsine Richepin / Diatergol
693	0695	Diathès « Métère » / Diatonine
694	0696	Dicaliode
695	0697	Dicodéine Lafran / Didial Ciba
696	0698	Diéménal / Diénol
697	0699	Digalène « Roche » digitale injectable
698	0700	Digastrine / Digestif Harvey
699	0701	Digestonic
700	0702	Digibaïne
701	0703	Digicardine / Digifoline Ciba
702	0704	Digi-Lanatine / Digilanide « Sandoz »
703	0705	Digi-Mialbaine / Digistabiline
704	0706	Digitaline Invar / Digitaline Mialhe
705	0707	Digitaline Nativelle
706	0708	Di-Iodo-Tyrosine Byla / Diiodotyrosine « Roche »
707	0709	Dimétol Vicario (Synonyme : Lycétol)
708	0710	Dinitra Dyn
709	0711	Diocamphine / Dionine Borne
710	0712	Dionol (Sirop) / Dioradin
711	0713	Dioséine Prunier / Dipentyl
712	0714	Dismine Favrot
713	0715	Disonyl / Diurène
714	0716	Diuréphédrine / Diurétique Gmet
715	0717	Diurobromine / Diurocalcine gros. Diurocalcine iodurée
716	0718	Diurocardine / Diurocystine
717	0719	Dmelcos
718	0720	Doloma. Professeurs Dubard et Voisenet. Doloma injectable
719	0721	Dolysine / Donagol
720	0722	Do.Sa.No.Sal. Douce amère, Saponaire, Noyer, Salsepareille. Formule du Docteur Martin du Theil / Dosurine (Trousses)
721	0723	Dragécalcion. Dragécalcion granulé
722	0724	Dragées Bengué au menthol / Dragées Blagny
723	0725	Dragées du Docteur Gélineau / Dragées ferro-ergotées Mannet
724	0726	Dragées Hecquet / Dragées Lebrun toni-cardiaques
725	0727	Dragées Lumeval / Dragées névrosthéniques « Yse »
726	0728	Dragélines
727	0729	Drainochol
728	0730	Drosefruits / Dryam-Microlysat
729	0731	Dryco / Dulcrem
730	0732	Dynasthénine / Dynavone
731	0733	Dynosthène / Dyspeptine Hepp
732	0734	Dyspné-Inhal / Dysthène
733	0735	Eau Charrier Bonne Fontaine / Eczéda
734	0736	Eczosec Porcher / Edistol
735	0737	Edricamphre / Efryl
736	0738	Ektal / Ektogan-Bocquillon
737	0739	Ektophanol / Elastoplaste
738	0740	Élatine Bouin / Elbon Ciba
739	0741	Electrargol / Electrocuprol
740	0742	Electrosélénium / Elgine Julien
741	0743	Élipol / Elixir Bonjean
742	0744	Élixir Déret / Élixir Duchamp
743	0745	Élixir Ducro / Elixir du Docteur Mialhe
744	0746	Élixir Dussaud / Elixir eupeptique Tisy
745	0747	Élixir ferro-ergoté Mannet / Élixir Godfrin
746	0748	Élixir Grez / Élixir Hymel
747	0749	Elixir iodépuratif Pépin / Elixir Lyctine
748	0750	Élixir Rodi / Elixir Spark
749	0751	Elixir Spes du Docteur Guiraud / Elixir thiogaïacolé Arquevaux
750	0752	Elkin
751	0753	Embryol
752	0754	Emersons's Bromo-Seltzer
753	0755	Emgé Lumière
754	0756	Emplâtres Rogé-Cavaillès / Encytal Cordonnier
755	0757	Endocaïne / Endocaïne-Adrianine
756	0758	Endo-Ovarina / Endopancrine
757	0759	Endothymusine / Endoxidine
758	0760	Énergine iodée de Berck. Energine phosphorée de Berck / Énésol
759	0761	Eniode Lefebvre / « Sel de fruit » Eno « Fruit Salt »
760	0762	Entaseptine / Entéraspirine Sanova
761	0763	Enteriode / Entéro-Antigènes du Professeur Danysz
762	0764	Entérobyl Dehaussy
763	0765	Entérococcène Carrion / Entérofagos
764	0766	Entérohépatine
765	0767	Entéromucine
766	0768	Entéro-Pansement du Docteur Zizine
767	0769	Entérosalicyl / Entéroseptyl
768	0770	Entérovaccin Lumière / Entéro-Vaclydun. Lysat vaccin du Docteur Duchon
769	0771	Entéroxin / Enzypan
770	0772	Epanal / Éphédermine Béral
771	0773	Éphédraféine Béral / Éphédrampoules Béral
772	0774	Ephédrasmine / Éphédrine Béral (Grains d')
773	0775	Éphédrine Houdé
774	0776	Éphédrine naturelle Béral
775	0777	Éphédrisol Béral / Éphédrivaïne
776	0778	Ephédrocamphre
777	0779	Éphédrocure
778	0780	Éphédroïdes Béral
779	0781	Éphédrolénol
780	0782	Éphédrolyptol / Éphédromel Béral
781	0783	Éphédro-Rhinol à l'Ephédrine végétal lévogyre / Éphéiodine Béral
782	0784	Éphétropine Béral / Épholéine
783	0785	Ephydion / Epicral
784	0786	Équisétol
785	0787	Eranol
786	0788	Ercerhinol / Ergépatine
787	0789	Ergocoline / Ergorone
788	0790	Érythèma
789	0791	Erythra Dyn
790	0792	Esculéol / Essoforme
791	0793	Éther anesthésique Adrian / Ethyl-Pneumine « Lersam »
792	0794	Eucalyptine Lebrun
793	0795	Euchol Morellet
794	0796	Eudermine Lagoutte / Euglyma
795	0797	Eugynol Grandval / Eumictine
796	0798	Euneryl / Euonymine Paul Thibault
797	0799	Eupavéril Pachaut / Eupeptique Monavon
798	0800	Euphon / Euphoryl
799	0801	Euphoryl infantile
800	0802	Euphytose
801	0803	Euplastyl / Eupnine Vernade
802	0804	Eupnogénol / Eupnol (Poudre et pastilles)
803	0805	Euquinargol / Eurinase (Pilules)
804	0806	Euskine / Eusomnine Bélières
805	0807	Eutensyl Grémy / Evatmine Carrion
806	0808	Évine / Évolaxine
807	0809	Evonyl / Exentérol
808	0810	Exhepa / Exobol
809	0811	Extrait de malt français Déjardin / Extrait Hamyd
810	0812	Fa-ner-val. Facit-nervum-validum. Formule du Docteur Martin du Theil / Fango-Fisch et Compagnie
811	0813	Fantine Adoue / Farine Mont Blanc
812	0814	Farines de régime Bloch / Fébrosérum Kylna
813	0815	Feculyse Heudebert / Félamine « Sandoz »
814	0816	Felisedine / Fenucalcium
815	0817	Fénucine / Fenugrène
816	0818	Fenurobur
817	0819	Fer Bravais
818	0820	Fer intraveineux Fraisse / Fer Larcade
819	0821	Ferment pur de raisin du Professeur Jacquemin / Ferments lactiques Fabre
820	0822	Ferogyl / Fer-Ovarine Vitalis. Ferandrine Vitalis
821	0823	Feroxal / Ferrocodile et Ferricodile
822	0824	Ferrophytine Ciba / Ferroxyline
823	0825	Ferydal
824	0826	Fixase. Fixase irradiée
825	0827	Fixophos / Flavurol
826	0828	Flétase
827	0829	Flétobiol
828	0830	Florhépatine / Florisédyl
829	0831	Fludiose à l'iodure de manganèse
830	0832	Fluerase
831	0833	Fluobyl
832	0834	Fluodyle / Fluokol
833	0835	Fluosalyl Beaugourdon / Fluveinose Mauchant
834	0836	Fluvia / Fluxine (gouttes)
835	0837	Fokienyl / Foliavène
836	0838	Follestrine Grémy
837	0839	Follicormone buccale Hinglais
838	0840	Folliculine Choay / Folliculine Crinex
839	0841	Folliculine cristallisée du Docteur Roussel / Folli-Lobine du Docteur Fraysse
840	0842	Fondant de soufre Dausse / Fondant iodotannique
841	0843	Forcival / Foriod
842	0844	Formobenzyl
843	0845	Formocarbine
844	0846	Formocarbos / Formocholine
845	0847	Formule Jacquemaire N° 60 / Fornose
846	0848	Fortossan Ciba / Fortossan irradié Ciba
847	0849	Forxol
848	0850	Fosfomagnyl du Docteur Churchill
849	0851	Fosfoxyl Carron
850	0852	Fosyls Carron
851	0853	Francalcium
852	0854	Francoplaste / Freinix
853	0855	Freinospasmyl / Frénasma
854	0856	Frénovex / Frugeolines-Vichy
855	0857	Fucoglycine du Docteur Gressy / Fucosine
856	0858	Fucus Gmet / Fucusol
857	0859	Fumar du Docteur Fournier
858	0860	Gaduamine
859	0861	Gaduase
860	0862	Gaïacamphre
861	0863	Galabactéine / Galactogil
862	0864	Galform Lambiotte Frères / Gambéol
863	0865	Gamétoxyl / Ganderma
864	0866	Gardénal / Garéphédrine comprimés (Anciennement Gardéphédrine)
865	0867	Gargarisme du Mont-Dore du Docteur Salys / Gasmar Legendre
866	0868	Gastéose / Gastiase
867	0869	Gastrépatine / Gastrhéma. Méthode de Castle
868	0870	Gastricine du Docteur E. Duhourcau
869	0871	Gastrocalcine
870	0872	Gastrocaol
871	0873	Gastrocarbone / Gastroclean
872	0874	Gastronaldine
873	0875	Gastropansement du Docteur Zizine
874	0876	Gastropeptyl / Gastro-Sodine
875	0877	Gastrozymase / Gastruth
876	0878	Gatran
877	0879	Gaurol / Gaurol intraveineux
878	0880	Gélobarine / Gélogastrine Licardy
879	0881	Gélor / Gélotanin Choay
880	0882	Génacide / Génatropine. Polonovski et Nitzberg
881	0883	Génécarmine / Génésérine. Polonovski et Nitzberg
882	0884	Genhyoscyamine. Polonovski et Nitzberg / Génisténal
883	0885	Génomorphine. Polonovski et Nitzberg / Génoscopolamine. Polonovski et Nitzberg
884	0886	Genosthéniques / Génostrychnine. Polonovski et Nitzberg
885	0887	Géo-Baryum 20 / 20 / Géranine
886	0888	Germose
887	0889	Glandex Phoscalcique / Glandimbine Lafran
888	0890	Glandocalcyl / Gléfina
889	0891	Glésol / Globexine
890	0892	Globules Fumouze / Globules Romon
891	0893	Glottyl
892	0894	Les Gloxines
893	0895	Les Gloxines
894	0896	Glucolactol / Gluti-Santal
895	0897	Glycarsol / Glycérolive
896	0898	Glycérophosphate Dalloz / Glycérophosphate Robin
897	0899	Glycobyl / Glycocarpine
898	0900	Glyco-Lactimase
899	0901	Glyco-M.
900	0902	Glyco-Thymoline. Selon la formule de Kress et Owen C°
901	0903	Glyco-Thymoline. Selon la formule de Kress et Owen C°
902	0904	Glyctone phosphatée Charrière
903	0905	Glykolaïne Robin
904	0906	Gmet
905	0907	Gobillettes Hypnos
906	0908	Gomenol
907	0909	Gonacrine / Gonagone
908	0910	Gono-Vaclydun et Gonarthri Vaclydun. Lysats vaccins du Docteur Duchon / Gosiérine Dalloz
909	0911	Gossypiol Maurin / Goudroline
910	0912	Gouttes antiasthmatiques du Docteur Hallay / Gouttes antispasmodiques Adol
911	0913	Gouttes Blagny / Gouttes bronchophiles André
912	0914	Gouttes de Sérû / Gouttes Eryl
913	0915	Gouttes hypotensives Fraisse / Gouttes Leconte
914	0916	Gouttes Linober
915	0917	Gouttes livoniennes de Trouette-Perret / Gouttes Magalo
916	0918	Gouttes Malone / Gouttes Narkay
917	0919	Gouttes Nican
918	0920	Gouttes phosphosthéniques Dausse / Gouttes Valentin-Chaillot
919	0921	Grains céphalgifuges au jasmin de Virginie
920	0922	Grains de Vals
921	0923	Les Granions
922	0924	Granoxyl / Granulé Cabasson
923	0925	Granulé Edgès / Granulé Hormos
924	0926	Granules Chanteaud (Anciennement Granules dosimétriques) / Granules des Vosges
925	0927	Gravidostyl / Gravural
926	0928	Grippo-Vaclydun. Lysats-vaccins du Docteur L. Duchon / Guérysipèle pommade. Formule du Docteur Mangin-Bocquet
927	0929	Guéthural / Gui Gmet
928	0930	Guigoz (Lait en poudre) / Guimelinde
929	0931	Guipsine / Guitose
930	0932	Gynarsol / Gynéco-Vaclydun. Lysat vaccin du Docteur Duchon
931	0933	Gynéoline / Gynergène « Sandoz »
932	0934	Gynocalcion / Gynoestryl. Folliculine cristallisée du Docteur Roussel
933	0935	Gyno-Gouttes Iscovesco / Gynoïds
934	0936	Halibut / Halocalcion
935	0937	Hama-Citro / Hamaméline Roya
936	0938	Hamaméliode
937	0939	Hamamélis Gmet
938	0940	Hamamélis Grandval / Hectargyre
939	0941	Hectine / Hédusol
940	0942	Héganol / Hélénine de Korab
941	0943	Hémagène Tailleur / Hémagénine Giraud
942	0944	Hématoéthyroïdine Carrion / Hémato-Iodine
943	0945	Hémoantitoxine « Sofos » de l'Institut du Professeur E. Maragliano / Hémocalcine
944	0946	Hémocalciopectine / Hémo-Cyto-sérum Corbière
945	0947	Hémoductyl / Hémofluidol
946	0948	Hémogénol Dausse
947	0949	Hémoglobine Deschiens
948	0950	Hémoluol
949	0951	Hémopanbiline
950	0952	Hémopausine / Hémopectal
951	0953	Hémo-Phagosthyl / Hémoplase Lumière
952	0954	Hémoplasmine Van Lier / Hémorroïdine gouttes
953	0955	Hémorroïdine pommade / Hémorroïdine suppositoires
954	0956	Hémosamine (Utéramine)
955	0957	Hémostatique Coudert
956	0958	Hémostatique Goy / Hémostérine irradiée
957	0959	Hémostra « Roche »
958	0960	Hémostyl / Hémotal
959	0961	Hémovéine / Hémoviris
960	0962	Hémoviris / Hémypnal Ciba
961	0963	Hépacrine du Docteur Debat / Hépadrainase
962	0964	Hépaglycérol Carrion / Hépagyl
963	0965	Hépalomel Védé / Hépamult
964	0966	Hépanème Carrion / Hépa-Peptine
965	0967	Hépaphos / Héparéguline
966	0968	Heparfer
967	0969	Héparmone / Hépartichaut
968	0970	Hépasel / Hépastéryl irradié, granulé
969	0971	Hépathémo « Deschiens ». Méthode de Whipple, technique de Minot et Murphy / Hépatic Efa du Docteur Lecacheux
970	0972	Hépaticol / Hépatismine
971	0973	Hépatocarnine Lefrancq / Hépatocynol
972	0974	Hépatodiagnose / Hépatodiase
973	0975	Hépatoglobine / Hépatomagnésion
974	0976	Hépato-Manganol / Hépatosodine
975	0977	Hépato-Vésiculite du Docteur Phélix / Hépatozyl Caldo
976	0978	Hépatrol buvable
977	0979	Hépatrol injectable
978	0980	Hergénol / Hermophényl Lumière
979	0981	Hespéridausse / Héxorcène
980	0982	Hexotal / Hipposarcine Roy
981	0983	Hirudinase / Histogénol
982	0984	Holaseptine / Holos
983	0985	Holosplénine / Holovarine
984	0986	Hopogan-Bocquillon / Hormaline
985	0987	Hormantoxone
986	0988	Hormobiline / Hormocline
987	0989	Hormocrinol « F » et « M » / Hormodausse
988	0990	Hormoflavéïne / Hormovarine Byla
989	0991	Hormovitol / Huilaxine
990	0992	Huile camphrée manganésée « Métère » / Huile Crolas
991	0993	Huile de foie de morue / Véritable huile d'haarlem. G. de Koning Tilly
992	0994	Huile grise Ercé / Huile iodée Finikoff
993	0995	Huilorhine
994	0996	Humoro-Stabiline
995	0997	Hupnosal Adrian / Hydralin
996	0998	Hydrastine Houdé / Hydrastis Gmet
997	0999	Hydrate de magnésie Adrian
998	1000	Hydrorrhéol
999	1001	Hydroxydase / Hygiodine
1000	1002	Hymel / Hyol
1001	1003	Hyoscyamine Houdé / Hypalène
1002	1004	Hypersan / Hypocholate des Professeurs G. Carrière et E. Gerard
1003	1005	Hypophédrine / Hyposulfène
1004	1006	Hypotan. Ampoules injectables
1005	1007	Hypotenseur Vale / Hypotensol
1006	1008	Hypo-Thiorine
1007	1009	« I. A. M. » / Icorase
1008	1010	Idonil / Ifranol
1009	1011	Iloglandol « Roche »
1010	1012	Imido « Roche »
1011	1013	Iminasthme
1012	1014	Immunicorps Mary Laurent
1013	1015	Immuniderm Grémy
1014	1016	Immuniphages Grémy
pb	1017	
1016	1018	Immunizols
1017	1019	Immunizols
1018	1020	Immunovaccins du Docteur R. Lautier
1019	1021	Immunovaccins du Docteur R. Lautier / Inajuglane (Ex-Dépuratif Saint-Michel)
1020	1022	Indhaméline Lejeune pluriglandulaire / Indhaméline Lejeune simple
1021	1023	Indoberbérine / Infangyl Carlier
1022	1024	Inhalation-Gargarisme « Vocaldop » / Inhalation Lancosme
1023	1025	Inhalo Bol / Inhalol
1024	1026	Inhalo-Sel / Inhaloxyl
1025	1027	Innerclean / Inogyl
1026	1028	Inolaxine
1027	1029	Inolène. Spécialités Inolène
1028	1030	Inorénol / Inorhinyl
1029	1031	Inosepta
1030	1032	Inotyol. Poudre Inotyol / Inoxyl. Inoxyl-Vaccin
1031	1033	Institut Pasteur
1032	1034	Insulanol / Insuline
1033	1035	Insuline buccale Fornet
1034	1036	Insuline Byla / Insuline « Léo »
1035	1037	Insulyl
1036	1038	Intrait de Marron d'Inde Dausse. Intrait de Strophanthus / Intrait de Valériane Dausse
1037	1039	Intrait de Passiflore composé / Iodalose Galbrun
1038	1040	Iodamelis Logeais
1039	1041	Iodamol Michel / Iodarsenic Guiraud ou gouttes paidophiles du Docteur Guiraud
1040	1042	Iodasclérine / Iodaseptine Cortial
1041	1043	Iodassium / Iodaubépine
1042	1044	Iode colloïdal Roze / Iodéïne Montagu
1043	1045	Iode Tulasne
1044	1046	Iodex
1045	1047	Iodhéma / Iodinjectol Jammes
1046	1048	Iodo-Bismuthate de quinine Fraisse / Iodo-Bismuth Ercé
1047	1049	Iodocaïne / Iodocalcium
1048	1050	Iodogénol Pépin
1049	1051	Iodomaïsine
1050	1052	Iodométine / Iodone Robin
1051	1053	Iodonésyl / Iodonucléol
1052	1054	Iodopan (Gouttes) (Procédé Slivo) / Iodorganine Mercier
1053	1055	Iodotensyl Dubois / Iodo-Thyroïdine Catillon
1054	1056	Iodurase / Iodure d'amidon Lumière
1055	1057	Iodures Pachaut / Ioglott
1056	1058	Ionyl / Irénine Gonnon
1057	1059	Irrastérine / Isacène « Roche »
1058	1060	Isonal / Isotonyl Bouret
1059	1061	Ispaghul Trouette-Perret
1060	1062	Ixium
1061	1063	Jabosulfène / Jécobiase
1062	1064	Jecofluyl Hardy
1063	1065	Jécol
1064	1066	Jécopeptol / Jemalt Wander
1065	1067	Jouvamèlys / Jugland Gmet
1066	1068	Juglane / Juglanrégine André
pb	1069	
1068	1070	Juranol
1069	1071	Juranol
1070	1072	Kalmigraine / Kalmobrol
1071	1073	Kaneuron / Kaobrol
1072	1074	Kaolinase. Kaolinase belladonée
1073	1075	Kaviase
1074	1076	Kéfirogène Carrion-Lagnel / Kélédol et Suppo-Kélédol
1075	1077	Kénol
1076	1078	Képhédryl
1077	1079	Kidoline / Kinéchol
1078	1080	Kinectine / Kluchol Remeaud
1079	1081	Kodos / Kola Aubert, caféinée
1080	1082	Kola granulée Astier
1081	1083	Kola Monavon
1082	1084	Kolatinés
1083	1085	Koumyl
1084	1086	Kydalose / Kymosine Rogier
1085	1087	Lab-Lacto-Ferment-Mialhe / Labylax
1086	1088	Laccodermes / Lachésine
1087	1089	Lacpinine / Lac-Ser
1088	1090	Lactagol / Lactaris
1089	1091	Lactifère Carrion / Lactimase
1090	1092	Lactobacilline / Lactobyl
1091	1093	Lactocalcine / Lactochol
1092	1094	Lactolaxine Fydau / Lactoma. Lait de magnésie Beytout
1093	1095	Lactoprotéide Carrion / Lactoseptyl Legrand
1094	1096	Lactosérum Carrion-Lagnel
1095	1097	Lacto-sérum Lavril. Lactosmose / Gyno-Lactosmose
1096	1098	Lactosodine
1097	1099	Laitancyl (Ex. Clupeyl) / Lait Dardelet (Modifié)
1098	1100	Lait de magnésie Phillips
1099	1101	Lait en poudre Guigoz / Lait en poudre Guigoz (Dextrosé malté)
1100	1102	Lait Gallia - Ch. Gervais. Galliasec - Ch. Gervais / Carnet de santé Gallia
1101	1103	Lait Mont Blanc
1102	1104	Laits Carrion
1103	1105	Lanceryl / Lansoyl
1104	1106	Lantol / Laristine « Roche »
1105	1107	Larosan « Roche »
1106	1108	Laroscorbine « Roche » / Lasal
1107	1109	Laurénol médicinal / Laxamalt
1108	1110	Laxatifs Miraton Châtel-Guyon / Laxopeptine Girard
1109	1111	Lécithine Vacheron / Lénadryl
1110	1112	Lénientol / Lénifédrine
1111	1113	Léniforme / Léotamine
1112	1114	Leptab / Leucagine
1113	1115	Leucolyse / Levure B-17 de H. Boulard
1114	1116	Levure fraiche Mycéta / Levure Myceta (En comprimés)
1115	1117	Levure Zymaculine / Levurine extractive
1116	1118	Levuro-Maltine Déjardin / Lichénose Ducloy
1117	1119	Limol Churchill / Limonade Godfrin
1118	1120	Lin-Tarin / Lipaurol
1119	1121	Lipiodol Lafay / Lipo-Bismuth Ercé
1120	1122	Lipocérébrine Chevretin / Lipodéterpénol
1121	1123	Lipoïodine Ciba / Liposeptine
1122	1124	Liposplénine du Docteur Groc
1123	1125	Liposplénine du Docteur Groc
1124	1126	Lipovita (Granulé) / Liquidix
1125	1127	Listose Vicario / Lita
1126	1128	Lobéliane Laleuf / Lobéline Bruneau
1127	1129	Lobéline « Sandoz » / Lobuline
1128	1130	Lofodol / Logaphos
1129	1131	Loraga
1130	1132	Lotion blanche R. P. de La Roche Posay / Lubrokal
1131	1133	Lucodal
1132	1134	Ludin
1133	1135	Lugocalcion / Luostyl
1134	1136	Lusoforme / Lutéovar
1135	1137	Lyctogen / Lynévol
1136	1138	Lysacrème L. M. L. d'après les travaux des Docteurs Larget, Moreau et Lamare / Lysarthrol
1137	1139	Lysaxins L. M. L.
1138	1140	Lyso-Choc / Lyxanthine Astier
1139	1141	Magbromyl (Adultes) / Magécarine
1140	1142	Magiodyl / Magnécythine
1141	1143	Magnélax / Magnésium Hardy
1142	1144	Magnéso-Tubes Robinet
1143	1145	Magnésovules
1144	1146	Magnogène / Magol Churchill
1145	1147	Magsalyl Mg / Maigrylline
1146	1148	Maïzena / Malarsan
1147	1149	« Maltase Fanta » / Malt Barley
1148	1150	Maltea Moser cristallisée / Malt Ethel
1149	1151	Malt français Déjardin (Extrait de) / Maltosan
1150	1152	Malt Pailleté
1151	1153	Malt Wander ou Gloma
1152	1154	Mancobène / Mangaïne
1153	1155	Manganésia / Mangano-Phosphal
1154	1156	Mangratines / Marimine
1155	1157	Marinol / Marrubène
1156	1158	Marrubiase / Marrucol
1157	1159	Marubor / Maté Douglas
1158	1160	Mélange anesthésique A. C. E. Adrian / Mélange anesthésique de Schleich
1159	1161	Ménatol / Ménosédine
1160	1162	Mensuosedyl
1161	1163	Mésothine Rhemda / Mésothorium Buisson
1162	1164	Mésothorium Rhemda / Métacarbine
1163	1165	Métacitrine
1164	1166	Métacuprol
1165	1167	Métaformine
1166	1168	Méta-Titane / Métaux et métalloïdes vivants
1167	1169	Méta-Vaccin / La Métricine
1168	1170	Métritols
1169	1171	Mexyl / Mialbaïne
1170	1172	Micelliode
1171	1173	Micranyl Grémy / Microderme
1172	1174	Microlyse
1173	1175	Mictasol décongestif Pelvien
1174	1176	Mictophile Richer / Mictoséda
1175	1177	Mictoseptol / Mictualine
1176	1178	Milkase / Minergil
1177	1179	Minervol / Miroxyl
1178	1180	Mixiod / Molène
1179	1181	Moréthyl Dausse / Morisland
1180	1182	Morphéroïnn Leisyn / Morrhualène Gautier
1181	1183	Morrhuétine Jungken et Morrhuétine Jungken vitaminée / Morrhuol de Chapoteaut
1182	1184	Morrhuxine / Morsine
1183	1185	Morubiase / Morufine
1184	1186	Mothersill's seasick Remedy / Mucicarbos
1185	1187	Mucilaxine
1186	1188	Mucinum (Comprimés de)
1187	1189	Mucobismuthine / Mucobyl
1188	1190	Mucosodine
1189	1191	Mucyllium
1190	1192	Murones du Docteur Robert Jacques / Musculosine Byla
1191	1193	Muthanol / Muxagol
1192	1194	Mycidol Badel / Mycolysine du Docteur Doyen
1193	1195	Mygdal / Myochrysine
1194	1196	Myoden / Myoral
1195	1197	Myothermine / Myovarsyl
1196	1198	Naïodine-Logeais
1197	1199	Narcyl / Nasobore (Comprimés)
1198	1200	Nasopon / Natibaïne Nativelle
1199	1201	Natirose / Natrosyl
1200	1202	Nazinette / Néalgyl Bottu
1201	1203	Néoarsite / Néobiol
1202	1204	Néo-Calciline / Néo-Cardyl
1203	1205	Néo-Chloral-Nau
1204	1206	Néo-Collargol
1205	1207	Néocrinol
1206	1208	Néo-Dmègon / Néo-Dmètys
1207	1209	Néol
1208	1210	Néo-Laxatif Chapotot
1209	1211	Néolyse / Néo-Neurosine Prunier
1210	1212	Néopancarpine
1211	1213	Néo-Pansement interne du Docteur Wolf / Néophage
1212	1214	Néo-Physio. Physiosthénine / Néoplastex
1213	1215	Néopulmine / Néoral
1214	1216	Néorexine / Néo-Rhomnol
1215	1217	Néo-Riodine / Néo-Séti
1216	1218	Néosuline / Néo-Tannurgyl du Docteur Le Tanneur
1217	1219	Néothorium Millot
1218	1220	Néo-Trépol / Néotrope
1219	1221	Néotrophène / Néovaryl
1220	1222	Néphrylan du Docteur Lobry (Comprimés) / Neptal
1221	1223	Nergine Heudebert / Nervocithine (Hépatisée) du Docteur Tissot
1222	1224	Nésal
1223	1225	Nestogène / Nestosyl
1224	1226	Neuralgic Caron / Neurène
1225	1227	Neuréol / Neurinase
1226	1228	Neurit / Neurobore
1227	1229	Neurocalcium / Neuroflorine
1228	1230	Neuropol / Neurosine Prunier
1229	1231	Neurosol Debreyne / Neurotensyl
1230	1232	Neurotrophol Byla / Neurovarol
1231	1233	Neuséda
1232	1234	Neutracétyl
1233	1235	Névoral Rafey
1234	1236	Névralgol Brossard / Névrosan
1235	1237	Névrosthénine Freyssinge / Nigérine Vincent
1236	1238	Nisaméline de Trouette-Perret
1237	1239	Nitium / Nitroyl Leisyn comprimés
1238	1240	Nitroÿl Leisyn injectable
1239	1241	Noctisédyl / Nopirine Vicario
1240	1242	Normacol / Normatensol Bouret
1241	1243	Normogastryl / Nosol
1242	1244	Novacétine Prunier / Novargyre
1243	1245	Novarsénobenzol Billon / Novatropine
1244	1246	Novismuth / Novo-Brol
1245	1247	Novolactol Daguin / Novolug
1246	1248	Novurit
1247	1249	Nuciphos / Nucléarsitol Robin
1248	1250	Nucléasine / Nucléatol Robin
1249	1251	Nucléigène / Nucléocardyl
1250	1252	Nucléophorène / Nuclergol
1251	1253	Nujol. Crème de Nujol / Nuphos
1252	1254	Nutromalt
1253	1255	Ocréine Grémy / Octensanol
1254	1256	Odarsol / Oenophos
1255	1257	Oéréliode / Oestrobrol « Roche »
1256	1258	Okamine / Olbia
1257	1259	Olcalan / Olcanfral
1258	1260	Oléochrysine Lumière
1259	1261	Oléocidase. Acide oléique Paul Thibault / Oléoformine Corbière
1260	1262	Oléo-Mel / Oléophédrine Béral
1261	1263	Oléosodine. Oléate de soude Paul Thibault
1262	1264	Oléovules
1263	1265	Oléthyle-Benzyle
1264	1266	Oliphédrol / Oliricyl. Ex-Oliricin
1265	1267	Olisol. Olisol éphédriné / Olivéol
1266	1268	Onction Angelini
1267	1269	Onction Leisyn
1268	1270	Onctua / Onguent Fréval
1269	1271	Ophtalmiso 8 / Opobyl
1270	1272	Opocalcium du Docteur Guersant
1271	1273	Opocalcium irradié du Docteur Guersant
1272	1274	Opochol
1273	1275	Opodermyl
1274	1276	Opoferrine vitaminée
1275	1277	Oponuclyl irradié Trouette-Perret / Opophos granulé
1276	1278	Opo-Plasma / Opostyl Bouty
1277	1279	Opothérapie Bouty. Associations pluriglandulaires / Auxothéraphie Bouty
1278	1280	Opothérapie Byla
1279	1281	Opothérapie Byla
1280	1282	Opothérapie Carrion
1281	1283	Opothérapie Choay
1282	1284	Opothérapie du Docteur Fraysse
1283	1285	Opothérapie du Docteur Roussel
1284	1286	Opothérapie E. Vergelot
1285	1287	Opothérapie Fournier
1286	1288	Opothérapie Iscovesco
1287	1289	Opothérapie Moncour. Sphérulines synergiques / Néo-Sphérulines Moncour
1288	1290	Opothérapiques Péllissier
1289	1291	Opo-vacuoline et vacuoline-émulsion / Opozones Lumière
1290	1292	Optalidon « Sandoz » / Optiplaste
1291	1293	Optraex (Famel) / Opunsine
1292	1294	Orargol Amicros
1293	1295	Orcalcine / Orex
1294	1296	Orexyl / Organésium
1295	1297	Organi-calcion endocrinien polyvitamine / Organi-calcion simple
1296	1298	Ortho-Gastrine
1297	1299	Orthogénol
1298	1300	Orthophorine / Orthozomine. Anémies. Croissance. Convalescences
1299	1301	Osmoléine / Osmo-Peptine Sanova
1300	1302	Ostéogène / Ostéoglandulol
1301	1303	Otalgolex (Ex-Otalgol-spécifique des Otalgies) / Otoléine
1302	1304	Ouabaïne Arnaud
1303	1305	Ouabaïne Deglaude / Ouabaïne-Mialhe ou Mialbaine
1304	1306	Ouataplasme du Docteur Ed. Langlebert
1305	1307	Ovaire
1306	1308	Ovaire Iscovesco / Ovules au Nestosyl
1307	1309	Ovules Chaumel / Ovules Inséva
1308	1310	Ovules Intima / Ovules Rhemda radioactifs (Radiovules)
1309	1311	Ovules « Roche » / Ovules sédo-hémostatiques du Docteur Jouve
1310	1312	Oxydothyrine Pâris / Oxydovarine Pâris
1311	1313	Oxyfuge / Oxy-Injecteur du Docteur Fialip
1312	1314	Oxyléine / Oxymenthol Perraudin
1313	1315	Oxyol Leisyn / Oxythyol du Docteur P. Bourggraff
1314	1316	Ozobiase / Ozobiase opothérapique
1315	1317	Ozol / Ozolase
1316	1318	Ozothine
1317	1319	Padéryl
1318	1320	Pain Redeuil
1319	1321	Pains spéciaux Heudebert
1320	1322	Pampryl. Jus de raisin naturel
1321	1323	Panbiline
1322	1324	Pancalcion
1323	1325	Pancarbo / Pancréastase Defresne granulée
1324	1326	Pancréatokinase Carrion / Pancréatose Idon
1325	1327	Pancrébile / Pancrépar
1326	1328	Pancrépatine Laleuf / Pancrinol
1327	1329	Pandrénaline Julien
1328	1330	Panfébrine
1329	1331	Panfito
1330	1332	Pangaduine
1331	1333	Pangastrol / Pangermine
1332	1334	Pangestyl Narty / Panglandine
1333	1335	Paniode / Panlabyl
1334	1336	Panlysine / Panostyl
1335	1337	Pansolanée / Panstomase
1336	1338	Pantavoine Corbière
1337	1339	Pantocamphre
1338	1340	Pantopon « Roche »
1339	1341	Panvita
1340	1342	Panxylon Logeais
1341	1343	Papaïne de Trouette-Perret. Sirop de papaïne de Trouette-Perret
1342	1344	Papaveryl
1343	1345	Paquets Alcals
1344	1346	Paquets Védé. Antigastralgiques du Docteur de Montmorot
1345	1347	Paradoline
1346	1348	Parathyrocalcine / Paratyrone
1347	1349	Parlax
1348	1350	Parolagar
1349	1351	Paroxyl / Parulcine
1350	1352	Parvula
1351	1353	Passicarbone
1352	1354	Passiflorine
1353	1355	Pasta Palm / Pastilles M. B. C.
1354	1356	Pate à l'eau R. P. de La Roche Posay / Pate gingivale à l'acétylarsan
1355	1357	Pate Mireille / Pate pectorale Robin
1356	1358	Patholysine / Pavérinol Laleuf
1357	1359	Pavéron Dausse / Pavonol
1358	1360	Paxène / Pectine Oberlin
1359	1361	Pelletiérine Tanret / Pelviformine
1360	1362	Pelvinal (Suppositoires) / Penghawar des Iles
1361	1363	Penghawar Vicario / Pennès (Produits). Sel de J.-A. Pennès
1362	1364	Pépiodon Henry / Pepsobyl
1363	1365	Peptalmine / Peptalmine magnésiée
1364	1366	Peptargyl
1365	1367	Peptodiase
1366	1368	Peptogil / Pepto kola Robin
1367	1369	Pepto-magnésie Vassal / Peptomaltone Dejardin
1368	1370	Peptonal / Peptonate de fer Robin
1369	1371	Peptone Vassal / Peptosthénine Choay
1370	1372	Percaïne Ciba. Percaïnal Ciba
1371	1373	Percalcine / Per-extraits Carrion
1372	1374	Per-Hépatique Carrion / Péricols du Docteur Legros
1373	1375	Péristaltine Ciba / Perles taphosote Lambiotte Frères
1374	1376	Permyase / Per-Ovarien Carrion
1375	1377	Perparine
1376	1378	Perquinol
1377	1379	Persodine Lumière / Per-surrénalien Carrion
1378	1380	Per-thymique Carrion / Perubore (Comprimés)
1379	1381	Pervosine
1380	1382	Phagolysine
1381	1383	Phagosthyl / Phagosthyl Mangané
1382	1384	Phaguryl / Pharyngaseptyl
1383	1385	Pharyngoléine / Philoderme Yldra
1384	1386	Philogastrine / Phlébos
1385	1387	Phlébosine Carrion / Phlébotonine
1386	1388	Phloxiode / Phosbiose
1387	1389	Phoscamine / Phosoforme
1388	1390	Phosol / Phosote Lambiotte Frères
1389	1391	Phosphan Caducia
1390	1392	Phospharsol / Phosphate de chaux du Docteur Pinard. Phosphate de chaux irradié du Docteur Pinard
1391	1393	Phosphate vital de Jacquemaire / Phosphatine Falières
1392	1394	Phosphobrom / La Phosphocalcase. Véritable poudre récalcifiante du Docteur Paul Ferrier
1393	1395	Phospho-Fluor Beynet / Phosphogaïacol Mary
1394	1396	Phospholéose Demasles / Phosphomagnésium
1395	1397	Phosphonine Soulié / Phosphopinal Juin
1396	1398	Phostyl Py / Phylactone Byla
1397	1399	Phylla Dyn
1398	1400	Phymo-Stéryl Leisyn
1399	1401	Physioscyamine / Physiosthénine. Néo-Physio
1400	1402	Physocrisine / Phytine Ciba
1401	1403	Phytogénol granulé / Phytogyl
1402	1404	Phytolax / Phyto-Lécithine
1403	1405	Phytomensyl / Phytosplénol Plé
1404	1406	Phyto-Vitamines Plé / Picricol
1405	1407	Gouttes Pilka (Pilka Golaz ou Thymipin) / Pilules du Docteur Debouzy
1406	1408	Pilules du Docteur Moustier
1407	1409	Pilules du Docteur Sejournet / Pilules héléniennes Naud
1408	1410	Pilules Myosotis / Pilules V. E. Doumer
1409	1411	Pipérazine Midy / Pipérazyl
1410	1412	Pituilobine Byla
1411	1413	Plasma de Quinton
1412	1414	Plasma de Quinton
1413	1415	Plasmarine / Plasmocalcium
1414	1416	Plasmosthène / Plexamine
1415	1417	Plombyl / Pluribiase
1416	1418	Plurion
1417	1419	Pneumogéine Renard
1418	1420	Pneumogénol / Pneumo-Lipase
1419	1421	Pneumostyl Daguin / Poliol Churchill
1420	1422	Polybromure Gonnon / Polycalcion
1421	1423	Polyferments Laleuf / Polyiodure Gonnon
1422	1424	Polyna / Polypeptine du Docteur Roger Weber
1423	1425	Polypeptonal / Polyvaline du Docteur Bayle
1424	1426	Pommade Aiphème
1425	1427	Pommade au Nestosyl / Pommade Bebia
1426	1428	Pommade-Crème Ludin
1427	1429	Pommade du Docteur Wolf / Pommade du Foyer
1428	1430	Pommade Fornet à l'insuline Fornet
1429	1431	Pommade Inséva / Pommade Lenoir à la Cinnamoléine
1430	1432	Pommade Logeais / Pommade Midy
1431	1433	Pommade Noelline / Pommade Raimoa
1432	1434	Pommades Kléos / Pommades ophtalmiques Chibret
1433	1435	Ponine / Porodermal
1434	1436	Post-Hypophyse Choay / Potion Adol
1435	1437	Poudre Cassarini / Poudre Chaumel
1436	1438	Poudre Danica / Poudre du Docteur Souligoux
1437	1439	Poudre Escouflaire / Poudre et pommade d'insuline Phyloze
1438	1440	Poudre « Mass » plastique / Poudre Noelline
1439	1441	Poudre Paterson / Poudre Rocher laxative
1440	1442	Poudre Satine / Praequine (Plasmochine)
1441	1443	Pragmoline / Précibiase (Anciennement Précikase)
1442	1444	Prévalidine / Prévarsyl
1443	1445	Préventyl / Prézymase
1444	1446	Primulyse
pb	1447	
1446	1448	Probios
1447	1449	Probios
1448	1450	Procuta / Produits Maïas. Méthode du Professeur Fabre
1449	1451	Prodynase / Progaster (procédé Hély)
1450	1452	Progone
1451	1453	Prométhine / Propidex
1452	1454	Propidon / Prostalyse
1453	1455	Prostaphile Leisyn / Prostatols Beauxis Lagrave
1454	1456	Prosthénase Galbrun / Prostigmine « Roche »
1455	1457	Protensène Lejeune
1456	1458	Protéodyne. Professeurs Dubard et Voisenet
1457	1459	Protiodyne Dragées / Proveinase Midy
1458	1460	Proxytol / Prunagar
1459	1461	Prurilyse / Psoréon
1460	1462	Psoryl / Psothanol
1461	1463	Psyllium Langlebert / Pulmodion
1462	1464	Pulmodynol / Pulmofluide
1463	1465	Pulmogrog / Pulmonaire Docteur Paul Bourgogne
1464	1466	Pulmoseptine / Pulmosérum
1465	1467	Pulmositoires / Pulmo-Thiorine
1466	1468	Pulmoverne
1467	1469	Pulsamone
1468	1470	Pulvéol / Pulvita
1469	1471	Purargol / Puréthyl
1470	1472	Purganol Daguin / Purgos
1471	1473	Pyo-Amphogel Ronchèse / Pyoformine
1472	1474	Pyo-Vaclydun. Lysats vaccins du Docteur Duchon. Pyo-Vaclydun pansements
pb	1475	
1474	1476	Pyrallium
1475	1477	Pyrallium
1476	1478	Pyrélaine Collas
1477	1479	Pyréthane
1478	1480	Pyri-Pyridium / Pyrocurol
1479	1481	Pyroléol Edet / Pyurol
1480	1482	Quassia-Kina Rabot / Quassine Houdé
1481	1483	Quergémol / Quina Baron
1482	1484	Quina Bourcet
1483	1485	Quinacrine (Atébrine)
1484	1486	Quina pepsiné Blot
1485	1487	Quinarsol antianémique / Quinarsol fébrifuge
1486	1488	Quinby et Quinby soluble. Quinio-Bismuth, formule Aubry
1487	1489	Quinéine / Quinicardine
1488	1490	Quinino-Phytine Ciba / Quiniopraequine
1489	1491	Quinio-Stovarsol / Quinium Roy
1490	1492	Quiniforme Lacroix / Quinoïdine Duriez
1491	1493	Quinquina Gmet / Quinsal
1492	1494	Quinthéryl / Quintozone
1493	1495	Quinuryl
1494	1496	Radiogastrol / Radiomagnésium
1495	1497	Radio-Mordant Leisyn
1496	1498	Radio Salil / Radiotétrane Gérard
1497	1499	Le Raisin quotidien / Rangol
1498	1500	Réalphène / Recal (Comprimés)
1499	1501	Reconstituant Mary / Recrésal
1500	1502	Rectagine / Rectoline
1501	1503	Rectopanbiline
1502	1504	Recto pansement Amibiasine / Rectosol (Suppositoires)
1503	1505	Rénovol / Résocaïne
1504	1506	Résyl Ciba / Réthragine
1505	1507	Rétropituine Carrion
1506	1508	Révulsif Adrian
1507	1509	Révulsif Fisch et Compagnie (Anciennement Procipha)
1508	1510	Révulsif liquide Boudin
1509	1511	Révulsif Milko / Rhagadine Bracquemond
1510	1512	Rhéantine Lumière / Rhésalgine Vicario (Anciennement « Rhésal »)
1511	1513	Rheumasan (Baume) / Rhinadorine
1512	1514	Rhinadrargol / Rhinadrol
1513	1515	Rhinaquintine Lescène / Rhinaspir
1514	1516	Rhino-Antipiol / Rhino-Borostyrol
1515	1517	Rhinodrops Béral
1516	1518	Rhinofluine
1517	1519	Rhinogénol
1518	1520	Rhino-Glottyl
1519	1521	Rhinol / Rhino-Liposeptine
1520	1522	Rhinopharynxoil / Rhino-spécifique Favrot
1521	1523	Rhino-Vaclydun. Lysats vaccins du Docteur Duchon / Rhizotanin Chapotot
1522	1524	Rhocya Dyn
1523	1525	Rhodarsan / Rhodazil
1524	1526	Rhodiacarbine. Ex-pâte Spécia granulée antidysentérique / Rhoféine
1525	1527	Rhomnol
1526	1528	Ricilax
1527	1529	Riodine
1528	1530	Rob Oberlin. Rob Cabanès
1529	1531	Roche Posay (La) / Rogerma
1530	1532	Romarantyl Trouette-Perret
1531	1533	Romarène
1532	1534	Rosalyl / Rosaseptor
1533	1535	Rubiazol / Rubyl
1534	1536	Rutonal / Rythmos Leisyn
1535	1537	Rythmosystol
1536	1538	Saint-Aré
1537	1539	Salantale
1538	1540	Salène Ciba. Salénal Ciba / Salicylate de soude Clin
1539	1541	Salicylate suractivé Ana / Salitropine
1540	1542	Salsanos / Sal-Sodyl
1541	1543	Salubrine Phénix / Salvacid
1542	1544	Salvatyl / Salvé
1543	1545	Salvebyl
1544	1546	Salvenase Legoux
1545	1547	Salychlore Lavire
1546	1548	Salyfrêne
1547	1549	Salyptol Narty / Salysérum
1548	1550	Sambul / Sanaféine
1549	1551	Sanas
1550	1552	Sandoptal / Sanédrine
1551	1553	Sanguil
1552	1554	Sanluol
1553	1555	Sanocrysine de Mollgaard. Oléo-Sanocrysine
1554	1556	Sanoformine / Sanogyl. Sanoram
1555	1557	Sanoquinol Ciba / Santal Midy
1556	1558	Santal Monal / Santhéose
1557	1559	Sapolan / Sarcoptol
1558	1560	Saridon / Saturalgine
1559	1561	Saubarsinol / Saucholine
1560	1562	Savons A°. Mollard / Scillarène « Sandoz »
1561	1563	Scillitrine / Sclérosérol
1562	1564	Sclérosérum / Scurocaïne
1563	1565	Sécacornine « Roche » / Sédacrine gouttes
1564	1566	Sédaortine / Sédarthryl
1565	1567	Sédasthmine / Sédergine
1566	1568	Sedlitz Chanteaud
1567	1569	Sédobrol « Roche »
1568	1570	Sédofolline
1569	1571	Sédogastrine
1570	1572	Sédo-Hypotenseur Dausse / Sédol
pb	1573	
1572	1574	Sédoneurol Dehaussy
1573	1575	Sédoneurol Dehaussy
1574	1576	Sédopathyl / Sédopavérine
1575	1577	Sédorhinol
1576	1578	Sédormid « Roche »
1577	1579	Sédosalyl
1578	1580	Sédosine
1579	1581	Sédosol / Sédotonine Gros
1580	1582	Sédotyol / Seignet'Fruits
1581	1583	Selamon / Sel de Hunt
1582	1584	Sel d'Ewald / Sel digestif Bé Me Cé
1583	1585	Séléniol
1584	1586	Sel hépatique U.N. Arquevaux
1585	1587	Selor
1586	1588	Sels de Lithine effervescents / Sels Intar
1587	1589	Sels-Mags
1588	1590	Selunic
1589	1591	Sénéçol / Séotral Leisyn
1590	1592	Séphydine
1591	1593	Septicémine Cortial
1592	1594	Sérénol / Séricrine-Rey
1593	1595	Serifer / Sérobiol
1594	1596	Sérocarbone
1595	1597	Serodausse antitoxisenyl. Sérodausse ovarien / Sérodausse infantile
1596	1598	Séroma Rey
1597	1599	Sérosthényl Bouty / Sérum anti-asthmatique de Heckel
1598	1600	Sérum antityphoïdique du Professeur Rodet / Sérum de Jousset
1599	1601	Sérum neuropsychique / Sérum névrosthénique Fraisse
1600	1602	Sérum Oliviéro / Sérum polyvalent de Leclainche et Vallée
1601	1603	Sérums Clin
1602	1604	Sérums polyvalents
1603	1605	Sérum-végétal du Docteur Cuguillère
1604	1606	Séti / Sféol
1605	1607	Sidéranyl
1606	1608	Silguine
1607	1609	Silicyl
1608	1610	Siliplastine du Docteur Debat / Silisode
1609	1611	Sinahin / Le Sinaplasme
1610	1612	Sinapol / Sinaseptic
1611	1613	Sinusyl / Sirop au solucamphre Delalande
1612	1614	Sirop Cassibor / Sirop de créosote Vacheron
1613	1615	Sirop de Gaïarsol / Sirop de glycérophosphates Vacheron
1614	1616	Sirop de la maternité / Sirop de Lovel
1615	1617	Sirop du Docteur Gélineau / Sirop Famel
1616	1618	Sirop Géraudel / Sirop Girard
1617	1619	Sirop Gribell / Sirops Henry Mure
1618	1620	Sirop laxatif Gobey / Sirop Lecoeur
1619	1621	Sirop minéral sulfureux Crosnier / Sirop Mireille
1620	1622	Sirop Morlas / Sirop Noguès
1621	1623	Sirop pectoral du Docteur Pyot / Sirop pectoral Gobey
1622	1624	Sirop Robin (Formule du Docteur Bousquet) / Sirop « Roche » au Thiocol
1623	1625	Sirop sédatif Gobey / Sirop Teyssèdre
1624	1626	Sirop Tinardon / Sirop Vacheron au gaïacol de synthèse
1625	1627	Sirop Viano
1626	1628	Sistomensine Ciba / Soderséïne
1627	1629	Sodésyl / Sodisalyne
1628	1630	Sodogastrol Lagoutte
1629	1631	Sodolactine
1630	1632	Sodothiol
1631	1633	Soja « Soyolk » / Solarsyl
1632	1634	Sol-Bi Fraisse / Solhermol « Métère »
1633	1635	Solmuth
1634	1636	Solucamphre Delalande / Solucamphre spartéiné
1635	1637	Solucamphre
1636	1638	Soluprotine « Roche » / Solurol
1637	1639	Solution du Docteur J. Jacobson / Solution huileuse au Nestosyl
1638	1640	Solution Normet chirurgicale / Solution Normet médicale
1639	1641	Solution Normet sclérolytique / Solution Pautauberge
1640	1642	Solution Quinquina Bardet
1641	1643	Solution Tisch / Solvant Ana
1642	1644	Solvosclérose / Solvuric
1643	1645	Somnicones
1644	1646	Somnifène « Roche »
1645	1647	Somnothyril
1646	1648	Sonagar. Sonamel
1647	1649	Sonène / Sonéryl
1648	1650	Soporalose / Soporigène
1649	1651	Soutensa
1650	1652	Spartéine Houdé
1651	1653	Sparto-Camphre / Spartophédrine Béral
1652	1654	Spartoval / Spasmacol
1653	1655	Spasmalgine « Roche »
1654	1656	Spasmalone
1655	1657	Spasmine Jolly
1656	1658	Spasmonal Gros / Spasmoneural
1657	1659	Spasmoryl
1658	1660	Spasmosédine
1659	1661	Spasneurol
1660	1662	Spécifique Bejean
1661	1663	Spectrol / Spicanol
1662	1664	Spirochtan / Spirogyl
1663	1665	Splénarmone / Splénique (Extrait) du Docteur Bayle
1664	1666	Splénocrisines / Splénomanganol
1665	1667	Splényl / Spyrolides
1666	1668	Stal-Kosal / Stalysine
1667	1669	Stanion
1668	1670	Stannobardane Henry
1669	1671	Stannoxyl / Staphylagone
1670	1672	Staphylase du Docteur Doyen / Staphylocide Audras
1671	1673	Staphylo-Coccine Fraquet / Staphylothanol
1672	1674	Staphylo-Vaclydun. Lysats vaccins du Docteur Duchon. Strepto-Vaclydun
1673	1675	Staprolysat
1674	1676	Stavaver (Ancienne dénomination Stovafer) / Stéramine
1675	1677	Stérobi / Stérogyl
1676	1678	Sthénoléine
1677	1679	Sthénoxal / Stillargol
1678	1680	Stomarol / Stomobrol
1679	1681	Stomoxygène / Stopral
1680	1682	Stovarsol
1681	1683	Stovédrine
1682	1684	Stovoléine / Stragol Merlet
1683	1685	Streptoderme / Strictoforme
1684	1686	Strophantine Catillon. Strophantus Catillon
1685	1687	Stry-Cal / Strychnal Longuet
1686	1688	Strychnarsitol Robin / Strychnotonine
1687	1689	Stupho / Sucre Edulcor dit le Sucre des Diabétiques
1688	1690	Sufrolax / Sulfan
1689	1691	Sulfarsénol / Sulfarsiode
1690	1692	Sulfate de quinine de Pelletier, Delondre et Levaillant ou des Trois Cachets / Sulfex
1691	1693	Sulfhydral Chanteaud / Sulfobiol
1692	1694	Sulfo-Bore
1693	1695	Sulfobyl
1694	1696	Sulfocrème Liless / Sulfodermol Flahaut
1695	1697	Sulfoïdol Robin / Sulfolax
1696	1698	Sulfosine « Léo » / Sulfo-Thiorine
1697	1699	Sulfoxyl / Sulfur concentré Dax
1698	1700	Sulfureux Pouillet
1699	1701	Sulfurion
1700	1702	Sulfuryl Monal
1701	1703	Sulf-Y / Sulphium
1702	1704	Sulsod / Sunalcol (Teinture de Sunoxol)
1703	1705	Sunoxol / Suppargyres du Docteur Faucher
1704	1706	Suppoalgos Lagoutte / Suppo-Gynals
1705	1707	Supponéryl / Suppopirine
1706	1708	Suppoquinol / Suppo-Sédol
1707	1709	Suppositoires Almine Louveau / Suppositoires au Nestosyl
1708	1710	Suppositoires Cabanès
1709	1711	Suppositoires Chaumel / Suppositoires Corbière
1710	1712	Suppositoires Hymel / Suppositoires Logeais
1711	1713	Suppositoires Midy / Suppositoires Pachaut
1712	1714	Suppositoires Pepet. Constipation. Hémorroïdes / Suppositoires Pyrax
1713	1715	Suppositoires Rocav / Suppositoires Sféat
1714	1716	Sur-Bi-Cal. Formule du Docteur Martin du Theil / Surcaïne Leisyn
1715	1717	Surparine
1716	1718	Surrasthénine / Suryali
1717	1719	Sylcase Silicium, Calcium. Formule du Docteur Cretin / Sympathocrine
1718	1720	Symphathoriane
1719	1721	Sympathyl
1720	1722	Syncrines Choay
1721	1723	Syntropan « Roche »
1722	1724	Syphonéol
1723	1725	Tablettes Hova (ou Hovalettes) / Tablettes Perroud
1724	1726	Tablettes sédatives Robin (Formule du Docteur Bousquet) / Tablettes Zeva
1725	1727	Taburol Monal
1726	1728	Tachygastrine Ducloy
1727	1729	Taenifuge Bardet
1728	1730	Taenifuge Castel
1729	1731	Taenifuge du Docteur Jacquème
1730	1732	Taenifuge Erce / Taenifuge français du Docteur E. Duhourcau
1731	1733	Taenifuge Kirn / Talyc
1732	1734	Tamarine / Tampol « Roche »
1733	1735	Tanno-Calcine / Tannurgyl du Docteur Le Tanneur
1734	1736	Tapo
1735	1737	Tartrate borico-potassique Pachaut / Tartroborol
1736	1738	Taxol / Tébéphaguine Fornet
1737	1739	Técarine / Teinture de Cocheux
1738	1740	Tensédine / Tensol
1739	1741	Tensoryl / Terbinthiol Thomas
1740	1742	Tercodal / Térébenthine colloïdale Battistini
1741	1743	Térébentozone et ses dérivés
1742	1744	Térébhine
1743	1745	Terkal Monal
1744	1746	Térozone
1745	1747	Terpine Gonnon / Terpine granulée Baron
1746	1748	Terpoxyl interne du Docteur Barinque. Terpoxyl externe du Docteur Barinque / Ovules au Terpoxyl du Docteur Barinque
1747	1749	Tétranitrol Roussel / Thaolaxine
1748	1750	Thébaïl / Le Thé d'oranger. Joseph Nègre
1749	1751	Théinol / Théïsine Dubat
1750	1752	Themsaline / Théobromine Invar
1751	1753	Théobromose Dumesnil
1752	1754	Théobryl « Roche »
1753	1755	Théocalciode / Théocardine Laleuf
1754	1756	Théocrinol / Théosalvose
1755	1757	Théovérine Laleuf / Théoxanthine
1756	1758	Thérmocédone / Thigénol « Roche »
1757	1759	Thi-Lip / Thiocitran Thévenot
1758	1760	Thiocol « Roche »
1759	1761	Thionaphte / Thiophyl
1760	1762	Thiorine / Thiosédal (Ex-Thiosédol)
1761	1763	Thiosote Lambiotte Frères / Thio-Terpine Dalin
1762	1764	Thorix (Thorium X Rhemda)
1763	1765	Thyméphédrine / Thyrénine Grémy
1764	1766	Thyrocréine Grémy
1765	1767	Thyroxine « Roche »
1766	1768	Tiodine Cognet / Tisane de Maraisa
1767	1769	Tisane hépatique Dausse / Tisane hépatique Lahaye
1768	1770	Tochlorine
1769	1771	Tonicardine Gonnon
1770	1772	Tonikéine Chevretin / Tonimalt Mont Blanc
1771	1773	Tonique Favrot / Tonique Gonnon
1772	1774	Tonique Néda
1773	1775	Tonique « Roche »
1774	1776	Toniveinine / Tonudol
1775	1777	Tophol
1776	1778	Total-Tonic
1777	1779	Tot'Hamélis
1778	1780	Tot'Héma Hématopoïetique total
1779	1781	Touranol / Touranyl
1780	1782	Trachédrine (Ancien Myroxyl gouttes)
1781	1783	Traitement ambulatoire du Praticien
1782	1784	Traphéine
1783	1785	Tréparsol
1784	1786	Tréphonyl / Trépol
1785	1787	Tricalcine
1786	1788	Tricarbone Lefranc / Tridigestine Dalloz
1787	1789	Triglandine / Trilués
1788	1790	Trinitrine caféinée Dubois / Trinitrine-Papavérine Laleuf
1789	1791	Trinitrine Roussel / Trinitrine Vicario
1790	1792	Trinivérine / Triradol
1791	1793	Trisalyl. Baume Trisalyl
1792	1794	Triseptine / Trynol
1793	1795	Tubérol
1794	1796	Tubes Blache. Tubes Chauvin
1795	1797	Tubes Dulcis pommades aseptiques
1796	1798	Tubes du Docteur Guiraud
1797	1799	Tubes ophtalmologiques Ferlux / Tubes Strana
1798	1800	Tulle gras Lumière / Tulle rose Beslier
1799	1801	Tuxyl
1800	1802	Uclarsyl / Ulcéobalnéine
1801	1803	Ulcéoplaque - Ulcéobande / Ulcéosine
1802	1804	Ulcéosol-pommade. Ulcéosol-poudre
1803	1805	Ulcérine Berger
1804	1806	Ulcérophile Nosan
1805	1807	Ulmacétyl / Ultraformine B. et S.
1806	1808	Ultra-Levure. Levure ultra-haute (37°) de H. Boulard / Ultravitamine 4
1807	1809	Uralysol / Uraseptine Rogier
1808	1810	Urazine / Ur-Clar
1809	1811	Uréol Chanteaud / Uriage (Ampoules injectables d'eau d')
1810	1812	Uribiline / Uricémine
1811	1813	Uriclarine / Urifluine
1812	1814	Urisanine / Urobuccol Malmanche
1813	1815	Urocédrol / Urocholine
1814	1816	Uroclase
1815	1817	Uroflux / Uroformine Gobey
1816	1818	Uroïodine
1817	1819	Urol / Urométhyl
1818	1820	Urométine Lambiotte Frères / Uromil
1819	1821	Urophényl / Urophile
1820	1822	Uroquinol
1821	1823	Urosalyl. Urosalyl Méthylé
1822	1824	Urosan Dufayard / Uro-Tisan
1823	1825	Urticide dragées / Urticide Infantile
1824	1826	Utéro-streptine / Utersan
1825	1827	Uvargol
1826	1828	Uvé / Uvéoline
1827	1829	Uvéphorine
1828	1830	Uvéstérol
1829	1831	Vaccin anti-asthmatique du Professeur Minet. Vaccin anti-pneumonique du Professeur Minet / Vaccin anti-grippal du Professeur Minet
1830	1832	Vaccin de Weill et Dufourt
1831	1833	Vaccinothérapie atoxique Cépède
1832	1834	Vaccins atoxiques stabilisés / Vaccins bactériens I.O.D (Procédés Ranque et Senez)
1833	1835	Vaccins (Bruschettini)
1834	1836	Vaccins Carrion
1835	1837	Vaccins Clin
1836	1838	Vaccins Demonchy
1837	1839	« Vaccins Inava »
1838	1840	Vaccins Ivago. Procédé de Goldenberg
1839	1841	Vaccins-Ronchèse. Ampho-Vaccins
1840	1842	Vaccins-Ronchèse. Ampho-Vaccins
1841	1843	Vaccins-Ronchèse. Ampho-Vaccins
1842	1844	Vaccins-Ronchèse. Ampho-Vaccins
1843	1845	Vaccins « Sténé »
1844	1846	Vaccins « Virultra » vaccins-injectables
1845	1847	Vaclydun. Lysats vaccins du Docteur Louis Duchon. Vaclyderm / Vagisanyl Leisyn
1846	1848	Vagoriane / Vagosédyl
1847	1849	Vagostabyl Monin / Vagotonine
1848	1850	Valbornine Rogier / Valbrol
1849	1851	Valedyl / Valénal Novalis
1850	1852	Valérianate Grignon à odeur dissimulée
1851	1853	Valérianate Pierlot
1852	1854	Valériane Byla / Valériane Gmet
1853	1855	Valériane Pachaut / Valérinodor Malmanche
1854	1856	Valérium Paul Thibault / Valéronal
1855	1857	Val'Ovarine Farma / Valovosan
1856	1858	Valthène / Vamétol
1857	1859	Vanadarsine Guillaumin
1858	1860	Vanoxyle Millet
1859	1861	Van-Sol / Vanucléol Lacroix
1860	1862	Vaposulphium / Varilaxine
1861	1863	Variphile / Varisclérine
1862	1864	Vascurol / Vasolaxine
1863	1865	Vaso-Neurine / Vasonitryl
1864	1866	Vaso-Rhinol / Vaso-Rhinol adrénaliné
1865	1867	V. A. V. technique du Docteur Vaudremer
1866	1868	Véganine
1867	1869	Végélact « Soyolk » / Végélax
1868	1870	Végéphos / Végumine
1869	1871	Véguva / Veinalgol
1870	1872	Veinicura / Veinogène
1871	1873	Veinoposine / Veinosérum
1872	1874	Veinosine
1873	1875	Veinotrope
1874	1876	Vellédol Adrian / Bande de crêpe Velpeau
1875	1877	Véralgine / Vériane Buriat
1876	1878	Vermifuge Cornet / Vermirène Audibert
1877	1879	Vernis à la Diachusine / Véronidia
1878	1880	Verrulyse
1879	1881	Verticurine / Vertox
1880	1882	Véryl / Vésicatoire rose Beslier au cantharidate de soude
1881	1883	Viabylis / Viceliase. Formule dragéifiée du Docteur Mangin-Bocquet
1882	1884	Vichy-Purgatif / Vigofruits
1883	1885	Vin anti-diabétique Talon / Vin Bravais
1884	1886	Vince / Vin de Baudon
1885	1887	Vin de Bugeaud / Vin de Carnéose
1886	1888	Vin de Chassaing à la pepsine et à la diastase
pb	1889	
1888	1890	Vin de Vial et sirop du Vin de Vial
1889	1891	Vin de Vial et sirop du Vin de Vial / Vin Girard
1890	1892	Vin « Lux Gaillac » Mousseux / Vin Raimoa Tonic
1891	1893	Vioforme Ciba / Viophan
1892	1894	Viosten / Vioxyl
1893	1895	Virmonal « Piam » / Visco-sérum
1894	1896	Viscoveine / Viscum Zyma
1895	1897	Vitacalcine « Moncour » / Vitacholine
1896	1898	Vitacrine / Vitacurol Savare
1897	1899	Vitadiase / Vitadone
1898	1900	Vitaglyc / Vitamine C Byla
1899	1901	Vitamine D Cortial / Vitamine E Byla
1900	1902	Vitaminol / Vitamorrhuine
1901	1903	Vitamyl
1902	1904	Vitargyl
1903	1905	Vitascorbol / Vitène
1904	1906	Vivacure
1905	1907	Vivoléol
1906	1908	Vocaldop
1907	1909	Voxinhal
1908	1910	Vulcapil / Vulcase
1909	1911	Vulnérine du Docteur Bergen / Xanthocol
1910	1912	La Yaourtine
1911	1913	Yo-Androl. Yo-Gynine
1912	1914	Yohimbine Vicario / Yohourthogène Carrion-Lagnel
1913	1915	Yptor
1914	1916	Yseult (Gouttes)
1915	1917	Zomine du Professeur Ch. Richet / Zoocytine
1916	1918	Zymatine Lescène. Zymatine irradiée
1917	1919	Zymogastrine Kervan
pb	1920	
sn	1921	3e Partie. Nomenclature nominale des spécialités pharmaceutiques médicales avec les adresses de leurs fabricants
pb	1922	
1921	1923	A
1922	1924	A
1923	1925	A
1924	1926	A
1925	1927	A
1926	1928	A
1927	1929	A
1928	1930	A
1929	1931	A
1930	1932	A
1931	1933	A
1932	1934	A
1933	1935	A / B
1934	1936	B
1935	1937	B
1936	1938	B
1937	1939	B
1938	1940	B
1939	1941	B
1940	1942	B
1941	1943	B
1942	1944	B
1943	1945	B / C
1944	1946	C
1945	1947	C
1946	1948	C
1947	1949	C
1948	1950	C
1949	1951	C
1950	1952	C
1951	1953	C
1952	1954	C
1953	1955	C
1954	1956	C
1955	1957	C
1956	1958	C
1957	1959	C
1958	1960	C
1959	1961	C
1960	1962	C / D
1961	1963	D
1962	1964	D
1963	1965	D
1964	1966	D
1965	1967	D
1966	1968	D
1967	1969	E
1968	1970	E
1969	1971	E
1970	1972	E
1971	1973	E
1972	1974	E
1973	1975	E
1974	1976	E
1975	1977	F
1976	1978	F
1977	1979	F
1978	1980	F
1979	1981	F
1980	1982	F / G
1981	1983	G
1982	1984	G
1983	1985	G
1984	1986	G
1985	1987	G
1986	1988	G
1987	1989	G
1988	1990	G
1989	1991	G
1990	1992	G / H
1991	1993	H
1992	1994	H
1993	1995	H
1994	1996	H
1995	1997	H
1996	1998	H
1997	1999	H / I
1998	2000	I
1999	2001	I
2000	2002	I
2001	2003	I
2002	2004	I / J
2003	2005	J / K
2004	2006	K
2005	2007	K / L
2006	2008	L
2007	2009	L
2008	2010	L
2009	2011	L
2010	2012	L
2011	2013	L / M
2012	2014	M
2013	2015	M
2014	2016	M
2015	2017	M
2016	2018	M
2017	2019	M
2018	2020	N
2019	2021	N
2020	2022	N
2021	2023	N
2022	2024	N
2023	2025	N
2024	2026	N / O
2025	2027	O
2026	2028	O
2027	2029	O
2028	2030	O
2029	2031	O
2030	2032	O / P
2031	2033	P
2032	2034	P
2033	2035	P
2034	2036	P
2035	2037	P
2036	2038	P
2037	2039	P
2038	2040	P
2039	2041	P
2040	2042	P
2041	2043	P
2042	2044	P
2043	2045	P
2044	2046	P
2045	2047	P
2046	2048	P
2047	2049	P
2048	2050	P
2049	2051	Q
2050	2052	Q / R
2051	2053	R
2052	2054	R
2053	2055	R
2054	2056	R / S
2055	2057	S
2056	2058	S
2057	2059	S
2058	2060	S
2059	2061	S
2060	2062	S
2061	2063	S
2062	2064	S
2063	2065	S
2064	2066	S
2065	2067	S
2066	2068	S
2067	2069	S
2068	2070	S
2069	2071	S
2070	2072	S
2071	2073	S
2072	2074	S
2073	2075	S / T
2074	2076	T
2075	2077	T
2076	2078	T
2077	2079	T
2078	2080	T
2079	2081	T
2080	2082	T
2081	2083	T / U
2082	2084	U
2083	2085	U / V
2084	2086	V
2085	2087	V
2086	2088	V
2087	2089	V
2088	2090	V
2089	2091	V
2090	2092	V / W / X
2091	2093	Y / Z
2092	2094	Z
sn	2095	4e Partie. Nomenclature de spécialités pharmaceutiques classées par laboratoires
pb	2096	
2095	2097	Abadie Tanzi / Abarnou / Abatilles / Actino-Biologie / Adam / Adler / Adol (M. Giroud) / Adrian et Compagnie / Aéïne / Aérocid / Aethone / N. Aguettant / Aiguë d'Or / Pierre Alexandre / Alexime / Algane / Alpha
2096	2098	Amibiasine / Amicros / Amido / H. Ammann / Ampho-Vaccins (Ronchèse) / Ana / Androvar / Angelini / Angiolymphe / Aniodol / Antigénines / Antigonol / Antiphlogistine / Antiseptiques chlorés / Aphosal / Appetyl / Applications pharmacodynamiques
2097	2099	Docteur Ardely / Société générale d'application thérapeutique « Théraplix » / Argyrophédrine / Armanite / Armoril / L. Arquevaux / Arviset / Aseptor / P. Astier / Docteur E. Aubert / Aubriot / Aubry / Marcel Audibert / Audras / Augier / A.V.E.
2098	2100	Badel / G. Baetz / Bailly et Compagnie / Docteur Baissade / Bardet / Barthélemy / Basuyaux / Baude / P. Baude / B. C. L. / B. E. A. / Beaufour / Beaugourdon / Beaulieu / Beauxis-Lagrave / Bebia
2099	2101	Spécifique Bejean / Bellair / L. Belières / MM. Benderitter et Compagnie / Docteur Bengué / Bensimon / Béral / Berger / Bergevin / Bernard Garcin / G. Bernhard / G. Berthon / Beytout / La Bière des Nurses / Biochimie médicale (Ch. Desgrez) / Biolabo / Biologie médicale et de dermothérapie / Biologique de l'Île de France / Biomarine
2100	2102	Bionéol / Biopausine / Biothérapie / Bismucarbone / J. Blanchard / Blanchot / Bloch / Idon Bloch / Blouin / H. Boissel / Boize et Alliot / Bomel / Bonetti / Bordelais / Borne / Bornet / Bottu / E.-Bouchara / Boudin / Bouillet
2101	2103	Boules Quiès / G. Boulet / E. Boulle / Bourillot / Bouteille / Boutroux / Boutroy / Bouty / Bouvelot / Bouvot / Boyer / Bracquemond et Compagnie / Ch. Brésil / J. Bressier / Brichard et fils / Pierre Brisson
2102	2104	Bromo-Garnal / Bruel / Bruneau et Compagnie / A. Brunot / Brunschwik / Buriat / Byla / Bissyl / Spécialités Cabasson / Caducia / Caillaud / Calmel-Domergue / Calmosuppos / Camuset / Canol
2103	2105	Cantin / M.-J. Capin / Carbou / Caresmel / Carlier / La Carnine Lefrancq / Biologiques Carrion / Carrion-Lagnel / Carron / Carteret / R. Cassedanne / Castanol / Castel / Catillon / Docteur R. Cavaillès / Laboratoire Central
2104	2106	Laboratoire Central de la Bastille / Laboratoire Central de Paris / R. Cerbelaud / Cesbron / Yves Chabrol / Chaix / Chalas / P. Chambon / Chanteaud / Chantereau (Produits Innothéra) / M. Chapellier / Chapès / Chapotot / Charbons Fraudin / Mines de Charrier / Chartier / Chassaing Le Coq et Compagnie / Pierre Château / Chatelut / Chaumel
2105	2107	Alfred Chauvin / L. Chauvin / Chavialle / Chenu / Chevillon / Chevretin-Lematte / Chiarini / Chibret / « Chimie appliquée de Nanterre » / Chimio-Opothérapie / La Chloralgine / Choay / Christiaens, Docteur René Marq, Sr (Laboratoire de la pharmacie de la place-royale) / Churchill / Ciba
2106	2108	Cimatryl / C.I.P. / Claverie / Clin / Cluzel / La Cobratoxine / Cognet (Armingeat et Compagnie) / A. Coirier / Colas / Colizyl / Collas et Boudault / Colonial / Columeau / Comte / Condou et Lefort / C. Cons / Coquelu
2107	2109	Corbière / Cornaud et Brossard / Cortial / Cospha / Couderc / Coudert / R. Coudert / G. Coussinet / Couturieux / La Créoformine / Creuzé / Crinex-Uvé / Crosnier / Crouy / Docteur Cuguillière
2108	2110	Curatine Brunet / La Cynabiline / Daguin / Dalayeun / C. Dalin / Dalin (R. Boitias et Compagnie) / Dalloz et Compagnie / Daney / Daniel Brunet / Danjou / Dannec'h (MM. Brun et Martineau) / M. J. Dardelet / Darrasse / Darrasse / Daupez
2109	2111	Dausse / David et Fils / Docteur Debat / Produits Debreyne / Dechâtre / Décholestrol, M. et P. Ledent / Déchosal / Deffarge / Defresne / Deglaude / Dehaussy / Déjardin / Delalande et Compagnie / Docteur L. Delalbre
2110	2112	Delaprée / Delfour / Delimar / Delta / Demasles / Demoulin / F. Denard / Denis / Denisot / Docteur Densmore / Deodax / Depruneaux / Dermofagine (L. Sagot) / Deschiens / Descouraux et fils / Detry / Dexo / Diasclérol / Digastrine
2111	2113	Donagol / Dor (M. Dorantowicz) / Dorantowicz / P. Dordin / La Dosurine / J. Doucet / Douetteau frères / Dreyer-Dufer / Drouet et Plet / Société française du Dryco / Docteur Dubat / Dubois / Duc / Ducatte / Ducloy et Compagnie / Ducoq / Dufayard / Henri Dufour / Docteur E. Duhourcau
2112	2114	Dulcis, Docteur Ferry / Dumesnil / Dumesny / M.-L. Durand / Docteur Durand / Duret et Rémy / E. Duriez / A. Duteil / Eaux minérales de Decize / Echard-Gillier / Echeman / Electro-Chimique de Nice
2113	2115	Elixir Dussaud / Elocine / Embryol / Endopancrine / Entériode / Enteroseptyl / Eon / Éparvier / Eranol / Ergépatine / Ergocoline / Erla (M. Latour) / Erythéma / Escoubet / Escouflaire / Estachy / Etiévant (M. Brun) / Laboratoire général d'études biologiques / Evine / Société française d'extension bio-chimique
2114	2116	Fabiou / Fabre / Fabre / Fagard / Fagex / Falvy / P. Famel / Fanta / La Fantine Adoue / Spécialités Farma / Faure / Faure et Dussuel / Faure et Lagente / F. Faye / Feignoux / Félix / Fercocq / G. Fermé / Lafaye
2115	2117	Docteur Ferré / Docteur Ferry / E. Ferré / Docteur Fialip / Fides (M. Vouzellaud) / Fisch et Compagnie / Flahaut / Fleury / La Fluxine et des spécialités pharmaceutiques Jacquemaire / Paul Fontanier / Forcival / Fortin / Fosset / Fouard
2116	2118	H. Foucher / Fouchère / Foulon et Compagnie / Fournie / A. Fournier et Compagnie / Fournier frères / Fourton / Fraisse Père et Fils / Docteur Fraysse / Frénasma / Freyssinge / Fructines Vichy / Fumar, M. Grellier / Fumouze et Compagnie
2117	2119	Gaillard (L. E. V. A.) / Gaizard / Galbrun / Docteur Galimard / R. Gallier / Gallina / Gallo / Gambéol (J. Gautier) / Gamby-Wisse / Clément Gardiol / Gastrhema / Gastrocarbone / Gauchon / Gavin / Genevet / Génévrier / Géo Gignoux S. A. / Gerda / Ch. Gervais / Gilbert / A. Girard
2118	2120	Givaudan / Glefina, Scott et fils / Gloxines / Glyco M / Gmet / P. Godfrin / Jammes de Golbery / Gomenol / Gonnon / Gouin / Goy / Gramage / Grandval, Quirin succ
2119	2121	Compagnie R. de Grauwe / Grémy / Grias / Grignon / Grorichard / Gros / Grysa / André Guerbet et Compagnie / Guéret / P. Guérin / F. Guilbert / André Guillaumin / Guillaumin et Gérard / La Guimelinde / Halleana, G. Vienne / Paul Hardy
2120	2122	Hautdider / Henry / Hépatic Efa / Hépatomagnésion / Heudebert / Hinglais / Hinglais / Hocquette / F. Hoffmann, La Roche et Compagnie / Hormos / Houdé / J. Huerre et Compagnie
2121	2123	Compagnie de L'Hydroxydase / Hygiène et thérapeutique appliquées / Hypnos / Immunos / Inava / Innerva / Biologie appliquée (C. Cépède) / Jacquemin / Pasteur / L'Iodarsenic Guiraud / Iscovesco / Ivago / Jacquemaire / Jammes
2122	2124	Jauffret / Jécol / Jicem / Jolly / Docteur Jouve / Juin / Julien / Juranol / Kalmobrol / Kaobrol / La Kaviase / L. Kerfyser / Kervan / Képhédryl / Kraus / Krieger / Kuhlmann
2123	2125	Applications biologiques (Labiola) / Laboradium / Lacombe et Compagnie / Lacor / Lacroix / La Lactothérapie / Lafarge / Laffort / Lafran / Lait (Compagnie général du) / Laitancyl (M. Panier) / Lait Guigoz / Lagoutte / Docteur Lalaurie / Laleuf / Lambert / Lambert
2124	2126	Lambiotte frères / Lancosme / Landrin et Compagnie / Lang et Compagnie / J. Laroze / Laryngologique / F. Latour / Docteur Laurent-Gérard / Lauriat / Ch.-Lavergne / Lavire / Docteur Lavoué / Lavril / Labeault, Besins et Compagnie / Le Blond / Leboime / Lebrun
2125	2127	T. Leclerc / Leconte / Lecoq et Ferrand / Lees / Legendre et Compagnie / Legoux frères / Legrand / Leisyn / Lejeune / Lemasson / Lematte et Boinot / Léonardon / Le Perdriel
2126	2128	Le Perdriel / Docteur Leprince / Lersam / Lescène / G. Lesourd / Lesure / Docteur Le Tanneur / Lettry / Leurquin / L.E.V.A. / La Levure Mycéta / Licardy / Lices / Lipides / La Liposeptine / Lobica
2127	2129	Lobry / Emile Logeais / Jacques Logeais / Marcel Logeais / Longuet / Lormeau / Lorrain de produits synthétiques purs / J. Lorthioir / A. Louveau / Lucinia / Lumière (Produits chimiques spéciaux « Brevets Lumière ») / Lutsia / Lyons
2128	2130	Madyl / Magsalyl / Mahieu / Mainguy, M. Bassin / Malmanche / Malone (M. Vincent) / Mannet / Marceau (Docteurs A. Grigaut et A. Boutroux) / Marchand et Leroy / Marin de Pontaillac / Marinier / Mariotte / Martin / Martin / pharmaceutique Martin / Docteur Martinet / Martinie / Marubor
2129	2131	R.-L. Mathivat / Masson / Mauchant / Mayaud / Mayoly Spindler / Médécine expérimentale / Mercier / Mercier / Merlet / J. Messis / Métacuprol / Métadier / Métère / La Métricine / Meunier / Meunier / Mexyl / Docteur Mialhe
2130	2132	Michelon / Michels / Microbiologie / La Microlyse / Mictasol / Midy / E. Millet / Millet et Guillaumin / Millot / Miluc (M. Ragoucy) / Géo Miquel / Monal / Moncour / Monin
2131	2133	Montagu / P. Morand / Moreau / Morellet / Moser et Compagnie / Mothersill Remedy Company / Moulin / Mouneyrat / Mouré / Mousnier-Delerme / Docteur Moustier / Muxagol / Myoral / P. Nadaud / Docteur Narodetzki / Nasopon et du Paniode / Nativelle
2132	2134	Nau / Néocrinol / Noéplastex (Thuasne et Compagnie) / La Néorexine, E. Chauvin / Nésal / Nestlé / Neurotensyl / H. Noé / Noelline / H. Nogues / Nollet / Normogastryl / Notre-Dame-des-Champs / Novalis / Oberlin / O.C.P. / Odilia
2133	2135	Odinot / L'Oliphédrol / J. Olive / Produits Ollivier / Oliviéro / Ophidios / L'Opocalcium (A. Ranson) / Laboratoire Moderne d'opothérapie et biologie médicale / Orcalcine / Orrillard / L'Ozol / Ozothine / Pachaut / Palc (Carteret) / Paméla / Pampryl
2134	2136	La Pangermine / Paret / A. Paris / Parolagar / Produits Paterson (G. et M. Armingeat) / Pathologie générale / Pautauberge / Pellissier / La Pelviformine / Pépin et Leboucq / Perichon / H. Perignon / Peroxydes médicinaux / Perquinol / Perrier / Perrin / Perrin et Bruno / Perroud / E. Petit / La Phagolysine
2135	2137	Pharmacie anglaise des Champs-Elysées / Biologique / Pharmacie centrale de Belgique / Pharmacie centrale de France / Pharmacie moderne / Pharmacodynamie E. Poinsier / Pharmacologie générale (Docteur Ph. Chapelle) / Pharmacologie Médicale / Philippe / Philbert
2136	2138	La Phosphocalcase / Phygiène / Physiologie du Puits-d'Angle / Phytothérapie de Paris / Pialoux / Pichon / Docteur Pillet / Docteur Pinard / Plagnol / Planche / Docteur Plantier / Plasmocalcium / J. Plé / Pointet et Girard / Pompanon / Porcher / Porcin / Praticien / Probios / Prochimal / Biologiques J. M. / Produits Dermiques R. P.
2137	2139	Produits du maïs / Progil / Le progrès scientifique / L. Prothière / Georges Prunier et Compagnie / Pulmodynol / Purgos / Py / Docteur Quesneville / Quina Blot / Quina Bourcet / Quinet / Quinsal (F. Bolla) / Raby et Compagnie / Radiumthérapie / Raimbaldi
2138	2140	Raimoa / Ranque et Senez / D. Raquet / Reaubourg / Reboul / Redeuil / Regagnon et Compagnie / Remeaud / Renard / Renard et Compagnie / Renaud / Renault / Dépôt général Rendell / Renovol / Ch. Requis / Revel / Rey / Reygagne / Rhemda / Rhinophta
2139	2141	Ricardou et Compagnie / Richer / Richomme / Ringeade / Rissa / Rive / H. Rivier / R.L.D. / J. Robert (J. Boudier, succ.) / Robert / Robert et Carrière / Robin / Robinet / Roche
2140	2142	Rochereau / Rogé Cavaillès / Henry Rogier / Albert Rolland / F. A. Rolland / Pierre Rolland / Romon / Roques / Rosa / Rousseau / Roussel / Docteur Roussel / Docteur Roussel / R. Roussel / Routier / M.-A. Roux (M. A. R.) / Roux
2141	2143	A. Roy / Roy / Biol. Appl. G. Roze / G. Ruin / Sabatier / Saint-Michel / Salantale / Salavert / A. Salles / Salmon / Salvandra / Salyfrêne / Sambul / Produits Sandoz / Produits Sanova / La Santhéose
2142	2144	Sarcoptol / Sarein / Sassé / Sauba / Sauze / Roger Savoire / Henri Schéhadé / Schmit / Scientia (Docteur E. Perraudin) / Seclo / Sédarthryl / Seguin / Séguin / Séphyda / Serindat / J.-M. Serre / Servier / Sevenet / Sévigné
2143	2145	Sféat / Sica / Sidépal / Silbert et Ripert / Guy Simon / Société française de produits pharmaceutiques (Anc. Adrian et Compagnie) / Protectas / Sodésyl / Soudan / Spasmoneural / « Spécia » (Société parisienne d'expansion chimique)
2144	2146	Spes Guiraud / Stelvia / Sténé / H. Stouls / Substantia / Substantia S. A. / Sulfo-Thiorine / Docteur Talon / La Tamarine / P. Tavernier / Teyssèdre / Thaïdelmo / Thé d'oranger (J. Nègre) / A. Thépénier / thérapeutique / thérapeutique expérimentale médico-pharmaceutique
2145	2147	Thérapeutique Moderne / thérapeutique O.R.L. / Thévenot / Thiers / Thiriet et Compagnie / Thirode / L. Thomas / Thoral / G. Tinard / Docteur G. Tissot / Tophol / Toraude / Trouette-Perret / L'Ulmacetyl et du Spicanol / Unis-Spes
2146	2148	Les Eaux d'Uriage / L'Urocholine / L'Uroclase / L'Uroflux / L'Uroïodine / Uromil (L. Belières) / L'Urticide / Blosset / Usines chimiques des Laboratoires français / Ethel / L'Uvéoline (M. Ambard) / Vaillant / Valentin Aage Moller / La Valthène (A. Valat) / La VaL'Ovarine / Valtry / Van Lier / La Varilaxine
2147	2149	Védé / F. Vellay / Fabrique vendéenne de produits pharmaceutiques / Venot / Ch. Vergelot / Opothérapique E. Vergelot / Docteur Vermersch / Verne / H. Vial / Vicario / F. Vigier et Compagnie / Vincent / Labo-Vita / Viophan / Virultra / Visconti / Voxinhal
2148	2150	Produits Wander / Wander / Warin / Weber / A. Welcker et Compagnie / Yaourtine (L.-J. Mounier) / Yvrard / Docteur Zizine / Produits Zyma
sn	2151	[Contreplat]
sn	2152	[Plat]
