page	refimg	numauto	chapitre
[sans numérotation]	0001	4815170	[Page de faux-titre]
2	0002	4815171	Naevus maternus [G. Breschet] / Naissance
[sans numérotation]	0003	4815172	[Page de titre]
[page blanche]	0004	4815173	
1	0005	4815174	Naevus maternus [G. Breschet]
2	0006	4815175	Naevus maternus [G. Breschet] / Naissance
3	0007	4815176	Naissance / Nancéate / Nancéique (acide) / Napel [A. Richard] / Naphte [A. Richard]
4	0008	4815177	Naphte [A. Richard] / Narcisse [A. Richard]
5	0009	4815178	Narcisse [A. Richard]
6	0010	4815179	Narcisse [A. Richard] / Narcotine [J. Pelletier]
7	0011	4815180	Narcotine [J. Pelletier] / Narcotique [Guersent]
8	0012	4815181	Narcotique [Guersent]
9	0013	4815182	Narcotique [Guersent] / Narcotisme / Nards [A. Richard]
10	0014	4815183	Nards [A. Richard]
11	0015	4815184	Nards [A. Richard] / Narine [Marjolin] / Nasal, ale
12	0016	4815185	Nasal, ale
13	0017	4815186	Nasal, ale
14	0018	4815187	Nasal, ale / Naso-palatin [Marjolin]
15	0019	4815188	Naso-palatin [Marjolin] / Natation / Nates [Marjolin] / Natrum ou Natron [Orfila] / Nature [Chomel]
16	0020	4815189	Nature [Chomel]
17	0021	4815190	Nature [Chomel]
18	0022	4815191	Nature [Chomel]
19	0023	4815192	Nature [Chomel] / Naturel / Naturisme [Coutanceau]
20	0024	4815193	Naturisme [Coutanceau]
21	0025	4815194	Naturisme [Coutanceau] / Nauséabond, Nauséeux / Nausée / Navet [A. Richard]
22	0026	4815195	Navet [A. Richard] / Naviculaire [Marjolin] / Nécrose [Jules Cloquet]
23	0027	4815196	Nécrose [Jules Cloquet]
24	0028	4815197	Nécrose [Jules Cloquet]
25	0029	4815198	Nécrose [Jules Cloquet]
26	0030	4815199	Nécrose [Jules Cloquet]
27	0031	4815200	Nécrose [Jules Cloquet]
28	0032	4815201	Nécrose [Jules Cloquet]
29	0033	4815202	Nécrose [Jules Cloquet]
30	0034	4815203	Nécrose [Jules Cloquet]
31	0035	4815204	Nécrose [Jules Cloquet]
32	0036	4815205	Nécrose [Jules Cloquet]
33	0037	4815206	Nécrose [Jules Cloquet]
34	0038	4815207	Nécrose [Jules Cloquet]
35	0039	4815208	Nécrose [Jules Cloquet]
36	0040	4815209	Nécrose [Jules Cloquet]
37	0041	4815210	Nécrose [Jules Cloquet] / Nèfle [A. Richard]
38	0042	4815211	Nèfle [A. Richard] / Nénuphar [A. Richard]
39	0043	4815212	Nénuphar [A. Richard]
40	0044	4815213	Nénuphar [A. Richard] / Népenthes [A. Richard]
41	0045	4815214	Népenthes [A. Richard] / Néphélion [Jules Cloquet]
42	0046	4815215	Néphélion [Jules Cloquet] / Néphralgie
43	0047	4815216	Néphralgie / Néphrétique / Néphrite [G. Ferrus]
44	0048	4815217	Néphrite [G. Ferrus]
45	0049	4815218	Néphrite [G. Ferrus]
46	0050	4815219	Néphrite [G. Ferrus]
47	0051	4815220	Néphrite [G. Ferrus]
48	0052	4815221	Néphrite [G. Ferrus]
49	0053	4815222	Néphrite [G. Ferrus]
50	0054	4815223	Néphrite [G. Ferrus]
51	0055	4815224	Néphrite [G. Ferrus]
52	0056	4815225	Néphrite [G. Ferrus] / Néphrotomie [Murat]
53	0057	4815226	Néphrotomie [Murat]
54	0058	4815227	Néphrotomie [Murat]
55	0059	4815228	Néphrotomie [Murat]
56	0060	4815229	Néphrotomie [Murat]
57	0061	4815230	Néphrotomie [Murat] / Nerf [C. P. Ollivier]
58	0062	4815231	Nerf [C. P. Ollivier]
59	0063	4815232	Nerf [C. P. Ollivier]
60	0064	4815233	Nerf [C. P. Ollivier]
61	0065	4815234	Nerf [C. P. Ollivier]
62	0066	4815235	Nerf [C. P. Ollivier]
63	0067	4815236	Nerf [C. P. Ollivier]
64	0068	4815237	Nerf [C. P. Ollivier]
65	0069	4815238	Nerf [C. P. Ollivier]
66	0070	4815239	Nerf [C. P. Ollivier]
67	0071	4815240	Nerf [C. P. Ollivier]
68	0072	4815241	Nerf [C. P. Ollivier]
69	0073	4815242	Nerf [C. P. Ollivier] / Nérion [A. Richard] / Nerprun [A. Richard] / Nerveux, euse [C. P. Ollivier]
70	0074	4815243	Nerveux, euse [C. P. Ollivier]
71	0075	4815244	Nerveux, euse [C. P. Ollivier]
72	0076	4815245	Nerveux, euse [C. P. Ollivier]
73	0077	4815246	Nerveux, euse [C. P. Ollivier]
74	0078	4815247	Nerveux, euse [C. P. Ollivier]
75	0079	4815248	Nerveux, euse [C. P. Ollivier]
76	0080	4815249	Nerveux, euse [C. P. Ollivier]
77	0081	4815250	Nerveux, euse [C. P. Ollivier]
78	0082	4815251	Nerveux, euse [C. P. Ollivier]
79	0083	4815252	Nerveux, euse [C. P. Ollivier]
80	0084	4815253	Nerveux, euse [C. P. Ollivier]
81	0085	4815254	Nerveux, euse [C. P. Ollivier]
82	0086	4815255	Nerveux, euse [C. P. Ollivier]
83	0087	4815256	Nerveux, euse [C. P. Ollivier]
84	0088	4815257	Nerveux, euse [C. P. Ollivier]
85	0089	4815258	Nerveux, euse [C. P. Ollivier] / Nervin / Névralgie [C. P. Ollivier]
86	0090	4815259	Névralgie [C. P. Ollivier]
87	0091	4815260	Névralgie [C. P. Ollivier]
88	0092	4815261	Névralgie [C. P. Ollivier]
89	0093	4815262	Névralgie [C. P. Ollivier]
90	0094	4815263	Névralgie [C. P. Ollivier]
91	0095	4815264	Névralgie [C. P. Ollivier]
92	0096	4815265	Névralgie [C. P. Ollivier]
93	0097	4815266	Névralgie [C. P. Ollivier]
94	0098	4815267	Névralgie [C. P. Ollivier]
95	0099	4815268	Névralgie [C. P. Ollivier]
96	0100	4815269	Névralgie [C. P. Ollivier]
97	0101	4815270	Névralgie [C. P. Ollivier]
98	0102	4815271	Névralgie [C. P. Ollivier]
99	0103	4815272	Névralgie [C. P. Ollivier]
100	0104	4815273	Névralgie [C. P. Ollivier]
101	0105	4815274	Névralgie [C. P. Ollivier]
102	0106	4815275	Névralgie [C. P. Ollivier]
103	0107	4815276	Névralgie [C. P. Ollivier]
104	0108	4815277	Névralgie [C. P. Ollivier]
105	0109	4815278	Névralgie [C. P. Ollivier]
106	0110	4815279	Névralgie [C. P. Ollivier] / Névrilème / Névrologie [Marjolin] / Névrose [Georget]
107	0111	4815280	Névrose [Georget]
108	0112	4815281	Névrose [Georget]
109	0113	4815282	Névrose [Georget]
110	0114	4815283	Névrose [Georget]
111	0115	4815284	Névrose [Georget]
112	0116	4815285	Névrose [Georget]
113	0117	4815286	Névrose [Georget]
114	0118	4815287	Névrose [Georget]
115	0119	4815288	Névrose [Georget]
116	0120	4815289	Névrose [Georget]
117	0121	4815290	Névrose [Georget] / Névrotome / Névrotomie [Marjolin]
118	0122	4815291	Névrotomie [Marjolin] / Nez [Marjolin]
119	0123	4815292	Nez [Marjolin]
120	0124	4815293	Nez [Marjolin] / Nickel [Orfila]
121	0125	4815294	Nickel [Orfila] / Nicotiane / Nictation / Nidoreux / Nigelle [A. Richard]
122	0126	4815295	Nigelle [A. Richard] / Nitrate / Nitre / Nitreux (acide)
123	0127	4815296	Nitreux (acide) / Nitrique (acide) [Orfila]
124	0128	4815297	Nitrique (acide) [Orfila]
125	0129	4815298	Nitrite [Orfila] / Nodosité / Nodus [G. Ferrus]
126	0130	4815299	Nodus [G. Ferrus] / Noeud [Murat]
127	0131	4815300	Noeud [Murat] / Noisetier ou Coudrier [A. Richard]
128	0132	4815301	Noisetier ou Coudrier [A. Richard] / Noix [A. Richard] / Noix de galles [A. Richard] / Noix vomique [A. Richard]
129	0133	4815302	Noix vomique [A. Richard]
130	0134	4815303	Noix vomique [A. Richard] / Noli me tangere (ne me touche pas) / Nombril / Nosocomial
131	0135	4815304	Nosocomial / Nosographie / Nosologie [Coutanceau]
132	0136	4815305	Nosologie [Coutanceau]
133	0137	4815306	Nosologie [Coutanceau]
134	0138	4815307	Nosologie [Coutanceau]
135	0139	4815308	Nosologie [Coutanceau] / Nostalgie [Georget] / Noueure / Nourricier ou Nutricier [Marjolin]
136	0140	4815309	Nourricier ou Nutricier [Marjolin] / Nourrice [Desormeaux]
137	0141	4815310	Nourrice [Desormeaux]
138	0142	4815311	Nourrice [Desormeaux]
139	0143	4815312	Nourrice [Desormeaux]
140	0144	4815313	Nourrice [Desormeaux] / Nourriture
141	0145	4815314	Nouveau-né [Desormeaux]
142	0146	4815315	Nouveau-né [Desormeaux]
143	0147	4815316	Nouveau-né [Desormeaux]
144	0148	4815317	Nouveau-né [Desormeaux]
145	0149	4815318	Nouveau-né [Desormeaux]
146	0150	4815319	Nouveau-né [Desormeaux]
147	0151	4815320	Nouveau-né [Desormeaux]
148	0152	4815321	Nouveau-né [Desormeaux]
149	0153	4815322	Nouveau-né [Desormeaux]
150	0154	4815323	Nouveau-né [Desormeaux]
151	0155	4815324	Nouveau-né [Desormeaux]
152	0156	4815325	Nouveau-né [Desormeaux]
153	0157	4815326	Nouveau-né [Desormeaux]
154	0158	4815327	Nouveau-né [Desormeaux]
155	0159	4815328	Nouveau-né [Desormeaux]
156	0160	4815329	Nouveau-né [Desormeaux]
157	0161	4815330	Nouveau-né [Desormeaux]
158	0162	4815331	Nouveau-né [Desormeaux]
159	0163	4815332	Nouveau-né [Desormeaux] / Noyé / Noyer [A. Richard]
160	0164	4815333	Noyer [A. Richard]
161	0165	4815334	Noyer [A. Richard] / Nuage / Nuque / Nutritif / Nutrition [Rullier, G. Ferrus]
162	0166	4815335	Nutrition [Rullier, G. Ferrus]
163	0167	4815336	Nutrition [Rullier, G. Ferrus]
164	0168	4815337	Nutrition [Rullier, G. Ferrus]
165	0169	4815338	Nutrition [Rullier, G. Ferrus]
166	0170	4815339	Nutrition [Rullier, G. Ferrus]
167	0171	4815340	Nutrition [Rullier, G. Ferrus]
168	0172	4815341	Nutrition [Rullier, G. Ferrus]
169	0173	4815342	Nutrition [Rullier, G. Ferrus]
170	0174	4815343	Nutrition [Rullier, G. Ferrus]
171	0175	4815344	Nutrition [Rullier, G. Ferrus]
172	0176	4815345	Nutrition [Rullier, G. Ferrus]
173	0177	4815346	Nutrition [Rullier, G. Ferrus]
174	0178	4815347	Nutrition [Rullier, G. Ferrus] / Nyctalopie [Raige Delorme]
175	0179	4815348	Nyctalopie [Raige Delorme]
176	0180	4815349	Nyctalopie [Raige Delorme] / Nymphes [Marjolin] / Nymphaea [A. Richard] / Nymphéacées [A. Richard]
177	0181	4815350	Nymphéacées [A. Richard] / Nymphomanie [Georget] / Nymphotomie [Murat]
178	0182	4815351	Nymphotomie [Murat]
179	0183	4815352	Nymphotomie [Murat]
180	0184	4815353	Nymphotomie [Murat]
181	0185	4815354	Obésité / Oblique [Marjolin]
182	0186	4815355	Oblique [Marjolin]
183	0187	4815356	Oblique [Marjolin]
184	0188	4815357	Oblique [Marjolin]
185	0189	4815358	Oblique [Marjolin] / Obliquité de matrice [Desormeaux]
186	0190	4815359	Obliquité de matrice [Desormeaux]
187	0191	4815360	Obliquité de matrice [Desormeaux]
188	0192	4815361	Obliquité de matrice [Desormeaux]
189	0193	4815362	Obliquité de matrice [Desormeaux]
190	0194	4815363	Obliquité de matrice [Desormeaux]
191	0195	4815364	Obliquité de matrice [Desormeaux]
192	0196	4815365	Obliquité de matrice [Desormeaux]
193	0197	4815366	Obliquité de matrice [Desormeaux]
194	0198	4815367	Obliquité de matrice [Desormeaux] / Oblitération
195	0199	4815368	Oblitération / Obscurcissement / Observation [Raige Delorme]
196	0200	4815369	Observation [Raige Delorme]
197	0201	4815370	Observation [Raige Delorme]
198	0202	4815371	Observation [Raige Delorme]
199	0203	4815372	Observation [Raige Delorme]
200	0204	4815373	Observation [Raige Delorme] / Obstruction [Raige Delorme]
201	0205	4815374	Obstruction [Raige Delorme] / Obtondant / Obturateur [L. V. Lagneau]
202	0206	4815375	Obturateur [L. V. Lagneau]
203	0207	4815376	Obturateur [L. V. Lagneau]
204	0208	4815377	Obturateur [L. V. Lagneau]
205	0209	4815378	Obturateur [L. V. Lagneau]
206	0210	4815379	Obturateur [L. V. Lagneau] / Obturateur, trice [Marjolin]
207	0211	4815380	Obturateur, trice [Marjolin]
208	0212	4815381	Obturateur, trice [Marjolin]
209	0213	4815382	Obturateur, trice [Marjolin] / Occasionel / Occipital [Marjolin]
210	0214	4815383	Occipital [Marjolin]
211	0215	4815384	Occipital [Marjolin]
212	0216	4815385	Occipital [Marjolin]
213	0217	4815386	Occipital [Marjolin] / Occipito-atloïdien
214	0218	4815387	Occipito-axoïdien / Occipito-frontal [Marjolin]
215	0219	4815388	Occipito-frontal [Marjolin] / Occipito-pariétal / Occipito-pétreux / Occiput / Ocre [Orfila] / Oculaire [Marjolin]
216	0220	4815389	Oculiste [Raige Delorme]
217	0221	4815390	Oculiste [Raige Delorme] / Oculo-musculaire / Odeur [L. Rostan]
218	0222	4815391	Odeur [L. Rostan]
219	0223	4815392	Odeur [L. Rostan]
220	0224	4815393	Odeur [L. Rostan]
221	0225	4815394	Odeur [L. Rostan]
222	0226	4815395	Odeur [L. Rostan] / Odontalgie [Marjolin]
223	0227	4815396	Odontalgie [Marjolin]
224	0228	4815397	Odontalgie [Marjolin]
225	0229	4815398	Odontalgie [Marjolin]
226	0230	4815399	Odontalgie [Marjolin] / Odontiase / Odontogénie / Odontoïde / Odontoïdien, nne [Marjolin]
227	0231	4815400	Odontoïdien, nne [Marjolin] / Odontolithe / Odontotechnie / Odorat [Adelon, Raige Delorme]
228	0232	4815401	Odorat [Adelon, Raige Delorme]
229	0233	4815402	Odorat [Adelon, Raige Delorme]
230	0234	4815403	Odorat [Adelon, Raige Delorme]
231	0235	4815404	Odorat [Adelon, Raige Delorme]
232	0236	4815405	Odorat [Adelon, Raige Delorme]
233	0237	4815406	Odorat [Adelon, Raige Delorme]
234	0238	4815407	Odorat [Adelon, Raige Delorme]
235	0239	4815408	Odorat [Adelon, Raige Delorme]
236	0240	4815409	Odorat [Adelon, Raige Delorme]
237	0241	4815410	Odorat [Adelon, Raige Delorme]
238	0242	4815411	Odorat [Adelon, Raige Delorme]
239	0243	4815412	Odorat [Adelon, Raige Delorme] / Oedémateux / Oedématie / Oedème [P. Rayer]
240	0244	4815413	Oedème [P. Rayer]
241	0245	4815414	Oedème [P. Rayer]
242	0246	4815415	Oedème [P. Rayer]
243	0247	4815416	Oedème [P. Rayer]
244	0248	4815417	Oedème [P. Rayer]
245	0249	4815418	Oedème [P. Rayer]
246	0250	4815419	Oedème [P. Rayer]
247	0251	4815420	Oedème [P. Rayer]
248	0252	4815421	Oedème [P. Rayer]
249	0253	4815422	Oedème [P. Rayer]
250	0254	4815423	Oedème [P. Rayer]
251	0255	4815424	Oedème [P. Rayer]
252	0256	4815425	Oedème [P. Rayer]
253	0257	4815426	Oedème [P. Rayer]
254	0258	4815427	Oedème [P. Rayer]
255	0259	4815428	Oedème [P. Rayer]
256	0260	4815429	Oedème [P. Rayer]
257	0261	4815430	Oedème [P. Rayer]
258	0262	4815431	Oedème [P. Rayer]
259	0263	4815432	Oedème [P. Rayer]
260	0264	4815433	Oedème [P. Rayer]
261	0265	4815434	Oedème [P. Rayer]
262	0266	4815435	Oedème [P. Rayer]
263	0267	4815436	Oedème [P. Rayer]
264	0268	4815437	Oedème [P. Rayer]
265	0269	4815438	Oedème [P. Rayer]
266	0270	4815439	Oedème [P. Rayer] / Oeil [Hippol. Cloquet]
267	0271	4815440	Oeil [Hippol. Cloquet]
268	0272	4815441	Oeil [Hippol. Cloquet]
269	0273	4815442	Oeil [Hippol. Cloquet]
270	0274	4815443	Oeil [Hippol. Cloquet]
271	0275	4815444	Oeil [Hippol. Cloquet]
272	0276	4815445	Oeil [Hippol. Cloquet]
273	0277	4815446	Oeil [Hippol. Cloquet]
274	0278	4815447	Oeil [Hippol. Cloquet]
275	0279	4815448	Oeil [Hippol. Cloquet]
276	0280	4815449	Oeil [Hippol. Cloquet]
277	0281	4815450	Oeil [Hippol. Cloquet]
278	0282	4815451	Oeil [Hippol. Cloquet]
279	0283	4815452	Oeil [Hippol. Cloquet]
280	0284	4815453	Oeil [Hippol. Cloquet]
281	0285	4815454	Oeil [Hippol. Cloquet]
282	0286	4815455	Oeil [Hippol. Cloquet]
283	0287	4815456	Oeil [Hippol. Cloquet]
284	0288	4815457	Oeil [Hippol. Cloquet]
285	0289	4815458	Oeil [Hippol. Cloquet] / Oeil artificiel [Jules Cloquet]
286	0290	4815459	Oeil artificiel [Jules Cloquet] / Oeillères / Oeillet [A. Richard]
287	0291	4815460	Oeillet [A. Richard] / Oenanthe [A. Richard]
288	0292	4815461	Oenanthe [A. Richard] / Oesophage
289	0293	4815462	Oesophage / Oesophagien, enne [Marjolin] / Oesophagite [Chomel] / Oesophagotomie [Marjolin]
290	0294	4815463	Oesophagotomie [Marjolin]
291	0295	4815464	Oesophagotomie [Marjolin] / Oeuf [C. P. Ollivier, Desormeaux]
292	0296	4815465	Oeuf [C. P. Ollivier, Desormeaux]
293	0297	4815466	Oeuf [C. P. Ollivier, Desormeaux]
294	0298	4815467	Oeuf [C. P. Ollivier, Desormeaux]
295	0299	4815468	Oeuf [C. P. Ollivier, Desormeaux]
296	0300	4815469	Oeuf [C. P. Ollivier, Desormeaux]
297	0301	4815470	Oeuf [C. P. Ollivier, Desormeaux]
298	0302	4815471	Oeuf [C. P. Ollivier, Desormeaux]
299	0303	4815472	Oeuf [C. P. Ollivier, Desormeaux]
300	0304	4815473	Oeuf [C. P. Ollivier, Desormeaux]
301	0305	4815474	Oeuf [C. P. Ollivier, Desormeaux]
302	0306	4815475	Oeuf [C. P. Ollivier, Desormeaux]
303	0307	4815476	Oeuf [C. P. Ollivier, Desormeaux]
304	0308	4815477	Oeuf [C. P. Ollivier, Desormeaux]
305	0309	4815478	Oeuf [C. P. Ollivier, Desormeaux]
306	0310	4815479	Oeuf [C. P. Ollivier, Desormeaux]
307	0311	4815480	Oeuf [C. P. Ollivier, Desormeaux]
308	0312	4815481	Oeuf [C. P. Ollivier, Desormeaux]
309	0313	4815482	Oeuf [C. P. Ollivier, Desormeaux]
310	0314	4815483	Oeuf [C. P. Ollivier, Desormeaux]
311	0315	4815484	Oeuf [C. P. Ollivier, Desormeaux]
312	0316	4815485	Oeuf [C. P. Ollivier, Desormeaux]
313	0317	4815486	Oeuf [C. P. Ollivier, Desormeaux]
314	0318	4815487	Oeuf [C. P. Ollivier, Desormeaux]
315	0319	4815488	Oeuf [C. P. Ollivier, Desormeaux]
316	0320	4815489	Oeuf [C. P. Ollivier, Desormeaux]
317	0321	4815490	Oeuf [C. P. Ollivier, Desormeaux]
318	0322	4815491	Oeuf [C. P. Ollivier, Desormeaux]
319	0323	4815492	Oeuf [C. P. Ollivier, Desormeaux]
320	0324	4815493	Oeuf [C. P. Ollivier, Desormeaux]
321	0325	4815494	Oeuf [C. P. Ollivier, Desormeaux]
322	0326	4815495	Oeuf [C. P. Ollivier, Desormeaux]
323	0327	4815496	Oeuf [C. P. Ollivier, Desormeaux]
324	0328	4815497	Oeuf [C. P. Ollivier, Desormeaux]
325	0329	4815498	Oeuf [C. P. Ollivier, Desormeaux]
326	0330	4815499	Oeuf [C. P. Ollivier, Desormeaux]
327	0331	4815500	Oeuf [C. P. Ollivier, Desormeaux]
328	0332	4815501	Oeuf [C. P. Ollivier, Desormeaux]
329	0333	4815502	Oeuf [C. P. Ollivier, Desormeaux]
330	0334	4815503	Oeuf [C. P. Ollivier, Desormeaux]
331	0335	4815504	Oeuf [C. P. Ollivier, Desormeaux]
332	0336	4815505	Oeuf [C. P. Ollivier, Desormeaux]
333	0337	4815506	Oeuf [C. P. Ollivier, Desormeaux]
334	0338	4815507	Oeuf [C. P. Ollivier, Desormeaux]
335	0339	4815508	Oeuf [C. P. Ollivier, Desormeaux]
336	0340	4815509	Oeuf [C. P. Ollivier, Desormeaux]
337	0341	4815510	Oeuf [C. P. Ollivier, Desormeaux]
338	0342	4815511	Oeuf [C. P. Ollivier, Desormeaux]
339	0343	4815512	Oeuf [C. P. Ollivier, Desormeaux]
340	0344	4815513	Oeuf [C. P. Ollivier, Desormeaux]
341	0345	4815514	Oeuf [C. P. Ollivier, Desormeaux]
342	0346	4815515	Oeuf [C. P. Ollivier, Desormeaux]
343	0347	4815516	Oeuf [C. P. Ollivier, Desormeaux]
344	0348	4815517	Oeuf [C. P. Ollivier, Desormeaux]
345	0349	4815518	Oeuf [C. P. Ollivier, Desormeaux]
346	0350	4815519	Oeuf [C. P. Ollivier, Desormeaux]
347	0351	4815520	Oeuf [C. P. Ollivier, Desormeaux]
348	0352	4815521	Oeuf [C. P. Ollivier, Desormeaux]
349	0353	4815522	Oeuf [C. P. Ollivier, Desormeaux]
350	0354	4815523	Oeuf [C. P. Ollivier, Desormeaux]
351	0355	4815524	Oeuf [C. P. Ollivier, Desormeaux]
352	0356	4815525	Oeuf [C. P. Ollivier, Desormeaux]
353	0357	4815526	Oeuf [C. P. Ollivier, Desormeaux]
354	0358	4815527	Oeuf [C. P. Ollivier, Desormeaux]
355	0359	4815528	Oeuf [C. P. Ollivier, Desormeaux]
356	0360	4815529	Oeuf [C. P. Ollivier, Desormeaux]
357	0361	4815530	Oeuf [C. P. Ollivier, Desormeaux]
358	0362	4815531	Oeuf [C. P. Ollivier, Desormeaux]
359	0363	4815532	Oeuf [C. P. Ollivier, Desormeaux]
360	0364	4815533	Oeuf [C. P. Ollivier, Desormeaux]
361	0365	4815534	Oeuf [C. P. Ollivier, Desormeaux]
362	0366	4815535	Oeuf [C. P. Ollivier, Desormeaux]
363	0367	4815536	Oeuf [C. P. Ollivier, Desormeaux]
364	0368	4815537	Oeuf [C. P. Ollivier, Desormeaux]
365	0369	4815538	Oeuf [C. P. Ollivier, Desormeaux]
366	0370	4815539	Oeuf [C. P. Ollivier, Desormeaux]
367	0371	4815540	Oeuf [C. P. Ollivier, Desormeaux]
368	0372	4815541	Oeuf [C. P. Ollivier, Desormeaux]
369	0373	4815542	Oeuf [C. P. Ollivier, Desormeaux]
370	0374	4815543	Oeuf [C. P. Ollivier, Desormeaux]
371	0375	4815544	Oeuf [C. P. Ollivier, Desormeaux]
372	0376	4815545	Oeuf [C. P. Ollivier, Desormeaux]
373	0377	4815546	Oeuf [C. P. Ollivier, Desormeaux]
374	0378	4815547	Oeuf [C. P. Ollivier, Desormeaux]
375	0379	4815548	Oeuf [C. P. Ollivier, Desormeaux]
376	0380	4815549	Oeuf [C. P. Ollivier, Desormeaux]
377	0381	4815550	Oeuf [C. P. Ollivier, Desormeaux]
378	0382	4815551	Oeuf [C. P. Ollivier, Desormeaux]
379	0383	4815552	Oeuf [C. P. Ollivier, Desormeaux]
380	0384	4815553	Oeuf [C. P. Ollivier, Desormeaux]
381	0385	4815554	Oeuf [C. P. Ollivier, Desormeaux]
382	0386	4815555	Oeuf [C. P. Ollivier, Desormeaux]
383	0387	4815556	Oeuf [C. P. Ollivier, Desormeaux]
384	0388	4815557	Oeuf [C. P. Ollivier, Desormeaux]
385	0389	4815558	Oeuf [C. P. Ollivier, Desormeaux]
386	0390	4815559	Oeuf [C. P. Ollivier, Desormeaux]
387	0391	4815560	Oeuf [C. P. Ollivier, Desormeaux]
388	0392	4815561	Oeuf [C. P. Ollivier, Desormeaux]
389	0393	4815562	Oeuf [C. P. Ollivier, Desormeaux]
390	0394	4815563	Oeuf [C. P. Ollivier, Desormeaux]
391	0395	4815564	Oeuf [C. P. Ollivier, Desormeaux]
392	0396	4815565	Oeuf [C. P. Ollivier, Desormeaux]
393	0397	4815566	Oeuf [C. P. Ollivier, Desormeaux]
394	0398	4815567	Oeuf [C. P. Ollivier, Desormeaux]
395	0399	4815568	Oeuf [C. P. Ollivier, Desormeaux]
396	0400	4815569	Oeuf [C. P. Ollivier, Desormeaux]
397	0401	4815570	Oeuf [C. P. Ollivier, Desormeaux]
398	0402	4815571	Oeuf [C. P. Ollivier, Desormeaux]
399	0403	4815572	Oeuf [C. P. Ollivier, Desormeaux]
400	0404	4815573	Oeuf [C. P. Ollivier, Desormeaux]
401	0405	4815574	Oeuf [C. P. Ollivier, Desormeaux]
402	0406	4815575	Oeuf [C. P. Ollivier, Desormeaux]
403	0407	4815576	Oeuf [C. P. Ollivier, Desormeaux]
404	0408	4815577	Oeuf [C. P. Ollivier, Desormeaux]
405	0409	4815578	Oeuf [C. P. Ollivier, Desormeaux]
406	0410	4815579	Oeuf [C. P. Ollivier, Desormeaux]
407	0411	4815580	Oeuf [C. P. Ollivier, Desormeaux] / Oeuf de poule
408	0412	4815581	Oeuf de poule
409	0413	4815582	Oeuf de poule / Officinal / Ognon ou Oignon
410	0414	4815583	Ognon ou Oignon
411	0415	4815584	Ognon ou Oignon / Ognon de lys / Ognon de scille [A. Richard] / Oléate / Olécrane / Olécranien [Marjolin] / Oléine / Oléique [Orfila]
412	0416	4815585	Oléique [Orfila] / Oléo-saccharum / Olfactif, ive [Marjolin]
413	0417	4815586	Olfactif, ive [Marjolin] / Olfaction / Oliban [A. Richard]
414	0418	4815587	Oliban [A. Richard]
415	0419	4815588	Oliban [A. Richard] / Olivaire [Marjolin] / Olive [A. Richard] / Olivier [A. Richard]
416	0420	4815589	Olivier [A. Richard]
417	0421	4815590	Olivier [A. Richard] / Olivile [Orfila] / Ombellifères [A. Richard]
418	0422	4815591	Ombellifères [A. Richard]
419	0423	4815592	Ombellifères [A. Richard]
420	0424	4815593	Ombellifères [A. Richard] / Ombilic / Ombilical [Marjolin]
421	0425	4815594	Ombilical [Marjolin] / Omentite [Chomel] / Omo-claviculaire / Omoplat-hyoïdien
422	0426	4815595	Omoplat-hyoïdien / Omoplate [Marjolin]
423	0427	4815596	Omoplate [Marjolin]
424	0428	4815597	Omoplate [Marjolin] / Omphalocèle / Omphalomancie / Omphalo-mésentériques (vaisseaux) / Omphalorrhagie [Desormeaux]
425	0429	4815598	Omphalorrhagie [Desormeaux] / Omphalotomie [Desormeaux]
426	0430	4815599	Onanisme [Georget]
427	0431	4815600	Onanisme [Georget]
428	0432	4815601	Onanisme [Georget]
429	0433	4815602	Onanisme [Georget] / Onction / Ondulant, Ondoyant / Ondulation / Oneirodynie / Ongle [C. P. Ollivier]
430	0434	4815603	Ongle [C. P. Ollivier]
431	0435	4815604	Ongle [C. P. Ollivier]
432	0436	4815605	Ongle [C. P. Ollivier] / Onglet / Onguent
433	0437	4815606	Onguent
434	0438	4815607	Onguent / Ononis / Opacité / Opération [Murat]
435	0439	4815608	Opération [Murat]
436	0440	4815609	Opération [Murat]
437	0441	4815610	Opération [Murat]
438	0442	4815611	Opération [Murat]
439	0443	4815612	Opération [Murat]
440	0444	4815613	Opération [Murat]
441	0445	4815614	Opération [Murat]
442	0446	4815615	Opération [Murat]
443	0447	4815616	Opération [Murat]
444	0448	4815617	Opération [Murat]
445	0449	4815618	Opération [Murat]
446	0450	4815619	Opération [Murat]
447	0451	4815620	Opération [Murat]
448	0452	4815621	Opération [Murat]
449	0453	4815622	Opération [Murat] / Ophiasis [L. V. Lagneau] / Ophiostome [Hippol. Cloquet]
450	0454	4815623	Ophthalgie [Jules Cloquet] / Ophthalmie [Jules Cloquet, L...V. Lagneau]
451	0455	4815624	Ophthalmie [Jules Cloquet, L. V. Lagneau]
452	0456	4815625	Ophthalmie [Jules Cloquet, L. V. Lagneau]
453	0457	4815626	Ophthalmie [Jules Cloquet, L. V. Lagneau]
454	0458	4815627	Ophthalmie [Jules Cloquet, L. V. Lagneau]
455	0459	4815628	Ophthalmie [Jules Cloquet, L. V. Lagneau]
456	0460	4815629	Ophthalmie [Jules Cloquet, L. V. Lagneau]
457	0461	4815630	Ophthalmie [Jules Cloquet, L. V. Lagneau]
458	0462	4815631	Ophthalmie [Jules Cloquet, L. V. Lagneau]
459	0463	4815632	Ophthalmie [Jules Cloquet, L. V. Lagneau]
460	0464	4815633	Ophthalmie [Jules Cloquet, L. V. Lagneau]
461	0465	4815634	Ophthalmie [Jules Cloquet, L. V. Lagneau]
462	0466	4815635	Ophthalmie [Jules Cloquet, L. V. Lagneau]
463	0467	4815636	Ophthalmie [Jules Cloquet, L. V. Lagneau]
464	0468	4815637	Ophthalmie [Jules Cloquet, L. V. Lagneau]
465	0469	4815638	Ophthalmie [Jules Cloquet, L. V. Lagneau]
466	0470	4815639	Ophthalmie [Jules Cloquet, L. V. Lagneau]
467	0471	4815640	Ophthalmie [Jules Cloquet, L. V. Lagneau]
468	0472	4815641	Ophthalmie [Jules Cloquet, L. V. Lagneau]
469	0473	4815642	Ophthalmie [Jules Cloquet, L. V. Lagneau]
470	0474	4815643	Ophthalmie [Jules Cloquet, L. V. Lagneau]
471	0475	4815644	Ophthalmie [Jules Cloquet, L. V. Lagneau]
472	0476	4815645	Ophthalmie [Jules Cloquet, L. V. Lagneau]
473	0477	4815646	Ophthalmie [Jules Cloquet, L. V. Lagneau]
474	0478	4815647	Ophthalmie [Jules Cloquet, L. V. Lagneau] / Ophthalmique [Marjolin]
475	0479	4815648	Ophthalmique [Marjolin]
476	0480	4815649	Ophthalmique [Marjolin]
477	0481	4815650	Ophthalmique [Marjolin] / Ophthalmoblennorrhée ou flux puriforme des paupières [Jules Cloquet]
478	0482	4815651	Ophthalmoblennorrhée ou flux puriforme des paupières [Jules Cloquet]
479	0483	4815652	Ophthalmoblennorrhée ou flux puriforme des paupières [Jules Cloquet] / Ophthalmorrhagie [Jules Cloquet] / Ophthalmostate [Jules Cloquet]
480	0484	4815653	Ophthalmostate [Jules Cloquet] / Ophthalmoxystre [Jules Cloquet] / Opiacé / Opiat / Opisthotonos / Opium [Guersent]
481	0485	4815654	Opium [Guersent]
482	0486	4815655	Opium [Guersent]
483	0487	4815656	Opium [Guersent]
484	0488	4815657	Opium [Guersent]
485	0489	4815658	Opium [Guersent]
486	0490	4815659	Opium [Guersent]
487	0491	4815660	Opium [Guersent]
488	0492	4815661	Opium [Guersent]
489	0493	4815662	Opium [Guersent]
490	0494	4815663	Opium [Guersent]
491	0495	4815664	Opium [Guersent]
492	0496	4815665	Opium [Guersent]
493	0497	4815666	Opium [Guersent]
494	0498	4815667	Opium [Guersent]
495	0499	4815668	Opium [Guersent]
496	0500	4815669	Opium [Guersent]
497	0501	4815670	Opium [Guersent]
498	0502	4815671	Opium [Guersent]
499	0503	4815672	Opium [Guersent] / Opobalsamum [A. Richard] / Opodeledoch / Opoponax et Opopanax [A. Richard]
500	0504	4815673	Opoponax et Opopanax [A. Richard] / Opposant [Marjolin]
501	0505	4815674	Opposant [Marjolin] / Oppression / Optique / Optique [Marjolin]
502	0506	4815675	Optique [Marjolin] / Or [Orfila]
503	0507	4815676	Or [Orfila]
504	0508	4815677	Or [Orfila]
505	0509	4815678	Or [Orfila]
506	0510	4815679	Or [Orfila] / Orange [A. Richard] / Orangeade / Oranger [A. Richard]
507	0511	4815680	Oranger [A. Richard]
508	0512	4815681	Oranger [A. Richard] / Orangers (famille des) [A. Richard]
509	0513	4815682	Orangers (famille des) [A. Richard] / Orbiculaire [Marjolin]
510	0514	4815683	Orbiculaire [Marjolin] / Orbitaire
511	0515	4815684	Orbitaire / Orbite [Marjolin] / Orcanette [A. Richard] / Orchidées [A. Richard]
512	0516	4815685	Orchidées [A. Richard] / Orchiocèle / Orchis [A. Richard] / Ordonnance / Oreille [Hippol. Cloquet]
513	0517	4815686	Oreille [Hippol. Cloquet]
514	0518	4815687	Oreille [Hippol. Cloquet]
515	0519	4815688	Oreille [Hippol. Cloquet]
516	0520	4815689	Oreille [Hippol. Cloquet]
517	0521	4815690	Oreille [Hippol. Cloquet]
518	0522	4815691	Oreille [Hippol. Cloquet]
519	0523	4815692	Oreille [Hippol. Cloquet]
520	0524	4815693	Oreille [Hippol. Cloquet]
521	0525	4815694	Oreille [Hippol. Cloquet]
522	0526	4815695	Oreille [Hippol. Cloquet]
523	0527	4815696	Oreille [Hippol. Cloquet]
524	0528	4815697	Oreille [Hippol. Cloquet]
525	0529	4815698	Oreille [Hippol. Cloquet]
526	0530	4815699	Oreille [Hippol. Cloquet]
527	0531	4815700	Oreille [Hippol. Cloquet]
528	0532	4815701	Oreille [Hippol. Cloquet]
529	0533	4815702	Oreille [Hippol. Cloquet]
530	0534	4815703	Oreille [Hippol. Cloquet]
531	0535	4815704	Oreille [Hippol. Cloquet] / Oreillette / Oreillons ou bien Ourles [Rochoux]
532	0536	4815705	Oreillons ou bien Ourles [Rochoux] / Organe [Marjolin]
533	0537	4815706	Organe [Marjolin]
534	0538	4815707	Organe [Marjolin] / Organicisme [Coutanceau]
535	0539	4815708	Organicisme [Coutanceau] / Organique / Organisation [Adelon]
536	0540	4815709	Organisation [Adelon]
537	0541	4815710	Organisation [Adelon]
538	0542	4815711	Organisation [Adelon] / Organisés (corps) [Adelon]
539	0543	4815712	Organisés (corps) [Adelon]
540	0544	4815713	Organisés (corps) [Adelon]
541	0545	4815714	Organisés (corps) [Adelon]
542	0546	4815715	Organisés (corps) [Adelon]
543	0547	4815716	Organisés (corps) [Adelon]
544	0548	4815717	Organisés (corps) [Adelon]
545	0549	4815718	Organisés (corps) [Adelon]
546	0550	4815719	Organisés (corps) [Adelon] / Organisme
547	0551	4815720	Organisme
548	0552	4815721	Organisme
549	0553	4815722	Organisme
550	0554	4815723	Organisme
551	0555	4815724	Organisme
552	0556	4815725	Organisme / Orgasme / Orge [A. Richard]
553	0557	4815726	Orge [A. Richard]
554	0558	4815727	Orge [A. Richard] / Orgeat / Orgeolet, Orgelet [Jules Cloquet]
555	0559	4815728	Orgeolet, Orgelet [Jules Cloquet]
556	0560	4815729	Orgeolet, Orgelet [Jules Cloquet] / Oricule / Orifice / Origan [A. Richard]
557	0561	4815730	Origan [A. Richard] / Orme [A. Richard] / Oronge [A. Richard]
558	0562	4815731	Oronge [A. Richard] / Orpiment [Orfila] / Orpin [A. Richard]
[sans numérotation]	0563	4815732	Table des principaux articles contenus dans le quinzième volume
[sans numérotation]	0564	4815733	Distribution des matières
