pb	[s. pag.]	0001	4877948
entry	[Première de couverture]	0	
pb	[s. pag.]	0002	4877949
pb	[s. pag.]	0003	4877950
entry	[Page de titre]	0	
pb	9-10	0004	4877951
entry	[Préface]	26	
pb	11-12	0005	4877952
pb	13-14	0006	4877953
pb	15-16	0007	4877954
pb	17-18	0008	4877955
pb	19-20	0009	4877956
pb	21-22	0010	4877957
pb	23-24	0011	4877958
pb	25-26	0012	4877959
pb	27-28	0013	4877960
pb	29-30	0014	4877961
pb	31-32	0015	4877962
pb	33-34	0016	4877963
pb	35-36	0017	4877964
pb	37-38	0018	4877965
pb	39-40	0019	4877966
pb	41-42	0020	4877967
pb	43-44	0021	4877968
pb	45-46	0022	4877969
pb	47-48	0023	4877970
pb	49-50	0024	4877971
pb	51-52	0025	4877972
pb	53-54	0026	4877973
pb	55-56	0027	4877974
pb	57-58	0028	4877975
pb	59-60	0029	4877976
pb	61-62	0030	4877977
pb	63-64	0031	4877978
entry	Abattement	0	
entry	Abcès	1	
pb	65-66	0032	4877979
entry	Abdomen (anat.)	0	
entry	Aberration (pathol.)	0	
pb	67-68	0033	4877980
entry	Abortif	0	
entry	Abréviation (mat. médic.)	0	
entry	Absinthe	0	
entry	Absorbant	1	
pb	69-70	0034	4877981
entry	Absorption	2	
pb	71-72	0035	4877982
pb	73-74	0036	4877983
entry	Acarus	0	
entry	Accablement	0	
entry	Accès	0	
entry	Accompagnement (chir.)	0	
entry	Accouchement 	0	
pb	75-76	0037	4877984
entry	Accouchement	4	
pb	77-78	0038	4877985
pb	79-80	0039	4877986
pb	81-82	0040	4877987
pb	83-84	0041	4877988
entry	Acéphale	0	
entry	Acétate	2	
pb	85-86	0042	4877989
pb	87-88	0043	4877990
entry	Achores	0	
entry	Acide	2	
pb	89-90	0044	4877991
pb	91-92	0045	4877992
entry	Acides dans les premières voies	0	
entry	Acné	0	
entry	Aconit	2	
pb	93-94	0046	4877993
pb	95-96	0047	4877994
entry	Acre	0	
entry	Acrodynie	1	
pb	97-98	0048	4877995
entry	Acupuncture	3	
pb	99-100	0049	4877996
pb	101-102	0050	4877997
pb	103-104	0051	4877998
entry	Adénite	0	
entry	Adhérence	0	
entry	Adipeux	0	
entry	Adjuvant	0	
entry	Adolescence	0	
entry	Adoucissant	0	
entry	Adulte	0	
entry	Adultération	0	
entry	Adynamie, Adynamique ; Élément adynamique ; Fièvre adynamique	1	
orth	Adynamie		
orth	Adynamique ; Élément adynamique ; Fièvre adynamique		
pb	105-106	0052	4877999
entry	Affection	1	
pb	107-108	0053	4878000
entry	Afflux	0	
entry	Affusion	0	
entry	Age	2	
pb	109-110	0054	4878001
pb	111-112	0055	4878002
entry	Agitation	0	
entry	Agonie	0	
entry	Agrypnie	0	
entry	Aigremoine	0	
entry	Aigreurs	0	
entry	Aigu	0	
entry	Ail	1	
pb	113-114	0056	4878003
entry	Aimant	0	
entry	Aine	0	
entry	Air	2	
pb	115-116	0057	4878004
pb	117-118	0058	4878005
entry	Aisselle	0	
entry	Albuginé, ée	0	
orth	Albuginé		
entry	Albugo	0	
entry	Albumine	1	
pb	119-120	0059	4878006
entry	Albuminurie	0	
entry	Alcali ou Alkali	0	
orth	Alcali		
orth	Alkali		
entry	Alcyon (Nids d')	0	
entry	Alèse	0	
entry	Algalie	0	
entry	Algide	0	
entry	Aliénation mentale	0	
entry	Aliment	3	
pb	121-122	0060	4878007
pb	123-124	0061	4878008
pb	125-126	0062	4878009
entry	Allaitement	2	
pb	127-128	0063	4878010
pb	129-130	0064	4878011
entry	Aloès	1	
pb	131-132	0065	4878012
entry	Alopécie	2	
pb	133-134	0066	4878013
pb	135-136	0067	4878014
entry	Alphos	0	
entry	Altérants	0	
entry	Alun	1	
pb	137-138	0068	4878015
entry	Amaurose, Goutte sereine	3	
orth	Amaurose		
orth	Goutte sereine		
pb	139-140	0069	4878016
pb	141-142	0070	4878017
pb	143-144	0071	4878018
entry	Amblyopie	1	
pb	145-146	0072	4878019
entry	Ambulant	0	
entry	Amendement	0	
entry	Aménorrhée	0	
entry	Amers	0	
entry	Amidon	0	
entry	Ammoniaque	2	
pb	147-148	0073	4878020
pb	149-150	0074	4878021
entry	Amnésie	0	
entry	Amnios	0	
entry	Ampoule	0	
entry	Amputation	0	
entry	Amulette	0	
pb	151-152	0075	4878022
entry	Amygdale	0	
entry	Amygdalite	0	
entry	Analeptique	0	
entry	Anaphrodisie	0	
entry	Anasarque	0	
entry	Anchilops	0	
entry	Anémie	2	
pb	153-154	0076	4878023
pb	155-156	0077	4878024
entry	Anencéphale	0	
entry	Anestésie	0	
entry	Anévrisme	2	
pb	157-158	0078	4878025
pb	159-160	0079	4878026
entry	Angélique	1	
pb	161-162	0080	4878027
entry	Angine	3	
pb	163-164	0081	4878028
pb	165-166	0082	4878029
pb	167-168	0083	4878030
entry	Angle facial	0	
entry	Angoisse	0	
entry	Angusture	1	
pb	169-170	0084	4878031
entry	Anhélation	0	
entry	Animisme	1	
pb	171-172	0085	4878032
entry	Anis	0	
entry	Ankyloblaphéron	0	
entry	Ankylose	0	
entry	Anneau	0	
entry	Anodin	0	
entry	Anomal, e	0	
orth	Anomal		
entry	Anormal	0	
entry	Anorexie	0	
entry	Anosmie	1	
pb	173-174	0086	4878033
entry	Anthelminthiques	0	
entry	Anthrax	0	
entry	Anthropographie ou Anthropologie	0	
orth	Anthropographie		
orth	Anthropologie		
entry	Antiaphrodisiaques	0	
entry	Antiémétiques	0	
entry	Antimoine	3	
pb	175-176	0087	4878034
pb	177-178	0088	4878035
pb	179-180	0089	4878036
entry	Antipathie	0	
entry	Antiphlogistique	0	
entry	Antipsoriques	0	
entry	Antiscorbutiques	0	
entry	Antiseptiques	0	
entry	Antispasmodiques	0	
entry	Anurie	0	
entry	Anxiété	0	
pb	181-182	0090	4878037
entry	Aorte	0	
entry	Apepsie	0	
entry	Apéritif	0	
entry	Aphonie	0	
entry	Aphrodisiaque	0	
entry	Aphthe	2	
pb	183-184	0091	4878038
pb	185-186	0092	4878039
entry	Aponévrose	0	
entry	Apoplexie	3	
pb	187-188	0093	4878040
pb	189-190	0094	4878041
pb	191-192	0095	4878042
entry	Appétation (appétence)	0	
entry	Appétit	0	
pb	193-194	0096	4878043
entry	Applicata	0	
entry	Apyrexie	0	
entry	Arachnitis	0	
entry	Arachnoïdite	0	
entry	Archée	0	
entry	Ardeur	0	
entry	Argent	3	
pb	195-196	0097	4878044
pb	197-198	0098	4878045
pb	199-200	0099	4878046
entry	Aridité	0	
entry	Aritoloche	1	
pb	201-202	0100	4878047
entry	Armoise	0	
entry	Arnica	1	
pb	203-204	0101	4878048
entry	Arsenic	3	
pb	205-206	0102	4878049
pb	207-208	0103	4878050
pb	209-210	0104	4878051
entry	Artère	0	
entry	Artérite	0	
entry	Arthrite	0	
entry	Ascaride	0	
entry	Ascite	0	
entry	Asphyxie	1	
pb	211-212	0105	4878052
entry	Assa-foetida ou Asa-foetida	2	
orth	Assa-foetida		
orth	Asa-foetida		
pb	213-214	0106	4878053
pb	215-216	0107	4878054
entry	Asthénie	0	
entry	Asthme	2	
pb	217-218	0108	4878055
pb	219-220	0109	4878056
entry	Astringents	0	
entry	Ataxie	1	
pb	221-222	0110	4878057
entry	Atonie	0	
pb	223-224	0111	4878058
entry	Atrabile	0	
entry	Atrophie	0	
entry	Audition	1	
pb	225-226	0112	4878059
entry	Aunée	0	
entry	Auscultation	3	
pb	227-228	0113	4878060
pb	229-230	0114	4878061
pb	231-232	0115	4878062
entry	Avortement	1	
pb	233-234	0116	4878063
pb	235-236	0117	4878064
entry	Badiane ou Anis étoilé	0	
orth	Badiane		
orth	Anis étoilé		
entry	Bain	1	
pb	237-238	0118	4878065
entry	Balanite	0	
entry	Bardane	1	
pb	239-240	0119	4878066
entry	Baryte ou Barote	0	
orth	Baryte		
orth	Barote		
entry	Bas-ventre	0	
entry	Baume	3	
pb	241-242	0120	4878067
pb	243-244	0121	4878068
pb	245-246	0122	4878069
entry	Bec-de-lièvre	0	
entry	Béchique	0	
entry	Belladone	2	
pb	247-248	0123	4878070
pb	249-250	0124	4878071
entry	Benjoin	1	
pb	251-252	0125	4878072
entry	Benoîte	0	
entry	Béribéri	0	
entry	Berlue	0	
entry	Bile	0	
entry	Bilieux	0	
entry	Bilieux (Elément)	2	
pb	253-254	0126	4878073
pb	255-256	0127	4878074
entry	Bismuth	0	
entry	Bistorte	0	
entry	Blennorrhagie	5	
pb	257-258	0128	4878075
pb	259-260	0129	4878076
pb	261-262	0130	4878077
pb	263-264	0131	4878078
pb	265-266	0132	4878079
entry	Blennorrhée	0	
entry	Blépharite	0	
entry	Bleue (maladie)	0	
entry	Boisson	3	
pb	267-268	0133	4878080
pb	269-270	0134	4878081
pb	271-272	0135	4878082
entry	Bol	0	
entry	Borax	1	
pb	273-274	0136	4878083
entry	Borborygmes	0	
entry	Bouche	0	
entry	Bougie	1	
pb	275-276	0137	4878084
entry	Bouillon	0	
entry	Bouillon blanc	0	
entry	Boule hystérique	0	
entry	Boulimie	1	
pb	277-278	0138	4878085
entry	Bourdonnement d'oreilles	0	
entry	Bourrache	0	
entry	Bouton d'Alep	1	
pb	279-280	0139	4878086
entry	Brome	0	
entry	Bronches	0	
entry	Bronchite	0	
entry	Bronchotomie	0	
entry	Brucine	0	
entry	Brûlure	1	
pb	281-282	0140	4878087
entry	Bryone	1	
pb	283-284	0141	4878088
entry	Bubon	0	
entry	Buglosse	0	
entry	Cachexie	0	
entry	Cachou	0	
entry	Cacochymie	0	
entry	Cal	0	
entry	Calcul	2	
pb	285-286	0142	4878089
pb	287-288	0143	4878090
entry	Calenture	0	
entry	Calmant	0	
entry	Calomel	0	
entry	Calvitie	0	
entry	Camomille	0	
entry	Camphre	2	
pb	289-290	0144	4878091
pb	291-292	0145	4878092
entry	Cancer	2	
pb	293-294	0146	4878093
pb	295-296	0147	4878094
entry	Cannelle	0	
entry	Cantharide	2	
pb	297-298	0148	4878095
pb	299-300	0149	4878096
entry	Capillaire	0	
entry	Cardialgie	0	
entry	Cardite	1	
pb	301-302	0150	4878097
entry	Carie	1	
pb	303-304	0151	4878098
entry	Carminatif	0	
entry	Carphologie	0	
entry	Carreau	1	
pb	305-306	0152	4878099
entry	Carus	0	
entry	Cascarille	0	
entry	Casse	0	
pb	307-308	0153	4878100
entry	Castoreum	0	
entry	Catalepsie	1	
pb	309-310	0154	4878101
entry	Cataplasme	0	
entry	Cataracte	1	
pb	311-312	0155	4878102
entry	Catarrhe	2	
pb	313-314	0156	4878103
pb	315-316	0157	4878104
entry	Cathartique	0	
entry	Cause	0	
entry	Caustique	0	
entry	Cautère	1	
pb	317-318	0158	4878105
entry	Centaurée	0	
entry	Céphalalgie, Céphalée	0	
orth	Céphalalgie		
orth	Céphalée		
entry	Céphalite	0	
entry	Cérat	1	
pb	319-320	0159	4878106
entry	Cérébrale (fièvre)	0	
entry	Cerfeuil	0	
entry	Cerveau	1	
pb	321-322	0160	4878107
entry	Cervelet	1	
pb	323-324	0161	4878108
entry	Cévadille	0	
entry	Chancre	0	
entry	Charbon	0	
entry	Chaude-pisse	0	
entry	Chaux	0	
entry	Chémosis	0	
entry	Chlore	2	
pb	325-326	0162	4878109
pb	327-328	0163	4878110
entry	Chloroforme	0	
entry	Chlorose	6	
pb	329-330	0164	4878111
pb	331-332	0165	4878112
pb	333-334	0166	4878113
pb	335-336	0167	4878114
pb	337-338	0168	4878115
pb	339-340	0169	4878116
entry	Choléra-morbus	2	
pb	341-342	0170	4878117
pb	343-344	0171	4878118
entry	Chorée	1	
pb	345-346	0172	4878119
entry	Chyle	0	
entry	Chyme	0	
entry	Ciguë	2	
pb	347-348	0173	4878120
pb	349-350	0174	4878121
entry	Circulation	1	
pb	351-352	0175	4878122
entry	Climat	1	
pb	353-354	0176	4878123
entry	Clinique	0	
entry	Clou	1	
pb	355-356	0177	4878124
entry	Coarctation	0	
entry	Cochléaria	0	
entry	Coction	0	
entry	Coeur	0	
entry	Colchique d'automne	2	
pb	357-358	0178	4878125
pb	359-360	0179	4878126
entry	Colique	1	
pb	361-362	0180	4878127
entry	Collyre	0	
entry	Coma	0	
entry	Combustion	0	
entry	Commotion	1	
pb	363-364	0181	4878128
entry	Congestion	0	
entry	Constitution	1	
pb	365-366	0182	4878129
entry	Contagion	0	
entry	Contre-stimulant, Contre-stimuliste	0	
orth	Contre-stimulant		
orth	Contre-stimuliste		
entry	Contusion	1	
pb	367-368	0183	4878130
entry	Convulsion	0	
entry	Copahu	0	
entry	Coqueluche	1	
pb	369-370	0184	4878131
entry	Coryza	0	
entry	Couperose	0	
entry	Coxalgie	0	
entry	Crachats	1	
pb	371-372	0185	4878132
entry	Crépitation	0	
entry	Crevasse	0	
entry	Crise	1	
pb	373-374	0186	4878133
entry	Croton-tiglium (Huile de)	2	
pb	375-376	0187	4878134
pb	377-378	0188	4878135
entry	Croup	1	
pb	379-380	0189	4878136
entry	Cuivre	0	
entry	Cyanose (maladie bleue)	1	
pb	381-382	0190	4878137
entry	Cystite	0	
pb	383-384	0191	4878138
entry	Danse de Saint-Guy	0	
entry	Dartre	2	
pb	385-386	0192	4878139
pb	387-388	0193	4878140
entry	Datura-stramonium	1	
pb	389-390	0194	4878141
entry	Décoction	0	
entry	Défaillance	0	
entry	Dégoût	0	
entry	Délayants	0	
entry	Délire	4	
pb	391-392	0195	4878142
pb	393-394	0196	4878143
pb	395-396	0197	4878144
pb	397-398	0198	4878145
entry	Délitescence	0	
entry	Délivrance	0	
entry	Démangeaison (prurit)	1	
pb	399-400	0199	4878146
entry	Démence	0	
entry	Démonomanie	0	
entry	Dentition	2	
pb	401-402	0200	4878147
pb	403-404	0201	4878148
entry	Dépuratifs	0	
entry	Dérivatif, ive	0	
orth	Dérivatif		
entry	Dessiccatif, ive	0	
orth	Dessiccatif		
entry	Détersif	0	
entry	Dévoiement	0	
entry	Diabète ou Diabétes	0	
orth	Diabète		
orth	Diabétes		
pb	405-406	0202	4878149
entry	Diachylum ou Diachylon	0	
orth	Diachylum		
orth	Diachylon		
entry	Diacode (Sirop de)	0	
entry	Diagnostic	0	
entry	Diaphorétique	0	
entry	Diarrhée, Dévoiement	1	
orth	Diarrhée		
orth	Dévoiement		
pb	407-408	0203	4878150
entry	Diascordium	0	
entry	Diathèse	0	
entry	Diffusibles	0	
entry	Digestion	1	
pb	409-410	0204	4878151
entry	Digitale pourprée	1	
pb	411-412	0205	4878152
entry	Diplopie	0	
entry	Diurétique	0	
entry	Dogmatiques	0	
entry	Dothinentérite	0	
entry	Douce-amère	2	
pb	413-414	0206	4878153
pb	415-416	0207	4878154
entry	Douleur	0	
entry	Dragonneau	0	
entry	Drastique	0	
entry	Dysécée	0	
entry	Dysenterie ou Dyssenterie	1	
orth	Dysenterie		
orth	Dyssenterie		
pb	417-418	0208	4878155
entry	Dysménorrhée	0	
entry	Dyspepsie	1	
pb	419-420	0209	4878156
entry	Dysphagie	0	
entry	Dyspnée	0	
entry	Dysurie	0	
entry	Eau	1	
pb	421-422	0210	4878157
entry	Ecchymose	0	
entry	Eclampsie	0	
entry	Eclectique	0	
pb	423-424	0211	4878158
entry	Ecoulement	0	
entry	Ecrouelles	0	
entry	Ecthyma	0	
entry	Ectropion	0	
entry	Égilops	0	
entry	Egophonie	0	
entry	Électricité	5	
pb	425-426	0212	4878159
pb	427-428	0213	4878160
pb	429-430	0214	4878161
pb	431-432	0215	4878162
pb	433-434	0216	4878163
entry	Élément	3	
pb	435-436	0217	4878164
pb	437-438	0218	4878165
pb	439-440	0219	4878166
entry	Éléphantiasis	1	
pb	441-442	0220	4878167
entry	Elixir	1	
pb	443-444	0221	4878168
entry	Ellebore	0	
entry	Embarras gastrique	0	
entry	Embrocation	0	
entry	Emétiques	0	
entry	Eméto-cathartique	1	
pb	445-446	0222	4878169
entry	Emménagogue	0	
entry	Emollient, ente	0	
orth	Emollient		
entry	Emphysème	0	
entry	Empirique	1	
pb	447-448	0223	4878170
entry	Empirisme	0	
entry	Empoisonnement	0	
entry	Emulsion	0	
entry	Encéphale	0	
entry	Encéphalocèle	0	
entry	Encéphalite	1	
pb	449-450	0224	4878171
entry	Endémique	0	
entry	Endermique	0	
entry	Enfance, Enfant	0	
orth	Enfance		
orth	Enfant		
entry	Engelure	1	
pb	451-452	0225	4878172
entry	Entéralgie	0	
entry	Entérite	0	
entry	Entorse	1	
pb	453-454	0226	4878173
entry	Enula Campana (aunée)	0	
entry	Enurésie	0	
entry	Envies	0	
entry	Épanchement	1	
pb	455-456	0227	4878174
entry	Éphélides	0	
entry	Épidémie	0	
entry	Épiderme	0	
entry	Épigastre	0	
entry	Epilepsie	2	
pb	457-458	0228	4878175
pb	459-460	0229	4878176
entry	Épiphénomène	0	
entry	Epiphora	0	
entry	Epispadias	0	
entry	Épispastique	0	
entry	Épistaxis	0	
entry	Épuisement	0	
entry	Épulis	0	
entry	Ergot	0	
entry	Erotomanie	0	
entry	Erysipèle	1	
pb	461-462	0230	4878177
entry	Érythème	0	
entry	Escarotique	0	
entry	Escarre	0	
entry	Esquinancie	0	
entry	Essentiel	0	
entry	Esthiomène	0	
entry	Estomac	0	
entry	Etain	1	
pb	463-464	0231	4878178
entry	État	0	
entry	Éther	1	
pb	465-466	0232	4878179
entry	Éthérisation	3	
pb	467-468	0233	4878180
pb	469-470	0234	4878181
pb	471-472	0235	4878182
entry	Éthiops	0	
entry	Étiologie ou Aetiologie	1	
orth	Étiologie		
orth	Aetiologie		
pb	473-474	0236	4878183
entry	Étisie ou Hectisie, Étique	0	
orth	Étisie		
orth	Hectisie		
orth	Étique		
entry	Étouffement	0	
entry	Étranglement	0	
entry	Euphorbe	0	
entry	Exacerbation	0	
entry	Exanthème	0	
entry	Excitants, Excitation	0	
orth	Excitants		
orth	Excitation		
entry	Excréta	0	
entry	Excrétion	1	
pb	475-476	0237	4878184
entry	Exhalants	0	
entry	Exomphale	0	
entry	Exophthalmie	0	
entry	Exostose	0	
entry	Expectation	0	
entry	Expectorant, ante	0	
orth	Expectorant		
entry	Extase	0	
entry	Extinction de voix	0	
entry	Exutoire	0	
entry	Face	0	
entry	Facial (Angle)	0	
entry	Faiblesse	0	
entry	Favus	0	
entry	Fausse couche	0	
entry	Fer	2	
pb	477-478	0238	4878185
pb	479-480	0239	4878186
entry	Fièvre	5	
pb	481-482	0240	4878187
pb	483-484	0241	4878188
pb	485-486	0242	4878189
pb	487-488	0243	4878190
pb	489-490	0244	4878191
entry	Filet ou Frein	0	
orth	Filet		
orth	Frein		
entry	Fissure	0	
entry	Fistule	1	
pb	491-492	0245	4878192
entry	Flatuosité ou Flatulence	0	
orth	Flatuosité		
orth	Flatulence		
entry	Fleurs blanches	0	
entry	Flux	0	
entry	Fluxion	1	
pb	493-494	0246	4878193
entry	Foie	1	
pb	495-496	0247	4878194
entry	Folie	0	
entry	Fomentation	0	
entry	Fondant	0	
entry	Fongus	0	
entry	Force	0	
entry	Fougère mâle	1	
pb	497-498	0248	4878195
entry	Fracture	0	
entry	Frambaesia	0	
entry	Frénésie	0	
entry	Fumeterre (fiel de terre)	0	
entry	Fureur utérine	0	
entry	Furoncle	1	
pb	499-500	0249	4878196
entry	Gabian (Huile de)	0	
entry	Gaïac (bois saint)	1	
pb	501-502	0250	4878197
entry	Galactirrhée ou Galactorrhée	0	
orth	Galactirrhée		
orth	Galactorrhée		
entry	Gale	1	
pb	503-504	0251	4878198
entry	Galvanisme	3	
pb	505-506	0252	4878199
pb	507-508	0253	4878200
pb	509-510	0254	4878201
entry	Gangrène	0	
entry	Gargarisme	0	
entry	Gastralgie	1	
pb	511-512	0255	4878202
entry	Gastrite	1	
pb	513-514	0256	4878203
entry	Gastrotomie	0	
entry	Gentiane	1	
pb	515-516	0257	4878204
entry	Germandrée	1	
pb	517-518	0258	4878205
entry	Gesta	0	
entry	Glands de chêne	0	
entry	Glaucome	0	
entry	Glossite	0	
entry	Goître	1	
pb	519-520	0259	4878206
entry	Gonorrhée	0	
entry	Goudron	0	
entry	Gourme	0	
entry	Goût	1	
pb	521-522	0260	4878207
entry	Goutte	2	
pb	523-524	0261	4878208
pb	525-526	0262	4878209
entry	Gravelle	0	
entry	Grenadier	1	
pb	527-528	0263	4878210
entry	Grenouillette	0	
entry	Grippe	0	
entry	Grossesse	3	
pb	529-530	0264	4878211
pb	531-532	0265	4878212
pb	533-534	0266	4878213
entry	Hallucination	0	
entry	Haut-mal	0	
entry	Hectique	1	
pb	535-536	0267	4878214
entry	Helmintocorton	0	
entry	Hématémèse	0	
entry	Hématose	0	
entry	Hématurie	0	
entry	Héméralopie	0	
entry	Hémicranie	0	
entry	Hémiplégie	0	
entry	Hémoptysie	0	
entry	Hémorragie	1	
pb	537-538	0268	4878215
entry	Hémoptysie, ou hémorragie pulmonaire	5	
orth	Hémoptysie		
orth	hémorragie pulmonaire		
pb	539-540	0269	4878216
pb	541-542	0270	4878217
pb	543-544	0271	4878218
pb	545-546	0272	4878219
pb	547-548	0273	4878220
entry	Hémorroïdes	1	
pb	549-550	0274	4878221
entry	Hépatalgie	0	
entry	Hépatite	1	
pb	551-552	0275	4878222
entry	Hernies	1	
pb	553-554	0276	4878223
entry	Hippocratique (Face)	0	
entry	Homoeopathie	7	
pb	555-556	0277	4878224
pb	557-558	0278	4878225
pb	559-560	0279	4878226
pb	561-562	0280	4878227
pb	563-564	0281	4878228
pb	565-566	0282	4878229
pb	567-568	0283	4878230
entry	Hoquet	0	
entry	Houblon	0	
entry	Houx	1	
pb	569-570	0284	4878231
entry	Huiles	2	
pb	571-572	0285	4878232
pb	573-574	0286	4878233
entry	Humorisme et Humoristes	1	
orth	Humorisme		
orth	Humoristes		
pb	575-576	0287	4878234
entry	Hydrarthrose	0	
entry	Hydrocèle	0	
entry	Hydrocéphale	0	
entry	Hydrophobie	0	
entry	Hydrophthalmie	0	
entry	Hydropisie	5	
pb	577-578	0288	4878235
pb	579-580	0289	4878236
pb	581-582	0290	4878237
pb	583-584	0291	4878238
pb	585-586	0292	4878239
entry	Hydrorachis	1	
pb	587-588	0293	4878240
entry	Hydro-sarcocèle	1	
pb	589-590	0294	4878241
entry	Hygiène	5	
pb	591-592	0295	4878242
pb	593-594	0296	4878243
pb	595-596	0297	4878244
pb	597-598	0298	4878245
pb	599-600	0299	4878246
entry	Hyperesthénie	0	
entry	Hyperesthésie	0	
entry	Hypocondrie	1	
pb	601-602	0300	4878247
entry	Hystérie	2	
pb	603-604	0301	4878248
pb	605-606	0302	4878249
entry	Iatraleptique	0	
entry	Ichthyose	1	
pb	607-608	0303	4878250
entry	Ictère	0	
entry	Idiopathique	0	
entry	Idiosyncrasie	0	
entry	Idiotie	0	
entry	Ileus	0	
entry	Imbécilité	0	
entry	Impetigo	0	
entry	Impotence	0	
entry	Impuissance	0	
entry	Incontinence d'urine	0	
entry	Incube	0	
entry	Indication	0	
entry	Indigestion	0	
entry	Inflammation	2	
pb	609-610	0304	4878251
pb	611-612	0305	4878252
entry	Inflammatoire	2	
pb	613-614	0306	4878253
pb	615-616	0307	4878254
entry	Infusion	0	
entry	Infusoires	0	
entry	Ingesta	0	
entry	Injection	0	
entry	Insolation	1	
pb	617-618	0308	4878255
entry	Insomnie	0	
entry	Inspiration	0	
entry	Insufflation	0	
entry	Intense, Intensité	0	
orth	Intense		
orth	Intensité		
entry	Intension	0	
entry	Intermittence ou Intermission	0	
orth	Intermittence		
orth	Intermission		
entry	Intermittent	0	
entry	Intertrigo	1	
pb	619-620	0309	4878256
entry	Intestin	0	
entry	Iode	3	
pb	621-622	0310	4878257
pb	623-624	0311	4878258
pb	625-626	0312	4878259
entry	Ipécacuanha	3	
pb	627-628	0313	4878260
pb	629-630	0314	4878261
pb	631-632	0315	4878262
entry	Iris	0	
entry	Irritabilité	0	
entry	Irritable	0	
entry	Irritant	0	
entry	Irritation	0	
entry	Ischurie	0	
entry	Ivresse	0	
entry	Jalap	1	
pb	633-634	0316	4878263
entry	Jaunisse, ou Ictère	2	
orth	Jaunisse		
orth	Ictère		
pb	635-636	0317	4878264
pb	637-638	0318	4878265
entry	Jejunum	0	
entry	Jeunesse	0	
entry	Jours critiques	0	
entry	Julep	0	
entry	Jusquiame	1	
pb	639-640	0319	4878266
entry	Karabe	0	
entry	Kermès	0	
entry	Kilogramme	0	
entry	Kyste	1	
pb	641-642	0320	4878267
entry	Lacrymal, ale	0	
orth	Lacrymal		
entry	Laitue	1	
pb	643-644	0321	4878268
entry	Langue	0	
entry	Larmoiement	0	
entry	Laryngite	0	
entry	Laryngotomie	0	
entry	Larynx	1	
pb	645-646	0322	4878269
entry	Laudanum	0	
entry	Laurier	1	
pb	647-648	0323	4878270
entry	Laxatifs	0	
entry	Lèpre	0	
entry	Lésions organiques	0	
entry	Léthargie	0	
entry	Leucophlegmatie	0	
entry	Leucorrhée, ou flueurs blanches	1	
orth	Leucorrhée		
orth	flueurs blanches		
pb	649-650	0324	4878271
entry	Lientérie	1	
pb	651-652	0325	4878272
entry	Lierre terrestre	0	
entry	Lin	0	
entry	Liniment	1	
pb	653-654	0326	4878273
entry	Lipothymie	0	
entry	Lithotomie	0	
entry	Loch	0	
entry	Lochies	1	
pb	655-656	0327	4878274
entry	Lotion	0	
entry	Loupe	1	
pb	657-658	0328	4878275
entry	Lumbago	0	
entry	Lunatique	0	
entry	Lupus	0	
entry	Luxation	1	
pb	659-660	0329	4878276
entry	Lycanthropie	0	
entry	Lymphatiques	0	
entry	Lymphe	0	
entry	Macération	0	
entry	Magnésie	1	
pb	661-662	0330	4878277
entry	Magnétisme	3	
pb	663-664	0331	4878278
pb	665-666	0332	4878279
pb	667-668	0333	4878280
entry	Malacie ou Malacia	0	
orth	Malacie		
orth	Malacia		
entry	Mal caduc	0	
entry	Mal d'aventure	0	
entry	Mal de coeur	0	
entry	Mal d'enfant	0	
entry	Mal des ardents	0	
entry	Mal d'estomac	0	
entry	Mal français	0	
entry	Mal (Haut)	0	
entry	Mal de mer	0	
entry	Mal de mère	0	
entry	Mal de siam	0	
entry	Mal de tête	0	
entry	Malade	1	
pb	669-670	0334	4878281
entry	Maladie	1	
pb	671-672	0335	4878282
entry	Maladies mentales	6	
pb	673-674	0336	4878283
pb	675-676	0337	4878284
pb	677-678	0338	4878285
pb	679-680	0339	4878286
pb	681-682	0340	4878287
pb	683-684	0341	4878288
entry	Maladies nerveuses	0	
entry	Maladie noire	0	
entry	Maladie du pays	0	
entry	Maladie pédiculaire	0	
entry	Maladie vénérienne	0	
entry	Maladif, ive	0	
orth	Maladif		
entry	Malaise	0	
entry	Maligne (Fièvre)	0	
entry	Maligne (Pustule)	0	
pb	685-686	0342	4878289
entry	Malignité	0	
entry	Manne	0	
entry	Manuluve	0	
entry	Marasme	0	
entry	Marronnier d'Inde	0	
entry	Mars	0	
entry	Mars (Boule de)	0	
entry	Matrice	1	
pb	687-688	0343	4878290
entry	Maturatifs	0	
entry	Médicament	0	
entry	Médication	0	
entry	Médicinal, ale	0	
orth	Médicinal		
entry	Melaena	0	
entry	Mélancolie	1	
pb	689-690	0344	4878291
entry	Mélas	0	
entry	Mélicéris	0	
entry	Mélisse	0	
entry	Mélitagre	1	
pb	691-692	0345	4878292
entry	Membrane	0	
entry	Méninges	1	
pb	693-694	0346	4878293
entry	Ménorrhagie	0	
entry	Menstruation	6	
pb	695-696	0347	4878294
pb	697-698	0348	4878295
pb	699-700	0349	4878296
pb	701-702	0350	4878297
pb	703-704	0351	4878298
pb	705-706	0352	4878299
entry	Menstrues	0	
entry	Mentagre	1	
pb	707-708	0353	4878300
entry	Mentales (Maladies)	0	
entry	Menthe	1	
pb	709-710	0354	4878301
entry	Mercure	2	
pb	711-712	0355	4878302
pb	713-714	0356	4878303
entry	Mérycisme	0	
entry	Mésentérite	0	
entry	Métastase	0	
entry	Météorisme	1	
pb	715-716	0357	4878304
entry	Méthode	5	
pb	717-718	0358	4878305
pb	719-720	0359	4878306
pb	721-722	0360	4878307
pb	723-724	0361	4878308
pb	725-726	0362	4878309
entry	Méthodistes	0	
entry	Métralgie	0	
entry	Métrite	0	
entry	Métrorrhagie	0	
entry	Miasme	1	
pb	727-728	0363	4878310
entry	Migraine	1	
pb	729-730	0364	4878311
entry	Miliaire	1	
pb	731-732	0365	4878312
entry	Minoratif	0	
entry	Miséréré	2	
pb	733-734	0366	4878313
pb	735-736	0367	4878314
entry	Mois	0	
entry	Moiteur	0	
entry	Molaire ou Meulière	0	
orth	Molaire		
orth	Meulière		
entry	Mole	0	
entry	Monographie	0	
entry	Monomanie	0	
entry	Monstre ou Monstruosité	1	
orth	Monstre		
orth	Monstruosité		
pb	737-738	0368	4878315
entry	Morbide	0	
entry	Morbifique	0	
entry	Morbilleuse	0	
entry	Mordicant, ante	0	
orth	Mordicant		
entry	Morelle	0	
entry	Morose	0	
entry	Mort	2	
pb	739-740	0369	4878316
pb	741-742	0370	4878317
entry	Mortification	0	
entry	Motilité	0	
entry	Moucheture	0	
entry	Mousse de Corse	0	
entry	Moutarde	1	
pb	743-744	0371	4878318
entry	Moxa	0	
entry	Muguet	0	
entry	Muqueux	1	
pb	745-746	0372	4878319
entry	Muriate	0	
entry	Muriatique (Acide)	0	
entry	Musc	2	
pb	747-748	0373	4878320
pb	749-750	0374	4878321
entry	Muscle	0	
entry	Museau de tanche	0	
entry	Musique	3	
pb	751-752	0375	4878322
pb	753-754	0376	4878323
pb	755-756	0377	4878324
entry	Mussitation	0	
entry	Mutité ou Mutisme	0	
orth	Mutité		
orth	Mutisme		
entry	Mydriase	0	
entry	Myélite	1	
pb	757-758	0378	4878325
entry	Myopie	0	
entry	Myositis ou Myosite	0	
orth	Myositis		
orth	Myosite		
entry	Naphte	0	
entry	Narcisse	0	
entry	Narcotine	0	
entry	Narcotique	0	
entry	Nausée	0	
entry	Nécrose	1	
pb	759-760	0379	4878326
entry	Néoplastie	0	
entry	Néphralgie	1	
pb	761-762	0380	4878327
entry	Néphrétique ou Néphritique	0	
orth	Néphrétique		
orth	Néphritique		
entry	Néphrite	0	
entry	Nerf	2	
pb	763-764	0381	4878328
pb	765-766	0382	4878329
entry	Nerprun	0	
entry	Nerveux, euse	2	
orth	Nerveux		
pb	767-768	0383	4878330
pb	769-770	0384	4878331
entry	Névralgie	2	
pb	771-772	0385	4878332
pb	773-774	0386	4878333
entry	Névroses	4	
pb	775-776	0387	4878334
pb	777-778	0388	4878335
pb	779-780	0389	4878336
pb	781-782	0390	4878337
entry	Nez	1	
pb	783-784	0391	4878338
entry	Nitre	0	
entry	Noix vomique	1	
pb	785-786	0392	4878339
entry	Noli me tangere	0	
entry	Nosocomial, e	0	
orth	Nosocomial		
entry	Nosographie	0	
entry	Nosologie	0	
entry	Nostalgie	0	
entry	Nutrition	1	
pb	787-788	0393	4878340
entry	Nyctalopie	0	
entry	Nymphomanie	1	
pb	789-790	0394	4878341
entry	Odontalgie	1	
pb	791-792	0395	4878342
entry	Odorat	0	
entry	Oedème	0	
entry	Oeil	0	
entry	Oesophage	0	
entry	Oesophagisme	0	
entry	Oesophagotomie	1	
pb	793-794	0396	4878343
entry	Olfaction	0	
entry	Ongle	1	
pb	795-796	0397	4878344
entry	Ophthalmie	2	
pb	797-798	0398	4878345
pb	799-800	0399	4878346
entry	Opisthotonos	0	
entry	Opium	2	
pb	801-802	0400	4878347
pb	803-804	0401	4878348
entry	Opodeldoch (Baume)	1	
pb	805-806	0402	4878349
entry	Oppression	0	
entry	Or	2	
pb	807-808	0403	4878350
pb	809-810	0404	4878351
entry	Oranger	0	
entry	Orchite	0	
entry	Oreille	0	
entry	Oreillon	1	
pb	811-812	0405	4878352
entry	Orge	0	
entry	Orgeolet	0	
entry	Orthopédie	2	
pb	813-814	0406	4878353
pb	815-816	0407	4878354
entry	Orthopnée	0	
entry	Ortiée (Fièvre)	0	
entry	Ostéocope	0	
entry	Otalgie	0	
entry	Otite	1	
pb	817-818	0408	4878355
entry	Otorrhée	0	
entry	Ouïe	0	
entry	Ovaire	1	
pb	819-820	0409	4878356
entry	Oxycrat	0	
entry	Oxymel	0	
entry	Ozène	0	
entry	Pâles couleurs	0	
entry	Palpitation	1	
pb	821-822	0410	4878357
entry	Panaris	1	
pb	823-824	0411	4878358
entry	Pancréalgie	0	
entry	Pancréas	0	
entry	Pancréatite	0	
entry	Paralysie	2	
pb	825-826	0412	4878359
pb	827-828	0413	4878360
entry	Paraphimosis	1	
pb	829-830	0414	4878361
entry	Parole	0	
entry	Parotide	0	
entry	Parotidite	0	
entry	Paroxysme	0	
entry	Passif, ive	0	
orth	Passif		
entry	Passion	0	
entry	Passion iliaque	0	
entry	Pathognomonique	0	
entry	Pathologie	0	
entry	Patience	1	
pb	831-832	0415	4878362
entry	Pavot	0	
entry	Peau	0	
entry	Pêcher	0	
entry	Pédarthrocace	0	
pb	833-834	0416	4878363
entry	Pédiluve	0	
entry	Pellagre	0	
entry	Pemphigus	0	
entry	Pensée	0	
entry	Percussion	1	
pb	835-836	0417	4878364
entry	Péricardite	1	
pb	837-838	0418	4878365
entry	Périodicité, Périodique	0	
orth	Périodicité		
orth	Périodique		
entry	Péripneumonie	0	
entry	Péritoine	0	
entry	Péritonite	2	
pb	839-840	0419	4878366
pb	841-842	0420	4878367
entry	Pernicieux, euse	0	
orth	Pernicieux		
entry	Perte utérine	0	
entry	Peste	0	
entry	Pétéchies	0	
entry	Petit-lait	1	
pb	843-844	0421	4878368
entry	Petite-vérole	0	
entry	Pharyngite	0	
entry	Pharyngotomie	0	
entry	Pharynx	0	
entry	Phellandrium aquaticum	0	
entry	Phimosis	0	
entry	Phlébite	0	
entry	Phlébotomie	0	
entry	Phlegmasie	0	
entry	Phlegme	0	
entry	Phlegmon	0	
entry	Phlogose	0	
entry	Phlyctènes	0	
entry	Phrénésie	0	
entry	Phrénologie	0	
entry	Phtiriase	1	
pb	845-846	0422	4878369
entry	Phthisie	4	
pb	847-848	0423	4878370
pb	849-850	0424	4878371
pb	851-852	0425	4878372
pb	853-854	0426	4878373
entry	Physiologie	0	
entry	Pica	0	
entry	Pierre	0	
entry	Pissement de pus	0	
entry	Pissement de sang	0	
entry	Pituite	0	
entry	Pituiteux, euse	0	
orth	Pituiteux		
entry	Pityriase	0	
entry	Plaie	1	
pb	855-856	0427	4878374
entry	Pléthore	1	
pb	857-858	0428	4878375
entry	Pleurésie	0	
entry	Pleurodynie	0	
entry	Pleuro-pneumonie	0	
entry	Plèvre	1	
pb	859-860	0429	4878376
entry	Plique	2	
pb	861-862	0430	4878377
pb	863-864	0431	4878378
entry	Plomb	2	
pb	865-866	0432	4878379
pb	867-868	0433	4878380
entry	Pneumonie	3	
pb	869-870	0434	4878381
pb	871-872	0435	4878382
pb	873-874	0436	4878383
entry	Podagre	0	
entry	Poisons	1	
pb	875-876	0437	4878384
entry	Pollutions	0	
entry	Polype	0	
entry	Polysarcie	1	
pb	877-878	0438	4878385
entry	Porcelaine	0	
entry	Porreau	0	
entry	Porrigo	0	
entry	Poulain	0	
entry	Pouls	1	
pb	879-880	0439	4878386
entry	Poumon	0	
entry	Pourpre	0	
entry	Presbytie, ou presbiopia	0	
orth	Presbytie		
orth	presbiopia		
entry	Priapisme	0	
entry	Prosopalgie	1	
pb	881-882	0440	4878387
entry	Prostration	0	
entry	Prurit	0	
entry	Psoitis	0	
entry	Ptyalisme	0	
entry	Purgatifs	1	
pb	883-884	0441	4878388
entry	Pustule maligne	0	
entry	Putride	0	
entry	Putridité	0	
entry	Pyogénie	0	
entry	Pyrosis	0	
entry	Pyurie	0	
entry	Quarte	0	
entry	Quassia	1	
pb	885-886	0442	4878389
entry	Quinquina	3	
pb	887-888	0443	4878390
pb	889-890	0444	4878391
pb	891-892	0445	4878392
entry	Quotidienne	0	
entry	Rachitis	4	
pb	893-894	0446	4878393
pb	895-896	0447	4878394
pb	897-898	0448	4878395
pb	899-900	0449	4878396
entry	Ratanhia	1	
pb	901-902	0450	4878397
entry	Rate	1	
pb	903-904	0451	4878398
entry	Redoublement	0	
entry	Reins	0	
entry	Règles	0	
entry	Rémission	0	
entry	Rémittent, e	0	
orth	Rémittent		
entry	Répercussif	0	
entry	Résolutif, ive	1	
orth	Résolutif		
pb	905-906	0452	4878399
entry	Respiration	1	
pb	907-908	0453	4878400
entry	Rétention d'urine	0	
entry	Rêvasserie	0	
entry	Révulsif, ive	0	
orth	Révulsif		
entry	Rhagades	0	
entry	Rhubarbe	1	
pb	909-910	0454	4878401
entry	Rhumatalgie	0	
entry	Rhumatisme	3	
pb	911-912	0455	4878402
pb	913-914	0456	4878403
pb	915-916	0457	4878404
entry	Rhume	0	
entry	Rhume de cerveau	0	
entry	Rougeole	1	
pb	917-918	0458	4878405
entry	Rue ou Rhue	1	
orth	Rue		
orth	Rhue		
pb	919-920	0459	4878406
entry	Sabine	0	
entry	Saburres gastriques et intestinales	0	
orth	Saburres gastriques		
orth	intestinales		
entry	Safran	0	
entry	Saignée	6	
pb	921-922	0460	4878407
pb	923-924	0461	4878408
pb	925-926	0462	4878409
pb	927-928	0463	4878410
pb	929-930	0464	4878411
pb	931-932	0465	4878412
entry	Saignement de nez	0	
entry	Salivation	0	
entry	Salseparielle	1	
pb	933-934	0466	4878413
entry	Sang	1	
pb	935-936	0467	4878414
entry	Sangsue	0	
entry	Sanguin (Tempérament)	0	
entry	Saponaire	0	
entry	Sarcocèle	0	
entry	Sassafras	0	
entry	Satyriasis	1	
pb	937-938	0468	4878415
entry	Scarlatine	1	
pb	939-940	0469	4878416
entry	Sciatique	2	
pb	941-942	0470	4878417
pb	943-944	0471	4878418
entry	Scille	1	
pb	945-946	0472	4878419
entry	Scorbut	2	
pb	947-948	0473	4878420
pb	949-950	0474	4878421
entry	Scrofules (écrouelles)	3	
pb	951-952	0475	4878422
pb	953-954	0476	4878423
pb	955-956	0477	4878424
entry	Seigle ergoté	1	
pb	957-958	0478	4878425
entry	Semence	0	
entry	Séné	0	
entry	Séton	1	
pb	959-960	0479	4878426
entry	Sevrage	0	
entry	Sinapisme	1	
pb	961-962	0480	4878427
entry	Soda (fer chaud, crémason, ardeur d'estomac)	0	
entry	Soif	0	
entry	Somnambulisme	1	
pb	963-964	0481	4878428
entry	Soufre	0	
entry	Spasme	0	
entry	Spécifique	0	
entry	Sperme (semence, liqueur séminale)	2	
pb	965-966	0482	4878429
pb	967-968	0483	4878430
entry	Sphacèle	0	
entry	Spina-bifida, ou Hydrorachis	0	
orth	Spina-bifida		
orth	Hydrorachis		
entry	Spina-ventosa	0	
entry	Splénite ou splenitis	1	
orth	Splénite		
orth	splenitis		
pb	969-970	0484	4878431
entry	Squine	0	
entry	Squirrhe (le Dictionnaire de l'Académie écrit Squirre)	0	
entry	Staphylome	0	
entry	Stéatome	0	
entry	Sthénie, Sthenia, Sthénique	0	
orth	Sthénie		
orth	Sthenia		
orth	Sthénique		
entry	Stimulant, ante	0	
orth	Stimulant		
entry	Stomacace	1	
pb	971-972	0485	4878432
entry	Strabisme	0	
entry	Strangurie	0	
entry	Succin	0	
entry	Succube	1	
pb	973-974	0486	4878433
entry	Sudorifiques	5	
pb	975-976	0487	4878434
pb	977-978	0488	4878435
pb	979-980	0489	4878436
pb	981-982	0490	4878437
pb	983-984	0491	4878438
entry	Suette	0	
entry	Syncope	1	
pb	985-986	0492	4878439
entry	Syphilis (vérole, maladie vénérienne)	5	
pb	987-988	0493	4878440
pb	989-990	0494	4878441
pb	991-992	0495	4878442
pb	993-994	0496	4878443
pb	995-996	0497	4878444
entry	Tabac	1	
pb	997-998	0498	4878445
entry	Tact	2	
pb	999-1000	0499	4878446
pb	1001-1002	0500	4878447
entry	Taxis	0	
entry	Teigne	1	
pb	1003-1004	0501	4878448
entry	Tempérament	1	
pb	1005-1006	0502	4878449
entry	Ténesme (épreinte)	0	
entry	Ténia	0	
entry	Térébenthine	2	
pb	1007-1008	0503	4878450
pb	1009-1010	0504	4878451
entry	Tétanos	2	
pb	1011-1012	0505	4878452
pb	1013-1014	0506	4878453
entry	Thérapeutique	0	
entry	Thorax	1	
pb	1015-1016	0507	4878454
entry	Tic douloureux de la face	0	
entry	Tisane	0	
entry	Tonique	0	
entry	Torticolis	1	
pb	1017-1018	0508	4878455
entry	Toxicologie	0	
entry	Trachée-artère	0	
entry	Tranchées 	0	
pb	1019-1020	0509	4878456
entry	Tranchées	0	
entry	Transfusion	0	
entry	Transpiration	2	
pb	1021-1022	0510	4878457
pb	1023-1024	0511	4878458
entry	Trichiasis	0	
entry	Trismus	0	
entry	Trousse-galant	0	
entry	Tumeur	0	
entry	Tumeur blanche	1	
pb	1025-1026	0512	4878459
entry	Tympanite	0	
entry	Typhus	4	
pb	1027-1028	0513	4878460
pb	1029-1030	0514	4878461
pb	1031-1032	0515	4878462
pb	1033-1034	0516	4878463
pb	1035-1036	0517	4878464
entry	Ulcère	1	
pb	1037-1038	0518	4878465
entry	Uretères	1	
pb	1039-1040	0519	4878466
entry	Urètre	0	
entry	Urétrite	0	
entry	Urine	1	
pb	1041-1042	0520	4878467
entry	Urticaire (fièvre ortiée)	1	
pb	1043-1044	0521	4878468
entry	Urtication	0	
entry	Vaccin, Vaccination, Vaccine	0	
orth	Vaccin		
orth	Vaccination		
orth	Vaccine		
entry	Vaccine	2	
pb	1045-1046	0522	4878469
pb	1047-1048	0523	4878470
entry	Vaginite	0	
entry	Valériane	0	
entry	Vapeurs	0	
entry	Varicelle	1	
pb	1049-1050	0524	4878471
entry	Varice	0	
entry	Varicocèle	1	
pb	1051-1052	0525	4878472
entry	Variole (petite vérole)	4	
pb	1053-1054	0526	4878473
pb	1055-1056	0527	4878474
pb	1057-1058	0528	4878475
pb	1059-1060	0529	4878476
entry	Varioloïde	0	
entry	Ventouse	1	
pb	1061-1062	0530	4878477
entry	Ventre	0	
entry	Vermifuge	0	
entry	Vérole	0	
entry	Verrue	1	
pb	1063-1064	0531	4878478
entry	Vers (helminthes)	2	
pb	1065-1066	0532	4878479
pb	1067-1068	0533	4878480
entry	Vertige	0	
entry	Vésicatoire	2	
pb	1069-1070	0534	4878481
pb	1071-1072	0535	4878482
entry	Vessie	0	
entry	Vieillesse	0	
entry	Virus	0	
entry	Vision	3	
pb	1073-1074	0536	4878483
pb	1075-1076	0537	4878484
pb	1077-1078	0538	4878485
entry	Vitalisme	0	
entry	Voix	2	
pb	1079-1080	0539	4878486
pb	1081-1082	0540	4878487
entry	Volvulus	0	
entry	Vomique	0	
entry	Vomissement	1	
pb	1083-1084	0541	4878488
entry	Vomitifs	2	
pb	1085-1086	0542	4878489
pb	1087-1088	0543	4878490
pb	1089-1090	0544	4878491
entry	Yaws	0	
entry	Zinc	0	
entry	Zona ou Zoster (érysipèle pustuleux)	1	
orth	Zona		
orth	Zoster (érysipèle pustuleux)		
pb	1089-1090	0545	4878492
pb	1093-1094	0546	4878493
entry	Table alphabétique des matières contenues dans ce volume	5	
pb	1095-1096	0547	4878494
pb	1097-1098	0548	4878495
pb	1099-1100	0549	4878496
pb	1101-1102	0550	4878497
pb	1103-1104	0551	4878498
