pb	[sans numérotation]	0001	5896724
entry	Page de titre]
pb	[page blanche]	0002	5896725
pb	1	0003	5896726
entry	Dictionnaire oeconomique contenant les moïens d'augmenter et conserver son bien et même sa santé
entry	Macaron
entry	Macer
entry	Macération
entry	Maceron
pb	2	0004	5896727
entry	Mâche
entry	Machicatoire
entry	Maçons
entry	Magistère
entry	Magistrat
pb	3	0005	5896728
entry	Mahaleb
entry	Mahutes
entry	Maigre
entry	Maille
entry	Maintenir
entry	Maire
entry	Maître
pb	4	0006	5896729
entry	Makelaer
entry	Mal
pb	5	0007	5896730
entry	Maladie
entry	Malder
entry	Mallard
pb	6	0008	5896731
entry	Malléable
entry	Mamelle
entry	Mamotbani
entry	Manche
entry	Mandragore
entry	Mangeures
entry	Manie
entry	Manioc
pb	7	0009	5896732
entry	Manne
entry	Manteleures
entry	Manufactures
pb	8	0010	5896733
pb	9	0011	5896734
entry	Maque
entry	Maquignon
pb	10	0012	5896735
entry	Maracas
entry	Marbre
entry	Marcassins
entry	Marcassite
entry	Marchand
pb	11	0013	5896736
pb	12	0014	5896737
pb	13	0015	5896738
entry	Marche
entry	Marcote
entry	Mare
pb	14	0016	5896739
entry	Marechez
entry	Marger
entry	Margoter
entry	Marguerite
entry	Marguillier
entry	Mariage
pb	15	0017	5896740
entry	Marinade
entry	Marjolaine
entry	Marmelade
entry	Marne
pb	16	0018	5896741
entry	Marron
entry	Marrube
entry	Mars
pb	17	0019	5896742
pb	18	0020	5896743
entry	Martagon
entry	Martelées
entry	Massacre
entry	Massepain
entry	Mastic
entry	Masticatoires
entry	Matière
entry	Matras
pb	19	0021	5896744
entry	Matricaire
entry	Matrice
entry	Mauve
entry	Mai
pb	20	0022	5896745
pb	21	0023	5896746
entry	Maïs
entry	Méchoacan
entry	Médecine
pb	22	0024	5896747
pb	23	0025	5896748
entry	Mélancolie
entry	Melese
entry	Mélilot
pb	24	0026	5896749
entry	Mélisse
entry	Melon
pb	25	0027	5896750
entry	Membrure
entry	Mémoire
entry	Mendicité
pb	26	0028	5896751
entry	Menée
entry	Mener
entry	Menstrue
entry	Menstrues
entry	Menthe
entry	Menues
entry	Menus
entry	Menuisier
entry	Mercier
entry	Mercure
pb	27	0029	5896752
pb	28	0030	5896753
entry	Mercuriale
entry	Mères
entry	Mère
entry	Merisier
pb	29	0031	5896754
entry	Merle
pb	30	0032	5896755
entry	Merveille du Pérou
entry	Mesure
pb	31	0033	5896756
entry	Métaux
entry	Meule
entry	Meules
entry	Meum
entry	Meure
entry	Meurier
pb	32	0034	5896757
entry	Meurtre
entry	Meurtrissure
pb	33	0035	5896758
entry	Micote
entry	Miel
entry	Mignardise
entry	Mignature
pb	34	0036	5896759
pb	35	0037	5896760
pb	36	0038	5896761
pb	37	0039	5896762
pb	38	0040	5896763
pb	39	0041	5896764
pb	40	0042	5896765
pb	41	0043	5896766
pb	42	0044	5896767
pb	43	0045	5896768
entry	Mignone
entry	Mignotie
entry	Migraine
entry	Mil
entry	Millefeuille
entry	Mille-pertuis
pb	44	0046	5896769
entry	Millet
entry	Mine
entry	Minium
entry	Mirlicoton
entry	Missionnaires
pb	45	0047	5896770
pb	46	0048	5896771
entry	Mithridat
entry	Mitre
entry	Moca
entry	Moëlle
pb	47	0049	5896772
entry	Mois
entry	Mole
entry	Molette
entry	Mollet
entry	Moly bulbeux
entry	Mom de Bronswic
entry	Monnoie
entry	Monoyère
entry	Monter
entry	Morelle
entry	Morgeline
pb	48	0050	5896773
entry	Morille
entry	Morts de diable
entry	Mort au Chien
entry	Mort aux rats
entry	Mortain
entry	Mort-bois
entry	Morte-charge
entry	Morte-saison
entry	Mortical
entry	Mortier
entry	Morve
entry	Mots
entry	Motte
entry	Mouche
pb	49	0051	5896774
pb	50	0052	5896775
pb	51	0053	5896776
pb	52	0054	5896777
pb	53	0055	5896778
pb	54	0056	5896779
pb	55	0057	5896780
pb	56	0058	5896781
pb	57	0059	5896782
pb	58	0060	5896783
pb	59	0061	5896784
entry	Mout
entry	Moutarde
entry	Mouton
pb	60	0062	5896785
entry	Mouver
entry	Mue
entry	Muffle
entry	Muguet
entry	Mules
entry	Mulet
entry	Mulot
entry	Multipliction
entry	Muraille
pb	61	0063	5896786
entry	Musc
entry	Muscade
entry	Muscat
pb	62	0064	5896787
entry	Muzer
entry	Myrrhe
entry	Myrte
pb	63	0065	5896788
entry	Nain
entry	N'Aller
entry	Naphte
entry	Nappe
entry	Narcisse
pb	64	0066	5896789
entry	Nard
entry	Nasse
entry	Naveau
pb	65	0067	5896790
entry	Navette
entry	Navrer
entry	Neffle
pb	66	0068	5896791
entry	Négociant
pb	67	0069	5896792
entry	Nénuphar
pb	68	0070	5896793
entry	Nerf
entry	Nerprun
entry	Nez
pb	69	0071	5896794
entry	Nicotiane
pb	70	0072	5896795
pb	71	0073	5896796
pb	72	0074	5896797
pb	73	0075	5896798
pb	74	0076	5896799
pb	75	0077	5896800
pb	76	0078	5896801
pb	77	0079	5896802
entry	Nielle
entry	Nitre
entry	Niveau
pb	78	0080	5896803
entry	Niveler
entry	Noeuds
entry	Noyer
pb	79	0081	5896804
pb	80	0082	5896805
entry	Noir
entry	Noisettes terrestres
entry	Noisetier
pb	81	0083	5896806
entry	Noix
entry	Noli me tangere
entry	Nombre d'or
entry	Nombres
entry	Nombril
entry	Notaire
pb	82	0084	5896807
pb	83	0085	5896808
entry	Nouées
entry	Novembre
pb	84	0086	5896809
entry	Nourrice
entry	Nouveauté
entry	Nuille
entry	Nymphea
pb	85	0087	5896810
entry	Oblong
entry	Obstruction
entry	Ocre
entry	Octobre
entry	Oeil
entry	Oeillet
entry	Oenanthe
entry	Oesophage
pb	86	0088	5896811
entry	Oeufs
entry	Oeuil
pb	87	0089	5896812
pb	88	0090	5896813
entry	Oeuillet d'inde
entry	Oignon
pb	89	0091	5896814
entry	Oiseau
pb	90	0092	5896815
pb	91	0093	5896816
pb	92	0094	5896817
pb	93	0095	5896818
pb	94	0096	5896819
pb	95	0097	5896820
pb	96	0098	5896821
pb	97	0099	5896822
pb	98	0100	5896823
pb	99	0101	5896824
pb	100	0102	5896825
pb	101	0103	5896826
entry	Oison
entry	Olivier
entry	Omelette au Lard
entry	Ongle
entry	Onguent
pb	102	0104	5896827
pb	103	0105	5896828
pb	104	0106	5896829
entry	Opiate
entry	Or
pb	105	0107	5896830
pb	106	0108	5896831
entry	Oranger
pb	107	0109	5896832
entry	Orcanette
entry	Ordinaires
entry	Oreille
pb	108	0110	5896833
pb	109	0111	5896834
pb	110	0112	5896835
entry	Orge
pb	111	0113	5896836
entry	Origan
entry	Orme
entry	Ormin
entry	Ornitogale
entry	Orobanche
entry	Orpin
pb	112	0114	5896837
entry	Ortie
entry	Ortolan
pb	113	0115	5896838
entry	Orvale
entry	Orviétan
entry	Os
pb	114	0116	5896839
entry	Oseille
entry	Osier
entry	Outremer
entry	Ouvary
entry	Ouvertes
entry	Oie
entry	Ozeille
pb	115	0117	5896840
entry	Ozier
pb	116	0118	5896841
entry	Paillasson
entry	Paille
pb	117	0119	5896842
entry	Pain
pb	118	0120	5896843
entry	Page
pb	119	0121	5896844
entry	Palfreniers
entry	Palma christi
entry	Palmier
entry	Palais
entry	Pales couleurs
entry	Palissade
entry	Palisser
entry	Palpitation
pb	120	0122	5896845
entry	Panacée
entry	Panacez
pb	121	0123	5896846
entry	Panache
entry	Panais
entry	Pancaliers
entry	Panic
entry	Panicaut
entry	Pan
entry	Pans
entry	Pantière
pb	122	0124	5896847
pb	123	0125	5896848
pb	124	0126	5896849
pb	125	0127	5896850
entry	Pantère
entry	Paon
entry	Papier
entry	Paquerette
entry	Pâques
entry	Paralisie
pb	126	0128	5896851
entry	Parallèle
entry	Parc
entry	Parchasser
entry	Parchemin
entry	Parelle
entry	Paresse
entry	Parfum
entry	Pariétaire
pb	[page blanche]	0129	5896852
pb	[sans numérotation]	0130	5896853
pb	127	0131	5896854
entry	Parotides
entry	Parterre
pb	128	0132	5896855
pb	[page blanche]	0133	5896856
pb	[sans numérotation]	0134	5896857
pb	[page blanche]	0135	5896858
pb	[sans numérotation]	0136	5896859
pb	129	0137	5896860
pb	130	0138	5896861
pb	131	0139	5896862
entry	Pasquerette
entry	Passefeeur
entry	Passement
entry	Passer à la claie
entry	Passerage
entry	Passevelours
entry	Passion
entry	Pastel
entry	Pastenades
entry	Pastilles
entry	Pâte
pb	132	0140	5896863
entry	Paté
entry	Pater
entry	Pateux
entry	Pâtisseries
entry	Patte
entry	Patte de lion
entry	Pâture
entry	Pâturage
pb	133	0141	5896864
entry	Pavie
entry	Pavot
entry	Pauvres
pb	134	0142	5896865
pb	135	0143	5896866
entry	Peau
entry	Pescher
pb	136	0144	5896867
pb	137	0145	5896868
pb	138	0146	5896869
entry	Pécher
entry	Peigne
entry	Peintres
entry	Pelage
entry	Pelle
entry	Pelleteroe
entry	Pellican
entry	Pensée
entry	Peone
entry	Pépie
pb	139	0147	5896870
entry	Pépinière
pb	140	0148	5896871
pb	141	0149	5896872
entry	Perce-feuille
pb	142	0150	5896873
entry	Perce-oreilles
entry	Percepierre
entry	Percer
entry	Perches
entry	Perchis
entry	Perdrix
pb	143	0151	5896874
pb	144	0152	5896875
pb	145	0153	5896876
pb	146	0154	5896877
pb	147	0155	5896878
pb	148	0156	5896879
pb	149	0157	5896880
pb	150	0158	5896881
pb	151	0159	5896882
pb	152	0160	5896883
pb	153	0161	5896884
pb	154	0162	5896885
entry	Péripneumonie
entry	Perles
pb	155	0163	5896886
entry	Perlures
entry	Perroquet
entry	Persil
entry	Pervenche
pb	156	0164	5896887
entry	Pesche
entry	Pescher
entry	Peser
entry	Pesse
entry	Peste
pb	157	0165	5896888
pb	158	0166	5896889
entry	Petreau
entry	Petun
entry	Peuplier
entry	Phaseole
pb	159	0167	5896890
entry	Phellodrys
entry	Phillirea
entry	Phillon
entry	Phrenésie
entry	Phtisie
entry	Phyllon
entry	Pied
pb	160	0168	5896891
entry	Pierre
pb	161	0169	5896892
pb	162	0170	5896893
pb	163	0171	5896894
entry	Pierrée
entry	Pierreux
entry	Pierrures
entry	Pieu
entry	Pigache
entry	Pigeon
pb	164	0172	5896895
pb	165	0173	5896896
entry	Pile
entry	Pillart
entry	Piloselle
pb	166	0174	5896897
entry	Pimprenelle
entry	Pin
entry	Pincer
entry	Pinces
entry	Pinçon
entry	Pinsonnée
entry	Pinte
pb	167	0175	5896898
entry	Pioche
entry	Pipée
pb	168	0176	5896899
pb	169	0177	5896900
entry	Piquer
entry	Piquet
entry	Piqueure
entry	Piqueurs
entry	Pis
entry	Pissenlit
entry	Pisser
entry	Pistacher
entry	Piste
entry	Pistolet
entry	Pityusa
entry	Pivoine
pb	170	0178	5896901
entry	Planche
entry	Plane
entry	Planète
entry	Plantain
pb	171	0179	5896902
entry	Plante
pb	172	0180	5896903
pb	173	0181	5896904
entry	Plateau
entry	Plateaux
entry	Platebande
entry	Plâtre
entry	Plaie
pb	174	0182	5896905
entry	Plein-sucre
entry	Pleurer
pb	175	0183	5896906
entry	Pleurésie
pb	176	0184	5896907
entry	Pleion
entry	Plomb
pb	177	0185	5896908
entry	Pluie
pb	178	0186	5896909
entry	Pluvier
pb	179	0187	5896910
pb	180	0188	5896911
pb	[sans numérotation]	0189	5896912
pb	[page blanche]	0190	5896913
pb	181	0191	5896914
pb	182	0192	5896915
entry	Poches
entry	Poële
entry	Poids
pb	183	0193	5896916
entry	Poiré
entry	Poireau
entry	Poirée
entry	Poirier
pb	184	0194	5896917
pb	185	0195	5896918
entry	Pois
pb	186	0196	5896919
entry	Poison
entry	Poisson
pb	[sans numérotation]	0197	5896920
pb	[page blanche]	0198	5896921
pb	187	0199	5896922
pb	188	0200	5896923
pb	[sans numérotation]	0201	5896924
pb	[page blanche]	0202	5896925
pb	189	0203	5896926
entry	Poitrine de veau
entry	Poivre
pb	190	0204	5896927
entry	Polipe
entry	Polipode
entry	Polir
entry	Polium
entry	Polution
entry	Polytric
entry	Pommade
entry	Pomme
pb	191	0205	5896928
pb	192	0206	5896929
entry	Pompe
entry	Populo
entry	Porc
entry	Porcelaines
entry	Porchaison
entry	Porreau
pb	[sans numérotation]	0207	5896930
pb	[page blanche]	0208	5896931
pb	193	0209	5896932
entry	Porrée
entry	Porrete
entry	Portées
entry	Postillon
entry	Potage
pb	194	0210	5896933
pb	195	0211	5896934
pb	196	0212	5896935
entry	Potiron
entry	Poudre
pb	197	0213	5896936
entry	Poudrer
entry	Poudrette
entry	Poule
pb	198	0214	5896937
pb	199	0215	5896938
pb	200	0216	5896939
pb	201	0217	5896940
pb	202	0218	5896941
entry	Poulet-dinde
entry	Poulie
entry	Pouliot
pb	203	0219	5896942
entry	Pouls
entry	Poumon
entry	Poupelain
entry	Pourceaux
entry	Pourpier
pb	204	0220	5896943
entry	Pourpre
entry	Pousse
entry	Poux
entry	Précepteur
entry	Précipiter
entry	Prédicateurs
pb	205	0221	5896944
entry	Prendre
entry	Préparer
entry	Pré
pb	206	0222	5896945
entry	Présage
pb	207	0223	5896946
entry	Présentateurs
entry	Prestre
entry	Présure
pb	208	0224	5896947
entry	Printanier
entry	Procureurs
entry	Projection
entry	Protest
entry	Provigner
entry	Prunelaye
entry	Prunier
pb	209	0225	5896948
pb	210	0226	5896949
entry	Puanteur
entry	Puces
entry	Puits
entry	Pulmonie
pb	211	0227	5896950
entry	Punaise
entry	Pur
entry	Purgatifs
entry	Purification
entry	Pustules
entry	Putréfaction
entry	Pyment
entry	Pyretre
pb	212	0228	5896951
entry	Quacquecendre
entry	Quartan
entry	Quatrouillé
entry	Querelleur
entry	Quester
entry	Queue de cochon
entry	Quinconce
entry	Quinqueporte
entry	Quinquina
pb	213	0229	5896952
pb	214	0230	5896953
entry	Quintefeuille
entry	Quitter
pb	215	0231	5896954
entry	Rabatre
entry	Rabot
entry	Rabougry
entry	Racine
entry	Raffle
pb	216	0232	5896955
pb	217	0233	5896956
pb	218	0234	5896957
entry	Rafraichir
entry	Rage
pb	219	0235	5896958
entry	Ragréer
entry	Raifort
entry	Raisin
entry	Rameau
pb	220	0236	5896959
entry	Rame
entry	Ramer
entry	Randonnée
entry	Rapé
entry	Raprocher
entry	Rat
entry	Ratafia
pb	221	0237	5896960
entry	Ratatine
entry	Rate
pb	222	0238	5896961
entry	Rateau
entry	Ratissoire
entry	Ravaler
entry	Rave
pb	223	0239	5896962
pb	224	0240	5896963
entry	Rayer
entry	Rebarder
entry	Receler
entry	Receper
entry	Receveur
pb	225	0241	5896964
entry	Rechaufement
entry	Rechigner
entry	Récipient
entry	Récolte
entry	Recouvrir
entry	Recroquebiller
entry	Redonné
entry	Réer
entry	Refuite
entry	Registres
entry	Réglisse
entry	Régule
entry	Rein
pb	226	0242	5896965
entry	Reinte
pb	227	0243	5896966
entry	Relais
entry	Relaissé
entry	Relancer
entry	Relevé
entry	Religieux
pb	228	0244	5896967
pb	229	0245	5896968
entry	Rembuchement
entry	Remède
pb	230	0246	5896969
pb	231	0247	5896970
pb	232	0248	5896971
pb	233	0249	5896972
pb	234	0250	5896973
pb	235	0251	5896974
entry	Remontrer
entry	Renard
pb	236	0252	5896975
pb	237	0253	5896976
entry	Renoncule
pb	238	0254	5896977
entry	Rentrer
entry	Repasser
entry	Reposée
entry	Reposer
entry	Reprendre
entry	Repuce
entry	Requester
entry	Reseda
entry	Réservoir
pb	239	0255	5896978
pb	240	0256	5896979
entry	Resine
entry	Ressuy
entry	Retour
entry	Retraite
entry	Réveille matin
entry	Revenu
entry	Reverbération
entry	Rheumatisme
entry	Rheumes
entry	Ricin
entry	Ridées
entry	Rigole
entry	Ris
pb	241	0257	5896980
entry	Romarin
entry	Rompre
entry	Rompt-pierre
entry	Roquette
entry	Rosage
entry	Rosée
entry	Rosier
pb	242	0258	5896981
pb	243	0259	5896982
pb	244	0260	5896983
entry	Rossane
entry	Rossignol
entry	Rossoli
pb	245	0261	5896984
entry	Rot
entry	Rotisseur
entry	Rotisoir
entry	Rouée
entry	Rouelle
entry	Route
entry	Roux-vents
entry	Rubarbe
entry	Rubis
pb	246	0262	5896985
entry	Rubrique
entry	Rumatisme
pb	247	0263	5896986
entry	Rut
entry	Ruzer
pb	248	0264	5896987
entry	Sabine
entry	Sabler
entry	Safran
entry	Saignement
entry	Sainfoin
entry	Sages
entry	Salade
pb	249	0265	5896988
entry	Saligot
entry	Salpêtre
pb	250	0266	5896989
entry	Salsifix
entry	Sandarac
entry	Sang
pb	251	0267	5896990
entry	Sanglier
pb	252	0268	5896991
entry	Sangsue
pb	253	0269	5896992
entry	Sanguins
entry	Sanicle
entry	Santal
entry	Saphir
entry	Sapin
entry	Sarcler
entry	Sarrasine
entry	Sarriète
pb	254	0270	5896993
entry	Saturne
entry	Savachir
entry	Saucisson
entry	Sauge
entry	Saule
pb	255	0271	5896994
entry	Saupoudrer
entry	Savon
pb	256	0272	5896995
entry	Sauvages
entry	Sauterelles
entry	Saxifrage
entry	Scabieuse
pb	257	0273	5896996
entry	Schirre
entry	Sciatique
entry	Scille
entry	Scirrhe
entry	Scolopendre
entry	Scorbut
entry	Scordium
entry	Scorpion
pb	258	0274	5896997
entry	Scorsonere viperine
entry	Scrophulaire
entry	Seau de Salomon
entry	Secrets
pb	259	0275	5896998
pb	260	0276	5896999
pb	261	0277	5897000
pb	262	0278	5897001
entry	Secrétaires
entry	S'éffriter
entry	Segle
pb	263	0279	5897002
entry	Seigneur
pb	264	0280	5897003
entry	Sel
pb	265	0281	5897004
pb	266	0282	5897005
entry	Semailles
pb	267	0283	5897006
entry	Semé
entry	Semence
pb	268	0284	5897007
entry	Sené
entry	Seneçon
entry	Seneve
entry	Senné
entry	Sens
entry	Senteur
entry	Sentier
entry	Senva
entry	Séparer
entry	Septembre
pb	269	0285	5897008
entry	Sermontain
entry	Serfouette
entry	Serpent
entry	Serpette
entry	Serpolet
entry	Serre
entry	Serrette
pb	270	0286	5897009
entry	Servantes
entry	Serrurier
entry	Seseli
pb	271	0287	5897010
entry	Sétioler
entry	Sève
entry	Sicomore
entry	Signe du Zodiaque
entry	Simpatie
pb	272	0288	5897011
entry	Sincope
entry	Sirop
pb	273	0289	5897012
pb	274	0290	5897013
pb	275	0291	5897014
entry	Smirnium
entry	Soc
entry	Société de marchands
entry	Soif
pb	276	0292	5897015
entry	Soldat
entry	Soleil
pb	277	0293	5897016
entry	Solle
entry	Sommeil
entry	Sommelier
entry	Son
entry	Songe
entry	Sortir
entry	Souche
entry	Souchet
entry	Souci
pb	278	0294	5897017
entry	Soufre
entry	Souille
entry	Souliers
entry	Souris
entry	Sepées
entry	Sphondilium
entry	Squille
entry	Squinancie
entry	Staphisaigre
entry	Statice
pb	279	0295	5897018
entry	Stécas arabique
entry	Stérilité
entry	Sternutatoires
entry	Strabisme
entry	Stratifier
entry	Sublimé
entry	Sublimer
entry	Substituts
pb	280	0296	5897019
entry	Suc
pb	281	0297	5897020
entry	Succin
entry	Sucre
pb	282	0298	5897021
entry	Sudorifique
pb	283	0299	5897022
entry	Suivre
entry	Sumach
entry	Superficie
entry	Supérieur
entry	Superstition
entry	Sur-aller
entry	Sur-andouiller
entry	Surdité
pb	284	0300	5897023
entry	Sureau
entry	Sur-négées
entry	Sur-pleues
entry	Sympatie
pb	285	0301	5897024
entry	Tabac
entry	Tablette
entry	Taborucu
entry	Tabouret
entry	Tacamaca
entry	Tâche
pb	286	0302	5897025
entry	Taille
entry	Tailleur
entry	Talon
entry	Tamarins
pb	287	0303	5897026
entry	Tan
entry	Tanesie
entry	Tapisseries
entry	Tarantule
entry	Tardif
entry	Targon
entry	Tarte
entry	Tartre
pb	288	0304	5897027
entry	Tavelé
entry	Taupe
pb	289	0305	5897028
entry	Taureau
entry	Taye
entry	Tay
entry	Teigne
entry	Teiller
pb	290	0306	5897029
entry	Teint
entry	Teinture
pb	291	0307	5897030
pb	292	0308	5897031
entry	Tempérament
pb	293	0309	5897032
entry	Tempête
entry	Tems
pb	294	0310	5897033
entry	Tendreté
entry	Tenesme
entry	Tenir
entry	Térébenthine
entry	Térébinthe
entry	Tériaque
entry	Termomètre
entry	Termes
entry	Terre
pb	295	0311	5897034
pb	296	0312	5897035
pb	297	0313	5897036
pb	298	0314	5897037
pb	299	0315	5897038
entry	Terrier
entry	Terroir
entry	Tête
pb	300	0316	5897039
pb	301	0317	5897040
pb	302	0318	5897041
entry	Tête-morte
entry	Thé
pb	303	0319	5897042
entry	Thériaque
entry	Thérmomètre
entry	Thim
pb	304	0320	5897043
entry	Tieran
entry	Tignes
entry	Tillau
entry	Tirasse
entry	Tirer
entry	Tirez
entry	Tisanne
pb	305	0321	5897044
pb	306	0322	5897045
entry	Tisserand
entry	Titimale
entry	Tlalamati
entry	Toile
entry	Toise
entry	Tonneau
pb	307	0323	5897046
entry	Tonnelle
entry	Tonnerre
entry	Tons
entry	Topase orientale
entry	Tormentille
entry	Tortue
entry	Toucher
entry	Touffe
entry	Toupillon
pb	308	0324	5897047
entry	Tourner
entry	Tournesol
entry	Tourte
entry	Toux
pb	309	0325	5897048
entry	Trace
entry	Tracer
entry	Trait
entry	Traineau
pb	310	0326	5897049
entry	Tramail
entry	Tranche
entry	Tranchées
entry	Transmutation
pb	311	0327	5897050
entry	Transplantation
entry	Trappe
entry	Travouillet
entry	Treffle
entry	Treillage
pb	312	0328	5897051
entry	Tremble
entry	Tremblement
entry	Trenchées
pb	313	0329	5897052
entry	Tribule
entry	Tricolor
entry	Triolet
entry	Trituration
entry	Troche
entry	Troches
entry	Trochisque
pb	314	0330	5897053
entry	Troene
entry	Trolle
entry	Trone
entry	Troter
entry	Trousser
entry	Truffe
entry	Truye
entry	Tubereuse
pb	315	0331	5897054
entry	Tuf
entry	Tulipe
entry	Tumeur
pb	316	0332	5897055
entry	Tussilage
entry	Turbit
entry	Tuthie
pb	317	0333	5897056
entry	Vache
pb	318	0334	5897057
entry	Vaines
entry	Vaisseaux
entry	Valériane
entry	Valet
pb	319	0335	5897058
entry	Van
entry	Vanneau
entry	Vaoutre
entry	Vapeur
entry	Vautrait
entry	Vayla
entry	Veau
pb	320	0336	5897059
pb	321	0337	5897060
entry	Végétation
pb	322	0338	5897061
entry	Veille
entry	Veine
entry	Velcy-allé
entry	Velue
entry	Venaison
entry	Vendange
pb	323	0339	5897062
entry	Veneur
pb	324	0340	5897063
pb	325	0341	5897064
pb	326	0342	5897065
pb	327	0343	5897066
entry	Vent
entry	Ventre
pb	328	0344	5897067
entry	Vénus
entry	Ver
entry	Verd
entry	Verd de gris
entry	Verdure
entry	Verge
pb	329	0345	5897068
entry	Verger
entry	Verjus
entry	Vermiller
entry	Vermoulu
entry	Vernis
pb	330	0346	5897069
entry	Vérole
pb	331	0347	5897070
entry	Véronique
pb	332	0348	5897071
pb	333	0349	5897072
pb	334	0350	5897073
pb	335	0351	5897074
entry	Verrat
entry	Verre
entry	Verrue
entry	Vers
pb	336	0352	5897075
pb	[page blanche]	0353	5897076
pb	[sans numérotation]	0354	5897077
pb	337	0355	5897078
pb	338	0356	5897079
pb	339	0357	5897080
pb	340	0358	5897081
pb	341	0359	5897082
entry	Vertige
entry	Vervene
entry	Vesce
entry	Vésicatoires
entry	Vesse
pb	342	0360	5897083
entry	Vessie
pb	343	0361	5897084
entry	Veue
entry	Viandis
entry	Vicaire
pb	344	0362	5897085
entry	Vieillesse
pb	345	0363	5897086
entry	Vierge
pb	346	0364	5897087
entry	Vif-argent
entry	Vigne
pb	347	0365	5897088
pb	348	0366	5897089
pb	349	0367	5897090
pb	350	0368	5897091
pb	351	0369	5897092
pb	352	0370	5897093
pb	353	0371	5897094
pb	354	0372	5897095
pb	355	0373	5897096
pb	356	0374	5897097
pb	357	0375	5897098
pb	358	0376	5897099
pb	359	0377	5897100
pb	360	0378	5897101
entry	Vinette
entry	Violette
pb	361	0379	5897102
entry	Violier
pb	362	0380	5897103
entry	Viorne
entry	Vipère
entry	Virgoulée
entry	Visage
pb	363	0381	5897104
entry	Vitriol
pb	364	0382	5897105
entry	Vivier
entry	Ulcère
entry	Voie
entry	Voiture
pb	365	0383	5897106
entry	Voix
entry	Volaille
pb	366	0384	5897107
entry	Volatil
entry	Volcelesy
entry	Vomissement
pb	367	0385	5897108
pb	368	0386	5897109
entry	Voiez
entry	Urilles
entry	Urine
entry	S'User
entry	Usurier
pb	369	0387	5897110
pb	370	0388	5897111
entry	Yeux
pb	371	0389	5897112
entry	Table des matières
pb	372	0390	5897113
pb	373	0391	5897114
pb	374	0392	5897115
pb	375	0393	5897116
pb	376	0394	5897117
pb	377	0395	5897118
pb	378	0396	5897119
pb	379	0397	5897120
pb	380	0398	5897121
pb	381	0399	5897122
pb	382	0400	5897123
pb	383	0401	5897124
pb	384	0402	5897125
pb	385	0403	5897126
pb	386	0404	5897127
pb	387	0405	5897128
pb	388	0406	5897129
pb	389	0407	5897130
pb	390	0408	5897131
pb	391	0409	5897132
pb	392	0410	5897133
pb	393	0411	5897134
pb	394	0412	5897135
pb	395	0413	5897136
pb	396	0414	5897137
pb	397	0415	5897138
pb	398	0416	5897139
pb	399	0417	5897140
pb	400	0418	5897141
