pb	[sans numérotation]	0001	438816
entry	Page de titre]
pb	[sans numérotation]	0002	438817
entry	Noms des Auteurs par ordre alphabétique
pb	[sans numérotation]	0003	438818
entry	Alkahest
entry	Alkalescence (médecine pratique)
pb	4	0004	438819
pb	5	0005	438820
pb	6	0006	438821
pb	7	0007	438822
entry	Alkalescens
entry	Alkalescent
entry	Alkali
entry	Alkalin
entry	Alkalisation
entry	Alkalisé & alkaliser
entry	Alkali volatil
entry	Alkekenge
entry	Alkermès
entry	Alkohol, alkoholisé, alkoholiser
entry	Allaitement
pb	8	0008	438823
entry	Allaitement (Hygiène)
pb	9	0009	438824
pb	10	0010	438825
pb	11	0011	438826
pb	12	0012	438827
pb	13	0013	438828
pb	14	0014	438829
pb	15	0015	438830
pb	16	0016	438831
pb	17	0017	438832
pb	18	0018	438833
pb	19	0019	438834
pb	20	0020	438835
pb	21	0021	438836
pb	22	0022	438837
pb	23	0023	438838
pb	24	0024	438839
pb	25	0025	438840
pb	26	0026	438841
pb	27	0027	438842
pb	28	0028	438843
pb	29	0029	438844
pb	30	0030	438845
pb	31	0031	438846
pb	32	0032	438847
pb	33	0033	438848
pb	34	0034	438849
pb	35	0035	438850
pb	36	0036	438851
pb	37	0037	438852
pb	38	0038	438853
pb	39	0039	438854
entry	Allaitement (hygiène, médecine vétérinaire)
pb	40	0040	438855
entry	Allaites, brannes, tettes
entry	Allant
entry	Allaton
entry	Allebrent
entry	Alléché
entry	Allégement
entry	Alléger
entry	Alléluia
pb	41	0041	438856
entry	Allemand
entry	Allen (Benjamin)
entry	Aller (art vétérinaire)
pb	42	0042	438857
pb	43	0043	438858
entry	Alleure
entry	Allez
entry	Alliage
entry	Alliaire
entry	Alliance (Hygiène vétérinaire)
pb	44	0044	438859
entry	Alliboure
entry	Allioni
entry	Charles)
entry	Alliot, (Pierre)
pb	45	0045	438860
entry	Allium vineale
entry	Allongé, alongé (Pathologie vétérinaire)
pb	46	0046	438861
entry	Allonger, allonger
entry	Allotriophagia
entry	Allure (Art vétérinaire)
pb	47	0047	438862
pb	48	0048	438863
pb	49	0049	438864
pb	50	0050	438865
pb	51	0051	438866
pb	52	0052	438867
pb	53	0053	438868
pb	54	0054	438869
entry	Alma
entry	Almakanda
entry	Almanach (art vétérinaire)
pb	55	0055	438870
entry	Almargen
entry	Almeloveen
entry	Théodore Jansson d')
pb	56	0056	438871
entry	Almeloveen
entry	Théodore Jansson d')
entry	Alnec
entry	Alnoam
entry	Aloes (Mat. Méd.)
pb	57	0057	438872
pb	58	0058	438873
pb	59	0059	438874
pb	60	0060	438875
pb	61	0061	438876
pb	62	0062	438877
entry	Aloétiques(Mat médic.)
pb	63	0063	438878
entry	Alogotrophie
entry	Aloides
entry	Alons
entry	Alopécie (Ordre nosol.)
pb	64	0064	438879
pb	65	0065	438880
entry	Alopex
entry	Alose (Hygiène)
pb	66	0066	438881
entry	Alouahschi
entry	Alouchi
entry	Alouette.Alourdi
entry	Aloyau (Hygiène)
pb	67	0067	438882
entry	Alpago (André)
entry	Alpam
entry	Alpes
entry	Alphita
entry	Alphiton
entry	Alphos (Nosologie)
pb	68	0068	438883
pb	69	0069	438884
entry	Alpini (Prosper)
pb	70	0070	438885
pb	71	0071	438886
entry	Alpiste (Hygiène)
pb	72	0072	438887
entry	Alquifoux
entry	Alsace (Jurisp. De la méd.)
pb	73	0073	438888
entry	Alsine
entry	Alston
entry	Altalch (Mat. Méd.)
pb	74	0074	438889
entry	Altérans
pb	75	0075	438890
entry	Altérans (Matière méd. Vétér.)
entry	Altération (Hygiène)
pb	76	0076	438891
entry	Altération (méd. pratiq.)
pb	77	0077	438892
entry	Altération (Hygiène et pathologie vétérinaire)
pb	78	0078	438893
pb	79	0079	438894
entry	Altéré
entry	Althéa (mat. Méd.)
pb	80	0080	438895
entry	Altingat
entry	Altomari ou Altomare
entry	Donat-Antoine)
pb	81	0081	438896
entry	Altomari ou Altomare
entry	Donat-Antoine)
entry	Alud
entry	Aludels
entry	Aludit
entry	Aluine
entry	Aluine ou absinthe(Matière médicale)
pb	82	0082	438897
entry	Alum
entry	Alumine
entry	Alumineux
entry	Alun (Mat. Méd.)
pb	83	0083	438898
entry	Alunibur
entry	Alvarez (Antoine)
entry	Alvéole
entry	Alvéoles, alvéolaire
entry	Alvi-fluxus (ordre nosol.)
pb	84	0084	438899
entry	Alvin
entry	Alvines (évacuations)
entry	Alypum ou Frutex terribilis
entry	Alysse(Mat. Méd.)
pb	85	0085	438900
entry	Alysson
entry	Alzan
entry	Alzemafor
entry	Amadou
entry	A-maigre
entry	Amaigrir
entry	Amaigrissement (Méd. prat.)
pb	86	0086	438901
pb	87	0087	438902
pb	88	0088	438903
pb	89	0089	438904
pb	90	0090	438905
pb	91	0091	438906
entry	Amalgame
pb	92	0092	438907
entry	Amalgamer
entry	Amamelis
entry	Amand
entry	Jean de Saint-)
pb	93	0093	438908
entry	Amand
entry	Jean de Saint-)
entry	Amande (Hygiène)
pb	94	0094	438909
entry	Amande (Mat. Méd.)
pb	95	0095	438910
entry	Amandier (Mat. Méd.)
pb	96	0096	438911
entry	Amandier (Hygiène et matière médicale vétérinaire)
entry	Amanrich
entry	Cyr)
pb	97	0097	438912
entry	Amanrich
entry	Cyr)
entry	Amaracinon
entry	Amaranga
entry	Amaranthe
entry	Amaranthine (Mat. méd.)
pb	98	0098	438913
entry	Amarry
entry	amarry
entry	Amassi ou boa-mossi
entry	Amastiner
entry	Amato
entry	Léonard)
entry	Amatoria
pb	99	0099	438914
pb	100	0100	438915
pb	101	0101	438916
pb	102	0102	438917
pb	103	0103	438918
pb	104	0104	438919
entry	Amatus lusitanus
pb	105	0105	438920
entry	Amatzquiti
entry	Amaurausis
entry	Amaurose (ordre nosolog.)
pb	106	0106	438921
entry	Ambaiba
entry	Ambaitinga
entry	Ambalam
entry	Ambare
entry	Ambela (Mat. Méd.)
pb	107	0107	438922
entry	Ambelanier acide
entry	Ambert
entry	Ambetti
entry	Ambia-monard
entry	Ambiant
entry	Air)
entry	Ambidextre (Art vétérinaire)
pb	108	0108	438923
entry	Amblant
entry	Amble
entry	Ambler
entry	Ambleur
entry	Amblotiques
entry	Amblure
entry	Amblyopie (ordre nosol.)
pb	109	0109	438924
entry	Amblyopie (Pathologie vétérinaire)
pb	110	0110	438925
entry	Amblyosmos
entry	Amboise
entry	Jean d')
pb	111	0111	438926
entry	Amboise
entry	Jean d')
entry	Ambokely (Mat. Méd.)
pb	112	0112	438927
entry	Ambon
entry	Ambonay
entry	Ambre gris (Hygiène)
entry	Ambre gris (Mat. Méd.)
pb	113	0113	438928
pb	114	0114	438929
entry	Ambre gris (jur. De la médecine)
entry	Ambre jaune (Jur de la pharmacie)
entry	Ambre jaune (Mat. Méd.)
entry	Ambre noir (Mat; méd.)
entry	Ambré (hygiène)
pb	115	0115	438930
entry	Ambrette
entry	Ambrosie
entry	Ambrosini
entry	Barthélemi)
pb	116	0116	438931
entry	Ambrosini
entry	Barthélemi)
entry	Ambulance
entry	Ambulant
entry	Hôpital)
pb	117	0117	438932
entry	Ambulant
entry	Hôpital)
pb	118	0118	438933
entry	Ambulant
entry	Hôpital)
entry	Ambulie aromatique (Mat. Méd.)
pb	119	0119	438934
entry	Ambulon (Mat. Méd.)
entry	Ambutua
entry	Ame
pb	120	0120	438935
pb	121	0121	438936
pb	122	0122	438937
pb	123	0123	438938
pb	124	0124	438939
pb	125	0125	438940
pb	126	0126	438941
pb	127	0127	438942
pb	128	0128	438943
pb	129	0129	438944
pb	130	0130	438945
pb	131	0131	438946
pb	132	0132	438947
pb	133	0133	438948
pb	134	0134	438949
pb	135	0135	438950
pb	136	0136	438951
pb	137	0137	438952
pb	138	0138	438953
entry	Ameillante
entry	Amelette, aumelette, omelette
entry	Ameli
entry	Amélioration des races
entry	Amelle
entry	Amellum
entry	Amellus
entry	Amelpo
entry	Amelpodi
entry	Amendé, amender, s'amender
pb	139	0139	438954
entry	Amenorrhée, amenorrhea
entry	Amentia seu amnesia
entry	Améos
entry	Amérique
pb	140	0140	438955
entry	Amers, Amara (Hygiène)
pb	141	0141	438956
entry	Amers (Hygiène & mat. Méd. Vétér.)
pb	142	0142	438957
entry	Amertume
entry	Amethysta
entry	Améthyste (Mat. Méd.)
pb	143	0143	438958
entry	Ameublement d'hôpital
pb	144	0144	438959
entry	Amiante
entry	Amiculum
entry	Amidon (Mat. Méd.)
pb	145	0145	438960
entry	Amidoniers
entry	Maladie des)
pb	146	0146	438961
entry	Amidoniers
entry	Maladie des)
entry	Amiens & Amiénois (Juris de médecine)
pb	147	0147	438962
pb	148	0148	438963
pb	149	0149	438964
entry	Amincir
entry	Aminée
entry	Amiral & amirauté
pb	150	0150	438965
entry	A miroir
entry	Amman
entry	Jean-Conrad)
pb	151	0151	438966
entry	Amman
entry	Jean-Conrad)
entry	Ammann
entry	Paul)
pb	152	0152	438967
entry	Ammann
entry	Paul)
pb	153	0153	438968
entry	Ammann
entry	Paul)
entry	Ammi (Mat méd.)
pb	154	0154	438969
entry	Ammiellure
entry	Ammite
entry	Ammochosis
entry	Ammodyte ((Mat. Méd.)
pb	155	0155	438970
entry	Ammoniac, ammoniacal
entry	Ammoniaque (Gomme) (Mat. Méd.)
pb	156	0156	438971
entry	Ammonite
entry	Ammonius
pb	157	0157	438972
pb	158	0158	438973
entry	Amnesia
entry	Amolynta
entry	Amome (Mat. Méd.)
pb	159	0159	438974
entry	Amome, ou amomi
entry	Amonceler
entry	Amorcer, allonger, applatir, écraser
pb	160	0160	438975
entry	Amortir
entry	Amouillante
entry	Amouille
entry	Amour (Hygiène)
pb	161	0161	438976
pb	162	0162	438977
pb	163	0163	438978
pb	164	0164	438979
pb	165	0165	438980
pb	166	0166	438981
pb	167	0167	438982
pb	168	0168	438983
pb	169	0169	438984
pb	170	0170	438985
pb	171	0171	438986
pb	172	0172	438987
pb	173	0173	438988
pb	174	0174	438989
pb	175	0175	438990
pb	176	0176	438991
pb	177	0177	438992
pb	178	0178	438993
pb	179	0179	438994
pb	180	0180	438995
entry	Amourettes
entry	Amoureuse
entry	Ampac
entry	Ampanser
entry	Ampas
entry	Ampélite (Mat. Méd.)
pb	181	0181	438996
entry	Ampeutre
entry	Amphibies (Mat. Méd.)
pb	182	0182	438997
entry	Amphimérine (Mat. Méd.)
pb	183	0183	438998
entry	Amphisbènes
entry	Amphithéâtre (Jurisp de la médecine)
pb	184	0184	438999
entry	Amphore
entry	Ampisser
entry	Ample
entry	Ampoule (Mat. Chir.)
pb	185	0185	439000
pb	186	0186	439001
entry	Ampoule (Mat. Chir.)  Ampulat
entry	Ampusser
entry	Amputatio
entry	Amputation(Méd. Prat.)
pb	187	0187	439002
pb	188	0188	439003
pb	189	0189	439004
pb	190	0190	439005
pb	191	0191	439006
pb	192	0192	439007
pb	193	0193	439008
pb	194	0194	439009
pb	195	0195	439010
pb	196	0196	439011
pb	197	0197	439012
pb	198	0198	439013
pb	199	0199	439014
pb	200	0200	439015
pb	201	0201	439016
pb	202	0202	439017
pb	203	0203	439018
pb	204	0204	439019
pb	205	0205	439020
pb	206	0206	439021
pb	207	0207	439022
pb	208	0208	439023
pb	209	0209	439024
pb	210	0210	439025
pb	211	0211	439026
entry	Amulette
entry	Amulettes (Mat. Méd.)
pb	212	0212	439027
pb	213	0213	439028
pb	214	0214	439029
pb	215	0215	439030
pb	216	0216	439031
pb	217	0217	439032
entry	Amuli (Mat. Méd.)
pb	218	0218	439033
entry	Amurca
entry	Amuser
entry	Amuseur
entry	Amvallis
entry	Amvetti (Hygiène & mat. Méd.)
pb	219	0219	439034
entry	Amygdales (Médecine chirurgie)
pb	220	0220	439035
pb	221	0221	439036
entry	Amydryasis ou mydriasis
entry	An
entry	Ana
entry	Ana, anas, ane
pb	222	0222	439037
entry	Anabrochisme
entry	Anabrose
entry	Anacampseros (Mat. Méd.)
pb	223	0223	439038
entry	Anacarde
entry	Anacatharse
entry	Anacathartiques (Mat. Méd.)
pb	224	0224	439039
entry	Anachites
entry	Anacollemata
entry	Anacollemates
entry	Anacollème
entry	Ana coluppa
entry	Ana comptis
entry	Anactorium(Mat. Méd.)
pb	225	0225	439040
entry	Anadendron
entry	Anadrome
entry	Anagallis
entry	Anagyris
entry	Analepsie (hygiène)
pb	226	0226	439041
entry	Analeptiques
pb	227	0227	439042
entry	Analogie (Généralités de la médecine)
pb	228	0228	439043
pb	229	0229	439044
pb	230	0230	439045
pb	231	0231	439046
pb	232	0232	439047
pb	233	0233	439048
entry	Anamallu
entry	Anamnestique
entry	Anamnétiques
entry	Ananas(Mat. Méd.)
pb	234	0234	439049
entry	Anantali
entry	Anaparua
entry	Anapetie
entry	Anaphonese
entry	Anaphrodisia
entry	Anaphromeli
entry	Anaplasis
entry	Anaplerosis
entry	Anaplérotiques (Mat. Méd.)
pb	235	0235	439050
entry	Anapleusis
entry	Anargasi
entry	Anasarque
entry	Anaschorigenam
pb	236	0236	439051
entry	Anaplérotiques (Mat. Méd.)
entry	Anaschovadi
entry	Anastaltiques
entry	Anastasis
entry	Anathymiasis
entry	Anatifere
entry	Anatomia
entry	Anatomie
pb	237	0237	439052
entry	Premiere partie
entry	Des maladies de la tête
pb	238	0238	439053
entry	Anatomie
entry	Premiere partie
entry	Des maladies de la tête
pb	239	0239	439054
entry	Anatomie
entry	Premiere partie
entry	Des maladies de la tête
pb	240	0240	439055
entry	Anatomie
entry	Premiere partie
entry	Des maladies de la tête
pb	241	0241	439056
entry	Anatomie
entry	Premiere partie
entry	Des maladies de la tête
pb	242	0242	439057
entry	Anatomie
entry	Premiere partie
entry	Des maladies de la tête
pb	243	0243	439058
entry	Anatomie
entry	Premiere partie
entry	Des maladies de la tête
pb	244	0244	439059
entry	Anatomie
entry	Premiere partie
entry	Des maladies de la tête
pb	245	0245	439060
entry	Anatomie
entry	Premiere partie
entry	Des maladies de la tête
pb	246	0246	439061
entry	Anatomie
entry	Premiere partie
entry	Des maladies de la tête
pb	247	0247	439062
entry	Anatomie
entry	Premiere partie
entry	Des maladies de la tête
pb	248	0248	439063
entry	Anatomie
entry	Premiere partie
entry	Des maladies de la tête
pb	249	0249	439064
entry	Anatomie
entry	Premiere partie
entry	Des maladies de la tête
pb	250	0250	439065
entry	Anatomie
entry	Premiere partie
entry	Des maladies de la tête
pb	251	0251	439066
entry	Anatomie
entry	Premiere partie
entry	Des maladies de la tête
pb	252	0252	439067
entry	Anatomie
entry	Premiere partie
entry	Des maladies de la tête
pb	253	0253	439068
entry	Anatomie
entry	Premiere partie
entry	Des maladies de la tête
pb	254	0254	439069
entry	Anatomie
entry	Premiere partie
entry	Des maladies de la tête
pb	255	0255	439070
entry	Anatomie
entry	Premiere partie
entry	Des maladies de la tête
pb	256	0256	439071
entry	Anatomie
entry	Premiere partie
entry	Des maladies de la tête
pb	257	0257	439072
entry	Anatomie
entry	Premiere partie
entry	Des maladies de la tête
pb	258	0258	439073
entry	Anatomie
entry	Premiere partie
entry	Des maladies de la tête
pb	259	0259	439074
entry	Anatomie
entry	Premiere partie
entry	Des maladies de la tête
pb	260	0260	439075
entry	Anatomie
entry	Premiere partie
entry	Des maladies de la tête
pb	261	0261	439076
entry	Anatomie
entry	Premiere partie
entry	Des maladies de la tête
pb	262	0262	439077
entry	Anatomie
entry	Premiere partie
entry	Des maladies de la tête
pb	263	0263	439078
entry	Anatomie
entry	Premiere partie
entry	Des maladies de la tête
pb	264	0264	439079
entry	Anatomie
entry	Premiere partie
entry	Des maladies de la tête
pb	265	0265	439080
entry	Anatomie
entry	Premiere partie
entry	Des maladies de la tête
pb	266	0266	439081
entry	Anatomie
entry	Premiere partie
entry	Des maladies de la tête
entry	Anatomie
entry	Addition aux observations relatives aux affections de la tête
pb	267	0267	439082
entry	Anatomie
entry	Addition aux observations relatives aux affections de la tête
pb	268	0268	439083
entry	Anatomie
entry	Addition aux observations relatives aux affections de la tête
pb	269	0269	439084
entry	Anatomie
entry	Addition aux observations relatives aux affections de la tête
entry	Anatomie
entry	Seconde partie
entry	Des maladies de la poitrine et de ses annexes
pb	270	0270	439085
entry	Anatomie
entry	Seconde partie
entry	Des maladies de la poitrine et de ses annexes
pb	271	0271	439086
entry	Anatomie
entry	Seconde partie
entry	Des maladies de la poitrine et de ses annexes
pb	272	0272	439087
entry	Anatomie
entry	Seconde partie
entry	Des maladies de la poitrine et de ses annexes
pb	273	0273	439088
entry	Anatomie
entry	Seconde partie
entry	Des maladies de la poitrine et de ses annexes
pb	274	0274	439089
entry	Anatomie
entry	Seconde partie
entry	Des maladies de la poitrine et de ses annexes
pb	275	0275	439090
entry	Anatomie
entry	Seconde partie
entry	Des maladies de la poitrine et de ses annexes
pb	276	0276	439091
entry	Anatomie
entry	Seconde partie
entry	Des maladies de la poitrine et de ses annexes
pb	277	0277	439092
entry	Anatomie
entry	Seconde partie
entry	Des maladies de la poitrine et de ses annexes
pb	278	0278	439093
entry	Anatomie
entry	Seconde partie
entry	Des maladies de la poitrine et de ses annexes
pb	279	0279	439094
entry	Anatomie
entry	Seconde partie
entry	Des maladies de la poitrine et de ses annexes
pb	280	0280	439095
entry	Anatomie
entry	Seconde partie
entry	Des maladies de la poitrine et de ses annexes
pb	281	0281	439096
entry	Anatomie
entry	Seconde partie
entry	Des maladies de la poitrine et de ses annexes
pb	282	0282	439097
entry	Anatomie
entry	Seconde partie
entry	Des maladies de la poitrine et de ses annexes
pb	283	0283	439098
entry	Anatomie
entry	Seconde partie
entry	Des maladies de la poitrine et de ses annexes
pb	284	0284	439099
entry	Anatomie
entry	Seconde partie
entry	Des maladies de la poitrine et de ses annexes
pb	285	0285	439100
entry	Anatomie
entry	Seconde partie
entry	Des maladies de la poitrine et de ses annexes
pb	286	0286	439101
entry	Anatomie
entry	Seconde partie
entry	Des maladies de la poitrine et de ses annexes
pb	287	0287	439102
entry	Anatomie
entry	Seconde partie
entry	Des maladies de la poitrine et de ses annexes
pb	288	0288	439103
entry	Anatomie
entry	Seconde partie
entry	Des maladies de la poitrine et de ses annexes
pb	289	0289	439104
entry	Anatomie
entry	Seconde partie
entry	Des maladies de la poitrine et de ses annexes
pb	290	0290	439105
entry	Anatomie
entry	Seconde partie
entry	Des maladies de la poitrine et de ses annexes
pb	291	0291	439106
entry	Anatomie
entry	Seconde partie
entry	Des maladies de la poitrine et de ses annexes
pb	292	0292	439107
entry	Anatomie
entry	Seconde partie
entry	Des maladies de la poitrine et de ses annexes
pb	293	0293	439108
entry	Anatomie
entry	Seconde partie
entry	Des maladies de la poitrine et de ses annexes
pb	294	0294	439109
entry	Anatomie
entry	Seconde partie
entry	Des maladies de la poitrine et de ses annexes
pb	295	0295	439110
entry	Anatomie
entry	Seconde partie
entry	Des maladies de la poitrine et de ses annexes
pb	296	0296	439111
entry	Anatomie
entry	Seconde partie
entry	Des maladies de la poitrine et de ses annexes
pb	297	0297	439112
entry	Anatomie
entry	Seconde partie
entry	Des maladies de la poitrine et de ses annexes
pb	298	0298	439113
entry	Anatomie
entry	Seconde partie
entry	Des maladies de la poitrine et de ses annexes
pb	299	0299	439114
entry	Anatomie
entry	Seconde partie
entry	Des maladies de la poitrine et de ses annexes
pb	300	0300	439115
entry	Anatomie
entry	Seconde partie
entry	Des maladies de la poitrine et de ses annexes
pb	301	0301	439116
entry	Anatomie
entry	Seconde partie
entry	Des maladies de la poitrine et de ses annexes
pb	302	0302	439117
entry	Anatomie
entry	Seconde partie
entry	Des maladies de la poitrine et de ses annexes
pb	303	0303	439118
entry	Anatomie
entry	Seconde partie
entry	Des maladies de la poitrine et de ses annexes
pb	304	0304	439119
entry	Anatomie
entry	Seconde partie
entry	Des maladies de la poitrine et de ses annexes
pb	305	0305	439120
entry	Anatomie
entry	Seconde partie
entry	Des maladies de la poitrine et de ses annexes
pb	306	0306	439121
entry	Anatomie
entry	Seconde partie
entry	Des maladies de la poitrine et de ses annexes
pb	307	0307	439122
entry	Anatomie
entry	Seconde partie
entry	Des maladies de la poitrine et de ses annexes
pb	308	0308	439123
entry	Anatomie
entry	Seconde partie
entry	Des maladies de la poitrine et de ses annexes
pb	309	0309	439124
entry	Anatomie
entry	Seconde partie
entry	Des maladies de la poitrine et de ses annexes
pb	310	0310	439125
entry	Anatomie
entry	Seconde partie
entry	Des maladies de la poitrine et de ses annexes
pb	311	0311	439126
entry	Anatomie
entry	Seconde partie
entry	Des maladies de la poitrine et de ses annexes
pb	312	0312	439127
entry	Anatomie
entry	Seconde partie
entry	Des maladies de la poitrine et de ses annexes
pb	313	0313	439128
entry	Anatomie
entry	Seconde partie
entry	Des maladies de la poitrine et de ses annexes
pb	314	0314	439129
entry	Anatomie
entry	Seconde partie
entry	Des maladies de la poitrine et de ses annexes
pb	315	0315	439130
entry	Anatomie
entry	Seconde partie
entry	Des maladies de la poitrine et de ses annexes
pb	316	0316	439131
entry	Anatomie
entry	Seconde partie
entry	Des maladies de la poitrine et de ses annexes
pb	317	0317	439132
entry	Anatomie
entry	Seconde partie
entry	Des maladies de la poitrine et de ses annexes
pb	318	0318	439133
entry	Anatomie
entry	Seconde partie
entry	Des maladies de la poitrine et de ses annexes
pb	319	0319	439134
entry	Anatomie
entry	Seconde partie
entry	Des maladies de la poitrine et de ses annexes
pb	320	0320	439135
entry	Anatomie
entry	Seconde partie
entry	Des maladies de la poitrine et de ses annexes
pb	321	0321	439136
entry	Anatomie
entry	Seconde partie
entry	Des maladies de la poitrine et de ses annexes
pb	322	0322	439137
entry	Anatomie
entry	Seconde partie
entry	Des maladies de la poitrine et de ses annexes
pb	323	0323	439138
entry	Anatomie
entry	Seconde partie
entry	Des maladies de la poitrine et de ses annexes
pb	324	0324	439139
entry	Anatomie
entry	Seconde partie
entry	Des maladies de la poitrine et de ses annexes
pb	325	0325	439140
entry	Anatomie
entry	Seconde partie
entry	Des maladies de la poitrine et de ses annexes
pb	326	0326	439141
entry	Anatomie
entry	Seconde partie
entry	Des maladies de la poitrine et de ses annexes
pb	327	0327	439142
entry	Anatomie
entry	Seconde partie
entry	Des maladies de la poitrine et de ses annexes
pb	328	0328	439143
entry	Anatomie
entry	Seconde partie
entry	Des maladies de la poitrine et de ses annexes
pb	329	0329	439144
entry	Anatomie
entry	Seconde partie
entry	Des maladies de la poitrine et de ses annexes
pb	330	0330	439145
entry	Anatomie
entry	Seconde partie
entry	Des maladies de la poitrine et de ses annexes
pb	331	0331	439146
entry	Anatomie
entry	Seconde partie
entry	Des maladies de la poitrine et de ses annexes
pb	332	0332	439147
entry	Anatomie
entry	Seconde partie
entry	Des maladies de la poitrine et de ses annexes
pb	333	0333	439148
entry	Anatomie
entry	Seconde partie
entry	Des maladies de la poitrine et de ses annexes
pb	334	0334	439149
entry	Anatomie
entry	Seconde partie
entry	Des maladies de la poitrine et de ses annexes
pb	335	0335	439150
entry	Anatomie
entry	Seconde partie
entry	Des maladies de la poitrine et de ses annexes
entry	Anatomie
entry	Troisième partie
entry	Des altérations des viscères, observées à la suite des maladies du bas-ventre
pb	336	0336	439151
entry	Anatomie
entry	Troisième partie
entry	Des altérations des viscères, observées à la suite des maladies du bas-ventre
pb	337	0337	439152
entry	Anatomie
entry	Troisième partie
entry	Des altérations des viscères, observées à la suite des maladies du bas-ventre
pb	338	0338	439153
entry	Anatomie
entry	Troisième partie
entry	Des altérations des viscères, observées à la suite des maladies du bas-ventre
pb	339	0339	439154
entry	Anatomie
entry	Troisième partie
entry	Des altérations des viscères, observées à la suite des maladies du bas-ventre
pb	340	0340	439155
entry	Anatomie
entry	Troisième partie
entry	Des altérations des viscères, observées à la suite des maladies du bas-ventre
pb	341	0341	439156
entry	Anatomie
entry	Troisième partie
entry	Des altérations des viscères, observées à la suite des maladies du bas-ventre
pb	342	0342	439157
entry	Anatomie
entry	Troisième partie
entry	Des altérations des viscères, observées à la suite des maladies du bas-ventre
pb	343	0343	439158
entry	Anatomie
entry	Troisième partie
entry	Des altérations des viscères, observées à la suite des maladies du bas-ventre
pb	344	0344	439159
entry	Anatomie
entry	Troisième partie
entry	Des altérations des viscères, observées à la suite des maladies du bas-ventre
pb	345	0345	439160
entry	Anatomie
entry	Troisième partie
entry	Des altérations des viscères, observées à la suite des maladies du bas-ventre
pb	346	0346	439161
entry	Anatomie
entry	Troisième partie
entry	Des altérations des viscères, observées à la suite des maladies du bas-ventre
pb	347	0347	439162
entry	Anatomie
entry	Troisième partie
entry	Des altérations des viscères, observées à la suite des maladies du bas-ventre
pb	348	0348	439163
entry	Anatomie
entry	Troisième partie
entry	Des altérations des viscères, observées à la suite des maladies du bas-ventre
pb	349	0349	439164
entry	Anatomie
entry	Troisième partie
entry	Des altérations des viscères, observées à la suite des maladies du bas-ventre
pb	350	0350	439165
entry	Anatomie
entry	Troisième partie
entry	Des altérations des viscères, observées à la suite des maladies du bas-ventre
pb	351	0351	439166
entry	Anatomie
entry	Troisième partie
entry	Des altérations des viscères, observées à la suite des maladies du bas-ventre
pb	352	0352	439167
entry	Anatomie
entry	Troisième partie
entry	Des altérations des viscères, observées à la suite des maladies du bas-ventre
pb	353	0353	439168
entry	Anatomie
entry	Troisième partie
entry	Des altérations des viscères, observées à la suite des maladies du bas-ventre
pb	354	0354	439169
entry	Anatomie
entry	Troisième partie
entry	Des altérations des viscères, observées à la suite des maladies du bas-ventre
pb	355	0355	439170
entry	Anatomie
entry	Troisième partie
entry	Des altérations des viscères, observées à la suite des maladies du bas-ventre
pb	356	0356	439171
entry	Anatomie
entry	Troisième partie
entry	Des altérations des viscères, observées à la suite des maladies du bas-ventre
pb	357	0357	439172
entry	Anatomie
entry	Troisième partie
entry	Des altérations des viscères, observées à la suite des maladies du bas-ventre
pb	358	0358	439173
entry	Anatomie
entry	Troisième partie
entry	Des altérations des viscères, observées à la suite des maladies du bas-ventre
pb	359	0359	439174
entry	Anatomie
entry	Troisième partie
entry	Des altérations des viscères, observées à la suite des maladies du bas-ventre
pb	360	0360	439175
entry	Anatomie
entry	Troisième partie
entry	Des altérations des viscères, observées à la suite des maladies du bas-ventre
pb	361	0361	439176
entry	Anatomie
entry	Troisième partie
entry	Des altérations des viscères, observées à la suite des maladies du bas-ventre
pb	362	0362	439177
entry	Anatomie
entry	Troisième partie
entry	Des altérations des viscères, observées à la suite des maladies du bas-ventre
pb	363	0363	439178
entry	Anatomie
entry	Troisième partie
entry	Des altérations des viscères, observées à la suite des maladies du bas-ventre
pb	364	0364	439179
entry	Anatomie
entry	Troisième partie
entry	Des altérations des viscères, observées à la suite des maladies du bas-ventre
pb	365	0365	439180
entry	Anatomie
entry	Troisième partie
entry	Des altérations des viscères, observées à la suite des maladies du bas-ventre
pb	366	0366	439181
entry	Anatomie
entry	Troisième partie
entry	Des altérations des viscères, observées à la suite des maladies du bas-ventre
pb	367	0367	439182
entry	Anatomie
entry	Troisième partie
entry	Des altérations des viscères, observées à la suite des maladies du bas-ventre
pb	368	0368	439183
entry	Anatomie
entry	Troisième partie
entry	Des altérations des viscères, observées à la suite des maladies du bas-ventre
pb	369	0369	439184
entry	Anatomie
entry	Troisième partie
entry	Des altérations des viscères, observées à la suite des maladies du bas-ventre
pb	370	0370	439185
entry	Anatomie
entry	Troisième partie
entry	Des altérations des viscères, observées à la suite des maladies du bas-ventre
pb	371	0371	439186
entry	Anatomie
entry	Troisième partie
entry	Des altérations des viscères, observées à la suite des maladies du bas-ventre
pb	372	0372	439187
entry	Anatomie
entry	Troisième partie
entry	Des altérations des viscères, observées à la suite des maladies du bas-ventre
pb	373	0373	439188
entry	Anatomie
entry	Troisième partie
entry	Des altérations des viscères, observées à la suite des maladies du bas-ventre
pb	374	0374	439189
entry	Anatomie
entry	Troisième partie
entry	Des altérations des viscères, observées à la suite des maladies du bas-ventre
pb	375	0375	439190
entry	Anatomie
entry	Troisième partie
entry	Des altérations des viscères, observées à la suite des maladies du bas-ventre
pb	376	0376	439191
entry	Anatomie
entry	Troisième partie
entry	Des altérations des viscères, observées à la suite des maladies du bas-ventre
pb	377	0377	439192
entry	Anatomie
entry	Troisième partie
entry	Des altérations des viscères, observées à la suite des maladies du bas-ventre
pb	378	0378	439193
entry	Anatomie
entry	Troisième partie
entry	Des altérations des viscères, observées à la suite des maladies du bas-ventre
pb	379	0379	439194
entry	Anatomie
entry	Troisième partie
entry	Des altérations des viscères, observées à la suite des maladies du bas-ventre
pb	380	0380	439195
entry	Anatomie
entry	Troisième partie
entry	Des altérations des viscères, observées à la suite des maladies du bas-ventre
pb	381	0381	439196
entry	Anatomie
entry	Troisième partie
entry	Des altérations des viscères, observées à la suite des maladies du bas-ventre
pb	382	0382	439197
entry	Anatomie
entry	Troisième partie
entry	Des altérations des viscères, observées à la suite des maladies du bas-ventre
pb	383	0383	439198
entry	Anatomie
entry	Troisième partie
entry	Des altérations des viscères, observées à la suite des maladies du bas-ventre
pb	384	0384	439199
entry	Anatomie
entry	Troisième partie
entry	Des altérations des viscères, observées à la suite des maladies du bas-ventre
pb	385	0385	439200
entry	Anatomie
entry	Troisième partie
entry	Des altérations des viscères, observées à la suite des maladies du bas-ventre
pb	386	0386	439201
entry	Anatomie
entry	Troisième partie
entry	Des altérations des viscères, observées à la suite des maladies du bas-ventre
pb	387	0387	439202
entry	Anatomie
entry	Troisième partie
entry	Des altérations des viscères, observées à la suite des maladies du bas-ventre
pb	388	0388	439203
entry	Anatomie
entry	Troisième partie
entry	Des altérations des viscères, observées à la suite des maladies du bas-ventre
pb	389	0389	439204
entry	Anatomie
entry	Troisième partie
entry	Des altérations des viscères, observées à la suite des maladies du bas-ventre
pb	390	0390	439205
entry	Anatomie
entry	Troisième partie
entry	Des altérations des viscères, observées à la suite des maladies du bas-ventre
pb	391	0391	439206
entry	Anatomie
entry	Troisième partie
entry	Des altérations des viscères, observées à la suite des maladies du bas-ventre
pb	392	0392	439207
entry	Anatomie
entry	Troisième partie
entry	Des altérations des viscères, observées à la suite des maladies du bas-ventre
pb	393	0393	439208
entry	Anatomie
entry	Troisième partie
entry	Des altérations des viscères, observées à la suite des maladies du bas-ventre
pb	394	0394	439209
entry	Anatomie
entry	Troisième partie
entry	Des altérations des viscères, observées à la suite des maladies du bas-ventre
pb	395	0395	439210
entry	Anatomie
entry	Troisième partie
entry	Des altérations des viscères, observées à la suite des maladies du bas-ventre
pb	396	0396	439211
entry	Anatomie
entry	Troisième partie
entry	Des altérations des viscères, observées à la suite des maladies du bas-ventre
pb	397	0397	439212
entry	Anatomie
entry	Troisième partie
entry	Des altérations des viscères, observées à la suite des maladies du bas-ventre
pb	398	0398	439213
entry	Anatomie
entry	Troisième partie
entry	Des altérations des viscères, observées à la suite des maladies du bas-ventre
pb	399	0399	439214
entry	Anatomie
entry	Troisième partie
entry	Des altérations des viscères, observées à la suite des maladies du bas-ventre
pb	400	0400	439215
entry	Anatomie
entry	Troisième partie
entry	Des altérations des viscères, observées à la suite des maladies du bas-ventre
pb	401	0401	439216
entry	Anatomie
entry	Troisième partie
entry	Des altérations des viscères, observées à la suite des maladies du bas-ventre
pb	402	0402	439217
entry	Anatomie
entry	Troisième partie
entry	Des altérations des viscères, observées à la suite des maladies du bas-ventre
pb	403	0403	439218
entry	Anatomie
entry	Troisième partie
entry	Des altérations des viscères, observées à la suite des maladies du bas-ventre
pb	404	0404	439219
entry	Anatomie
entry	Troisième partie
entry	Des altérations des viscères, observées à la suite des maladies du bas-ventre
pb	405	0405	439220
entry	Anatomie
entry	Troisième partie
entry	Des altérations des viscères, observées à la suite des maladies du bas-ventre
pb	406	0406	439221
entry	Anatomie
entry	Troisième partie
entry	Des altérations des viscères, observées à la suite des maladies du bas-ventre
pb	407	0407	439222
entry	Anatomie
entry	Troisième partie
entry	Des altérations des viscères, observées à la suite des maladies du bas-ventre
pb	408	0408	439223
entry	Anatomie
entry	Troisième partie
entry	Des altérations des viscères, observées à la suite des maladies du bas-ventre
pb	409	0409	439224
entry	Anatomie
entry	Troisième partie
entry	Des altérations des viscères, observées à la suite des maladies du bas-ventre
pb	410	0410	439225
entry	Anatomie
entry	Troisième partie
entry	Des altérations des viscères, observées à la suite des maladies du bas-ventre
pb	411	0411	439226
entry	Anatomie
entry	Troisième partie
entry	Des altérations des viscères, observées à la suite des maladies du bas-ventre
pb	412	0412	439227
entry	Anatomie
entry	Troisième partie
entry	Des altérations des viscères, observées à la suite des maladies du bas-ventre
pb	413	0413	439228
entry	Anatomie
entry	Troisième partie
entry	Des altérations des viscères, observées à la suite des maladies du bas-ventre
pb	414	0414	439229
entry	Anatomie
entry	Troisième partie
entry	Des altérations des viscères, observées à la suite des maladies du bas-ventre
pb	415	0415	439230
entry	Anatomie
entry	Troisième partie
entry	Des altérations des viscères, observées à la suite des maladies du bas-ventre
pb	416	0416	439231
entry	Anatomie
entry	Troisième partie
entry	Des altérations des viscères, observées à la suite des maladies du bas-ventre
pb	417	0417	439232
entry	Anatomie
entry	Troisième partie
entry	Des altérations des viscères, observées à la suite des maladies du bas-ventre
pb	418	0418	439233
entry	Anatomie
entry	Troisième partie
entry	Des altérations des viscères, observées à la suite des maladies du bas-ventre
pb	419	0419	439234
entry	Anatomie
entry	Troisième partie
entry	Des altérations des viscères, observées à la suite des maladies du bas-ventre
pb	420	0420	439235
entry	Anatomie
entry	Troisième partie
entry	Des altérations des viscères, observées à la suite des maladies du bas-ventre
pb	421	0421	439236
entry	Anatomie
entry	Troisième partie
entry	Des altérations des viscères, observées à la suite des maladies du bas-ventre
pb	422	0422	439237
entry	Anatomie
entry	Troisième partie
entry	Des altérations des viscères, observées à la suite des maladies du bas-ventre
pb	423	0423	439238
entry	Anatomie
entry	Troisième partie
entry	Des altérations des viscères, observées à la suite des maladies du bas-ventre
pb	424	0424	439239
entry	Anatomie
entry	Troisième partie
entry	Des altérations des viscères, observées à la suite des maladies du bas-ventre
pb	425	0425	439240
entry	Anatomie
entry	Troisième partie
entry	Des altérations des viscères, observées à la suite des maladies du bas-ventre
pb	426	0426	439241
entry	Anatomie
entry	Troisième partie
entry	Des altérations des viscères, observées à la suite des maladies du bas-ventre
pb	427	0427	439242
entry	Anatomie
entry	Troisième partie
entry	Des altérations des viscères, observées à la suite des maladies du bas-ventre
pb	428	0428	439243
entry	Anatomie
entry	Troisième partie
entry	Des altérations des viscères, observées à la suite des maladies du bas-ventre
pb	429	0429	439244
entry	Anatomie
entry	Troisième partie
entry	Des altérations des viscères, observées à la suite des maladies du bas-ventre
pb	430	0430	439245
entry	Anatomie
entry	Troisième partie
entry	Des altérations des viscères, observées à la suite des maladies du bas-ventre
pb	431	0431	439246
entry	Anatomie
entry	Troisième partie
entry	Des altérations des viscères, observées à la suite des maladies du bas-ventre
pb	432	0432	439247
entry	Anatomie
entry	Troisième partie
entry	Des altérations des viscères, observées à la suite des maladies du bas-ventre
pb	433	0433	439248
entry	Anatomie
entry	Troisième partie
entry	Des altérations des viscères, observées à la suite des maladies du bas-ventre
pb	434	0434	439249
entry	Anatomie
entry	Troisième partie
entry	Des altérations des viscères, observées à la suite des maladies du bas-ventre
pb	435	0435	439250
entry	Anatomie
entry	Troisième partie
entry	Des altérations des viscères, observées à la suite des maladies du bas-ventre
pb	436	0436	439251
entry	Anatomie
entry	Troisième partie
entry	Des altérations des viscères, observées à la suite des maladies du bas-ventre
pb	437	0437	439252
entry	Anatomie
entry	Troisième partie
entry	Des altérations des viscères, observées à la suite des maladies du bas-ventre
pb	438	0438	439253
entry	Anatomie
entry	Troisième partie
entry	Des altérations des viscères, observées à la suite des maladies du bas-ventre
pb	439	0439	439254
entry	Anatomie
entry	Troisième partie
entry	Des altérations des viscères, observées à la suite des maladies du bas-ventre
pb	440	0440	439255
entry	Anatomie
entry	Troisième partie
entry	Des altérations des viscères, observées à la suite des maladies du bas-ventre
pb	441	0441	439256
entry	Anatomie
entry	Troisième partie
entry	Des altérations des viscères, observées à la suite des maladies du bas-ventre
pb	442	0442	439257
entry	Anatomie
entry	Troisième partie
entry	Des altérations des viscères, observées à la suite des maladies du bas-ventre
pb	443	0443	439258
entry	Anatomie
entry	Troisième partie
entry	Des altérations des viscères, observées à la suite des maladies du bas-ventre
pb	444	0444	439259
entry	Anatomie
entry	Troisième partie
entry	Des altérations des viscères, observées à la suite des maladies du bas-ventre
pb	445	0445	439260
entry	Anatomie
entry	Troisième partie
entry	Des altérations des viscères, observées à la suite des maladies du bas-ventre
pb	446	0446	439261
entry	Anatomie
entry	Troisième partie
entry	Des altérations des viscères, observées à la suite des maladies du bas-ventre
pb	447	0447	439262
entry	Anatomie
entry	Troisième partie
entry	Des altérations des viscères, observées à la suite des maladies du bas-ventre
pb	448	0448	439263
entry	Anatomie
entry	Troisième partie
entry	Des altérations des viscères, observées à la suite des maladies du bas-ventre
pb	449	0449	439264
entry	Anatomie
entry	Troisième partie
entry	Des altérations des viscères, observées à la suite des maladies du bas-ventre
pb	450	0450	439265
entry	Anatomie
entry	Troisième partie
entry	Des altérations des viscères, observées à la suite des maladies du bas-ventre
pb	451	0451	439266
entry	Anatomie
entry	Troisième partie
entry	Des altérations des viscères, observées à la suite des maladies du bas-ventre
pb	452	0452	439267
entry	Anatomie
entry	Troisième partie
entry	Des altérations des viscères, observées à la suite des maladies du bas-ventre
pb	453	0453	439268
entry	Anatomie
entry	Troisième partie
entry	Des altérations des viscères, observées à la suite des maladies du bas-ventre
pb	454	0454	439269
entry	Anatomie
entry	Troisième partie
entry	Des altérations des viscères, observées à la suite des maladies du bas-ventre
pb	455	0455	439270
entry	Anatomie
entry	Troisième partie
entry	Des altérations des viscères, observées à la suite des maladies du bas-ventre
pb	456	0456	439271
entry	Anatomie
entry	Troisième partie
entry	Des altérations des viscères, observées à la suite des maladies du bas-ventre
pb	457	0457	439272
entry	Anatomie
entry	Troisième partie
entry	Des altérations des viscères, observées à la suite des maladies du bas-ventre
pb	458	0458	439273
entry	Anatomie
entry	Troisième partie
entry	Des altérations des viscères, observées à la suite des maladies du bas-ventre
pb	459	0459	439274
entry	Anatomie
entry	Troisième partie
entry	Des altérations des viscères, observées à la suite des maladies du bas-ventre
pb	460	0460	439275
entry	Anatomie
entry	Troisième partie
entry	Des altérations des viscères, observées à la suite des maladies du bas-ventre
pb	461	0461	439276
entry	Anatomie
entry	Troisième partie
entry	Des altérations des viscères, observées à la suite des maladies du bas-ventre
pb	462	0462	439277
entry	Anatomie
entry	Troisième partie
entry	Des altérations des viscères, observées à la suite des maladies du bas-ventre
pb	463	0463	439278
entry	Anatomie
entry	Troisième partie
entry	Des altérations des viscères, observées à la suite des maladies du bas-ventre
pb	464	0464	439279
entry	Anatomie
entry	Troisième partie
entry	Des altérations des viscères, observées à la suite des maladies du bas-ventre
pb	465	0465	439280
entry	Anatomie
entry	Troisième partie
entry	Des altérations des viscères, observées à la suite des maladies du bas-ventre
pb	466	0466	439281
entry	Anatomie
entry	Troisième partie
entry	Des altérations des viscères, observées à la suite des maladies du bas-ventre
pb	467	0467	439282
entry	Anatomie
entry	Troisième partie
entry	Des altérations des viscères, observées à la suite des maladies du bas-ventre
pb	468	0468	439283
entry	Anatomie
entry	Troisième partie
entry	Des altérations des viscères, observées à la suite des maladies du bas-ventre
pb	469	0469	439284
entry	Anatomie
entry	Troisième partie
entry	Des altérations des viscères, observées à la suite des maladies du bas-ventre
pb	470	0470	439285
entry	Anatomie
entry	Troisième partie
entry	Des altérations des viscères, observées à la suite des maladies du bas-ventre
pb	471	0471	439286
entry	Anatomie
entry	Troisième partie
entry	Des altérations des viscères, observées à la suite des maladies du bas-ventre
pb	472	0472	439287
entry	Anatomie
entry	Troisième partie
entry	Des altérations des viscères, observées à la suite des maladies du bas-ventre
pb	473	0473	439288
entry	Anatomie
entry	Troisième partie
entry	Des altérations des viscères, observées à la suite des maladies du bas-ventre
pb	474	0474	439289
entry	Anatomie
entry	Troisième partie
entry	Des altérations des viscères, observées à la suite des maladies du bas-ventre
pb	475	0475	439290
entry	Anatomie
entry	Troisième partie
entry	Des altérations des viscères, observées à la suite des maladies du bas-ventre
pb	476	0476	439291
entry	Anatomie
entry	Troisième partie
entry	Des altérations des viscères, observées à la suite des maladies du bas-ventre
pb	477	0477	439292
entry	Anatomie
entry	Troisième partie
entry	Des altérations des viscères, observées à la suite des maladies du bas-ventre
pb	478	0478	439293
entry	Anatomie
entry	Troisième partie
entry	Des altérations des viscères, observées à la suite des maladies du bas-ventre
pb	479	0479	439294
entry	Anatomie
entry	Troisième partie
entry	Des altérations des viscères, observées à la suite des maladies du bas-ventre
pb	480	0480	439295
entry	Anatomie
entry	Troisième partie
entry	Des altérations des viscères, observées à la suite des maladies du bas-ventre
pb	481	0481	439296
entry	Anatomie
entry	Troisième partie
entry	Des altérations des viscères, observées à la suite des maladies du bas-ventre
pb	482	0482	439297
entry	Anatomie
entry	Troisième partie
entry	Des altérations des viscères, observées à la suite des maladies du bas-ventre
pb	483	0483	439298
entry	Anatomie
entry	Troisième partie
entry	Des altérations des viscères, observées à la suite des maladies du bas-ventre
pb	484	0484	439299
entry	Anatomie
entry	Troisième partie
entry	Des altérations des viscères, observées à la suite des maladies du bas-ventre
pb	485	0485	439300
entry	Anatomie
entry	Troisième partie
entry	Des altérations des viscères, observées à la suite des maladies du bas-ventre
pb	486	0486	439301
entry	Anatomie
entry	Troisième partie
entry	Des altérations des viscères, observées à la suite des maladies du bas-ventre
pb	487	0487	439302
entry	Anatomie
entry	Troisième partie
entry	Des altérations des viscères, observées à la suite des maladies du bas-ventre
pb	488	0488	439303
entry	Anatomie
entry	Troisième partie
entry	Des altérations des viscères, observées à la suite des maladies du bas-ventre
pb	489	0489	439304
entry	Anatomie
entry	Troisième partie
entry	Des altérations des viscères, observées à la suite des maladies du bas-ventre
pb	490	0490	439305
entry	Anatomie
entry	Troisième partie
entry	Des altérations des viscères, observées à la suite des maladies du bas-ventre
pb	491	0491	439306
entry	Anatomie
entry	Troisième partie
entry	Des altérations des viscères, observées à la suite des maladies du bas-ventre
pb	492	0492	439307
entry	Anatomie
entry	Troisième partie
entry	Des altérations des viscères, observées à la suite des maladies du bas-ventre
pb	493	0493	439308
entry	Anatomie
entry	Troisième partie
entry	Des altérations des viscères, observées à la suite des maladies du bas-ventre
pb	494	0494	439309
entry	Anatomie
entry	Troisième partie
entry	Des altérations des viscères, observées à la suite des maladies du bas-ventre
pb	495	0495	439310
entry	Anatomie
entry	Troisième partie
entry	Des altérations des viscères, observées à la suite des maladies du bas-ventre
pb	496	0496	439311
entry	Anatomie
entry	Troisième partie
entry	Des altérations des viscères, observées à la suite des maladies du bas-ventre
pb	497	0497	439312
entry	Anatomie
entry	Troisième partie
entry	Des altérations des viscères, observées à la suite des maladies du bas-ventre
pb	498	0498	439313
entry	Anatomie
entry	Troisième partie
entry	Des altérations des viscères, observées à la suite des maladies du bas-ventre
pb	499	0499	439314
entry	Anatomie
entry	Troisième partie
entry	Des altérations des viscères, observées à la suite des maladies du bas-ventre
pb	500	0500	439315
entry	Anatomie
entry	Troisième partie
entry	Des altérations des viscères, observées à la suite des maladies du bas-ventre
pb	501	0501	439316
entry	Anatomie
entry	Troisième partie
entry	Des altérations des viscères, observées à la suite des maladies du bas-ventre
pb	502	0502	439317
entry	Anatomie
entry	Troisième partie
entry	Des altérations des viscères, observées à la suite des maladies du bas-ventre
pb	503	0503	439318
entry	Anatomie
entry	Troisième partie
entry	Des altérations des viscères, observées à la suite des maladies du bas-ventre
pb	504	0504	439319
entry	Anatomie
entry	Troisième partie
entry	Des altérations des viscères, observées à la suite des maladies du bas-ventre
pb	505	0505	439320
entry	Anatomie
entry	Troisième partie
entry	Des altérations des viscères, observées à la suite des maladies du bas-ventre
pb	506	0506	439321
entry	Anatomie
entry	Troisième partie
entry	Des altérations des viscères, observées à la suite des maladies du bas-ventre
pb	507	0507	439322
entry	Anatomie
entry	Troisième partie
entry	Des altérations des viscères, observées à la suite des maladies du bas-ventre
pb	508	0508	439323
entry	Anatomie
entry	Troisième partie
entry	Des altérations des viscères, observées à la suite des maladies du bas-ventre
pb	509	0509	439324
entry	Anatomie
entry	Troisième partie
entry	Des altérations des viscères, observées à la suite des maladies du bas-ventre
pb	510	0510	439325
entry	Anatomie
entry	Troisième partie
entry	Des altérations des viscères, observées à la suite des maladies du bas-ventre
pb	511	0511	439326
entry	Anatomie
entry	Troisième partie
entry	Des altérations des viscères, observées à la suite des maladies du bas-ventre
pb	512	0512	439327
entry	Anatomie
entry	Troisième partie
entry	Des altérations des viscères, observées à la suite des maladies du bas-ventre
pb	513	0513	439328
entry	Anatomie
entry	Troisième partie
entry	Des altérations des viscères, observées à la suite des maladies du bas-ventre
pb	514	0514	439329
entry	Anatomie
entry	Troisième partie
entry	Des altérations des viscères, observées à la suite des maladies du bas-ventre
pb	515	0515	439330
entry	Anatomie
entry	Troisième partie
entry	Des altérations des viscères, observées à la suite des maladies du bas-ventre
pb	516	0516	439331
entry	Anatomie
entry	Troisième partie
entry	Des altérations des viscères, observées à la suite des maladies du bas-ventre
pb	517	0517	439332
entry	Anatomie
entry	Troisième partie
entry	Des altérations des viscères, observées à la suite des maladies du bas-ventre
pb	518	0518	439333
entry	Anatomie
entry	Troisième partie
entry	Des altérations des viscères, observées à la suite des maladies du bas-ventre
pb	519	0519	439334
entry	Anatomie
entry	Troisième partie
entry	Des altérations des viscères, observées à la suite des maladies du bas-ventre
pb	520	0520	439335
entry	Anatomie
entry	Troisième partie
entry	Des altérations des viscères, observées à la suite des maladies du bas-ventre
pb	521	0521	439336
entry	Anatomie
entry	Troisième partie
entry	Des altérations des viscères, observées à la suite des maladies du bas-ventre
pb	522	0522	439337
entry	Anatomie
entry	Troisième partie
entry	Des altérations des viscères, observées à la suite des maladies du bas-ventre
pb	523	0523	439338
entry	Anatomie
entry	Troisième partie
entry	Des altérations des viscères, observées à la suite des maladies du bas-ventre
pb	524	0524	439339
entry	Anatomie
entry	Troisième partie
entry	Des altérations des viscères, observées à la suite des maladies du bas-ventre
pb	525	0525	439340
entry	Anatomie
entry	Troisième partie
entry	Des altérations des viscères, observées à la suite des maladies du bas-ventre
pb	526	0526	439341
entry	Anatomie
entry	Troisième partie
entry	Des altérations des viscères, observées à la suite des maladies du bas-ventre
pb	527	0527	439342
entry	Anatomie
entry	Troisième partie
entry	Des altérations des viscères, observées à la suite des maladies du bas-ventre
pb	528	0528	439343
entry	Anatomie
entry	Troisième partie
entry	Des altérations des viscères, observées à la suite des maladies du bas-ventre
pb	529	0529	439344
entry	Anatomie
entry	Troisième partie
entry	Des altérations des viscères, observées à la suite des maladies du bas-ventre
pb	530	0530	439345
entry	Anatomie
entry	Troisième partie
entry	Des altérations des viscères, observées à la suite des maladies du bas-ventre
pb	531	0531	439346
entry	Anatomie
entry	Troisième partie
entry	Des altérations des viscères, observées à la suite des maladies du bas-ventre
pb	532	0532	439347
entry	Anatomie
entry	Troisième partie
entry	Des altérations des viscères, observées à la suite des maladies du bas-ventre
pb	533	0533	439348
entry	Anatomie
entry	Troisième partie
entry	Des altérations des viscères, observées à la suite des maladies du bas-ventre
pb	534	0534	439349
entry	Anatomie
entry	Troisième partie
entry	Des altérations des viscères, observées à la suite des maladies du bas-ventre
pb	535	0535	439350
entry	Anatomie
entry	Troisième partie
entry	Des altérations des viscères, observées à la suite des maladies du bas-ventre
pb	536	0536	439351
entry	Anatomie
entry	Troisième partie
entry	Des altérations des viscères, observées à la suite des maladies du bas-ventre
pb	537	0537	439352
entry	Anatomie
entry	Troisième partie
entry	Des altérations des viscères, observées à la suite des maladies du bas-ventre
pb	538	0538	439353
entry	Anatomie
entry	Troisième partie
entry	Des altérations des viscères, observées à la suite des maladies du bas-ventre
pb	539	0539	439354
entry	Anatomie
entry	Troisième partie
entry	Des altérations des viscères, observées à la suite des maladies du bas-ventre
pb	540	0540	439355
entry	Anatomie
entry	Troisième partie
entry	Des altérations des viscères, observées à la suite des maladies du bas-ventre
pb	541	0541	439356
entry	Anatomie
entry	Troisième partie
entry	Des altérations des viscères, observées à la suite des maladies du bas-ventre
pb	542	0542	439357
entry	Anatomie
entry	Troisième partie
entry	Des altérations des viscères, observées à la suite des maladies du bas-ventre
pb	543	0543	439358
entry	Anatomie
entry	Troisième partie
entry	Des altérations des viscères, observées à la suite des maladies du bas-ventre
pb	544	0544	439359
entry	Anatomie
entry	Troisième partie
entry	Des altérations des viscères, observées à la suite des maladies du bas-ventre
entry	Anatomie pathologique des animaux
pb	545	0545	439360
pb	546	0546	439361
pb	547	0547	439362
pb	548	0548	439363
pb	549	0549	439364
pb	550	0550	439365
pb	551	0551	439366
pb	552	0552	439367
pb	553	0553	439368
pb	554	0554	439369
pb	555	0555	439370
pb	556	0556	439371
pb	557	0557	439372
pb	558	0558	439373
pb	559	0559	439374
pb	560	0560	439375
pb	561	0561	439376
pb	562	0562	439377
pb	563	0563	439378
pb	564	0564	439379
pb	565	0565	439380
pb	566	0566	439381
pb	567	0567	439382
pb	568	0568	439383
pb	569	0569	439384
pb	570	0570	439385
pb	571	0571	439386
pb	572	0572	439387
pb	573	0573	439388
pb	574	0574	439389
pb	575	0575	439390
pb	576	0576	439391
pb	577	0577	439392
entry	Plan d'un cours d'anatomie et de physiologie
pb	578	0578	439393
pb	579	0579	439394
pb	580	0580	439395
pb	581	0581	439396
pb	582	0582	439397
pb	583	0583	439398
pb	584	0584	439399
pb	585	0585	439400
pb	586	0586	439401
pb	587	0587	439402
pb	588	0588	439403
pb	589	0589	439404
pb	590	0590	439405
pb	591	0591	439406
pb	592	0592	439407
pb	593	0593	439408
pb	594	0594	439409
pb	595	0595	439410
pb	596	0596	439411
pb	597	0597	439412
pb	598	0598	439413
pb	599	0599	439414
pb	600	0600	439415
pb	601	0601	439416
pb	602	0602	439417
pb	603	0603	439418
pb	604	0604	439419
pb	605	0605	439420
pb	606	0606	439421
pb	607	0607	439422
pb	608	0608	439423
pb	609	0609	439424
pb	610	0610	439425
pb	611	0611	439426
pb	612	0612	439427
entry	Anatomie comparée, anatomie des animaux, zootomie
pb	613	0613	439428
entry	Anatomie (Jurisprudence de la médecine)
pb	614	0614	439429
pb	615	0615	439430
pb	616	0616	439431
pb	617	0617	439432
pb	618	0618	439433
pb	619	0619	439434
pb	620	0620	439435
pb	621	0621	439436
pb	622	0622	439437
pb	623	0623	439438
pb	624	0624	439439
pb	625	0625	439440
pb	626	0626	439441
pb	627	0627	439442
pb	628	0628	439443
pb	629	0629	439444
pb	630	0630	439445
pb	631	0631	439446
pb	632	0632	439447
pb	633	0633	439448
pb	634	0634	439449
pb	635	0635	439450
pb	636	0636	439451
pb	637	0637	439452
pb	638	0638	439453
pb	639	0639	439454
pb	640	0640	439455
pb	641	0641	439456
pb	642	0642	439457
pb	643	0643	439458
pb	644	0644	439459
pb	645	0645	439460
pb	646	0646	439461
pb	647	0647	439462
pb	648	0648	439463
pb	649	0649	439464
pb	650	0650	439465
entry	Anatomique (Département)
entry	Anatomiste (Hygiène)
pb	651	0651	439466
entry	Anatron, natron
entry	Anatrope
entry	Anavingue
entry	Anaxerantica
entry	Ancharius
entry	Anchialus
entry	Anchilops ou anchylops (Malad. Des yeux. Nos. Méthod.)
pb	652	0652	439467
entry	Anchilose, anchylose, ankylose
pb	653	0653	439468
pb	654	0654	439469
pb	655	0655	439470
pb	656	0656	439471
pb	657	0657	439472
pb	658	0658	439473
pb	659	0659	439474
entry	Anchois
pb	660	0660	439475
entry	Ancholie, ancolie, aiglantine, colombine, galantine, gantsde Notre-Dame
entry	Ancienneté de la vérole
entry	Anciens médecins
pb	661	0661	439476
pb	662	0662	439477
pb	663	0663	439478
pb	664	0664	439479
entry	Filiation d'Esculape ou généalogie des Asclépiades
pb	665	0665	439480
pb	666	0666	439481
pb	667	0667	439482
pb	668	0668	439483
pb	669	0669	439484
pb	670	0670	439485
entry	Table chronologique des plus célèbres médecins anciens, depuis Nébrus jusqu'à Galien
pb	671	0671	439486
pb	672	0672	439487
pb	673	0673	439488
pb	674	0674	439489
pb	675	0675	439490
pb	676	0676	439491
pb	677	0677	439492
pb	678	0678	439493
pb	679	0679	439494
pb	680	0680	439495
pb	681	0681	439496
pb	682	0682	439497
pb	683	0683	439498
pb	684	0684	439499
pb	685	0685	439500
pb	686	0686	439501
pb	687	0687	439502
entry	Anchyle
entry	Anchylo-blepharon
entry	Anchilo-blepharon
entry	Anchylomerisma
entry	Anchylops
entry	Anclouure
entry	Ancoeur
entry	Ancolie(Matière médicale)
pb	688	0688	439503
entry	Anctoville
entry	Ancubitus
entry	Ancyle
entry	Ancylo-blepharon
pb	689	0689	439504
pb	690	0690	439505
entry	Anda
entry	Andalous
pb	691	0691	439506
entry	Andely
entry	Andeol, (Saint)
entry	Anders, les anders
entry	Andira, angelyn
entry	Andira-guacu
entry	Andoillers
entry	Andouille
entry	Andouillers, andoillers, autoilliers, autoillières, endoillers
pb	692	0692	439507
entry	Andouilles
entry	Andrin ou moreau
entry	Androgine
entry	Andromanie
entry	Andromaque
entry	Andromede (Hygiène vétérinaire)
pb	693	0693	439508
entry	Androsau
entry	Androsoemum
entry	Ane (Matière médicale)
pb	694	0694	439509
entry	Ane, anesse, anon (Art vétérinaire)
pb	695	0695	439510
pb	696	0696	439511
pb	697	0697	439512
pb	698	0698	439513
pb	699	0699	439514
pb	700	0700	439515
pb	701	0701	439516
pb	702	0702	439517
pb	703	0703	439518
pb	704	0704	439519
pb	705	0705	439520
pb	706	0706	439521
pb	707	0707	439522
pb	708	0708	439523
pb	709	0709	439524
pb	710	0710	439525
entry	Anéi
entry	Anémase
entry	Anémie
entry	Anémomètre (Phys. Méd.)
pb	711	0711	439526
entry	Anémométrie
entry	Anémométographe
entry	Anémone (Hygiène vétérinaire)
pb	712	0712	439527
entry	Anémoscope
entry	Anépithymie
entry	Anes
entry	Anesse
entry	Anest
pb	713	0713	439528
entry	Anesthésie
entry	Anete
entry	Anétiques (Matière médicale)
pb	714	0714	439529
entry	Anévrysme (Médecine pratique)
pb	715	0715	439530
pb	716	0716	439531
pb	717	0717	439532
pb	718	0718	439533
pb	719	0719	439534
pb	720	0720	439535
pb	721	0721	439536
pb	722	0722	439537
pb	723	0723	439538
pb	724	0724	439539
pb	725	0725	439540
pb	726	0726	439541
pb	727	0727	439542
pb	728	0728	439543
pb	729	0729	439544
pb	730	0730	439545
pb	731	0731	439546
entry	Anévrisme
entry	Angar
pb	732	0732	439547
entry	Angélique (Matière médicale)
pb	733	0733	439548
entry	Angélique, archangélique, racine du Saint-Esprit
pb	734	0734	439549
entry	Angelvin
entry	Angelyn
entry	Angers (eaux minérales)
pb	735	0735	439550
pb	736	0736	439551
pb	737	0737	439552
entry	Anghine
entry	Angine, ou esquinancie (Médecine pratique)
pb	738	0738	439553
pb	739	0739	439554
pb	740	0740	439555
pb	741	0741	439556
pb	742	0742	439557
pb	743	0743	439558
pb	744	0744	439559
pb	745	0745	439560
pb	746	0746	439561
pb	747	0747	439562
pb	748	0748	439563
pb	749	0749	439564
pb	750	0750	439565
pb	751	0751	439566
pb	752	0752	439567
pb	753	0753	439568
pb	754	0754	439569
pb	755	0755	439570
pb	756	0756	439571
pb	757	0757	439572
pb	758	0758	439573
pb	759	0759	439574
pb	760	0760	439575
pb	761	0761	439576
pb	762	0762	439577
pb	763	0763	439578
pb	764	0764	439579
pb	765	0765	439580
pb	766	0766	439581
pb	767	0767	439582
pb	768	0768	439583
pb	769	0769	439584
pb	770	0770	439585
entry	Article omis
entry	Andry (Nicolas)
pb	771	0771	439586
pb	772	0772	439587
pb	773	0773	439588
pb	774	0774	439589
entry	Andry (Nicolas) / Errata
