pb	[sans numérotation]	0001	4528053
entry	Page de faux-titre]
pb	[sans numérotation]	0002	4528054
pb	[sans numérotation]	0003	4528055
entry	Page de titre]
pb	[page blanche]	0004	4528056
pb	1	0005	4528057
entry	Foie
entry	Pathologie (suite)
entry	Congestion du foie [H. Rendu]
pb	2	0006	4528058
entry	Foie. Pathologie (suite). Congestion du foie [H. Rendu]
pb	3	0007	4528059
pb	4	0008	4528060
pb	5	0009	4528061
pb	6	0010	4528062
pb	7	0011	4528063
pb	8	0012	4528064
pb	9	0013	4528065
pb	10	0014	4528066
pb	11	0015	4528067
pb	12	0016	4528068
pb	13	0017	4528069
pb	14	0018	4528070
pb	15	0019	4528071
pb	16	0020	4528072
pb	17	0021	4528073
pb	18	0022	4528074
pb	19	0023	4528075
pb	20	0024	4528076
pb	21	0025	4528077
pb	22	0026	4528078
pb	23	0027	4528079
entry	Maladies inflammatoires du foie [H. Rendu]
pb	24	0028	4528080
entry	Foie. Pathologie (suite). Maladies inflammatoires du foie [H. Rendu]
pb	25	0029	4528081
pb	26	0030	4528082
pb	27	0031	4528083
pb	28	0032	4528084
pb	29	0033	4528085
pb	30	0034	4528086
pb	31	0035	4528087
pb	32	0036	4528088
pb	33	0037	4528089
pb	34	0038	4528090
pb	35	0039	4528091
pb	36	0040	4528092
pb	37	0041	4528093
pb	38	0042	4528094
pb	39	0043	4528095
pb	40	0044	4528096
pb	41	0045	4528097
pb	42	0046	4528098
pb	43	0047	4528099
pb	44	0048	4528100
pb	45	0049	4528101
pb	46	0050	4528102
pb	47	0051	4528103
pb	48	0052	4528104
pb	49	0053	4528105
pb	50	0054	4528106
pb	51	0055	4528107
pb	52	0056	4528108
pb	53	0057	4528109
pb	54	0058	4528110
pb	55	0059	4528111
pb	56	0060	4528112
pb	57	0061	4528113
pb	58	0062	4528114
pb	59	0063	4528115
pb	60	0064	4528116
pb	61	0065	4528117
pb	62	0066	4528118
pb	63	0067	4528119
pb	64	0068	4528120
pb	65	0069	4528121
pb	66	0070	4528122
pb	67	0071	4528123
pb	68	0072	4528124
pb	69	0073	4528125
pb	70	0074	4528126
pb	71	0075	4528127
pb	72	0076	4528128
pb	73	0077	4528129
pb	74	0078	4528130
pb	75	0079	4528131
pb	76	0080	4528132
pb	77	0081	4528133
pb	78	0082	4528134
pb	79	0083	4528135
pb	80	0084	4528136
pb	81	0085	4528137
pb	82	0086	4528138
pb	83	0087	4528139
pb	84	0088	4528140
pb	85	0089	4528141
pb	86	0090	4528142
pb	87	0091	4528143
pb	88	0092	4528144
entry	Cirrhose atrophique [H. Rendu]
pb	89	0093	4528145
entry	Foie. Pathologie (suite). Cirrhose atrophique [H. Rendu]
pb	90	0094	4528146
pb	91	0095	4528147
pb	92	0096	4528148
pb	93	0097	4528149
pb	94	0098	4528150
pb	95	0099	4528151
pb	96	0100	4528152
pb	97	0101	4528153
pb	98	0102	4528154
pb	99	0103	4528155
pb	100	0104	4528156
pb	101	0105	4528157
pb	102	0106	4528158
pb	103	0107	4528159
pb	104	0108	4528160
pb	105	0109	4528161
pb	106	0110	4528162
pb	107	0111	4528163
pb	108	0112	4528164
pb	109	0113	4528165
pb	110	0114	4528166
pb	111	0115	4528167
pb	112	0116	4528168
pb	113	0117	4528169
pb	114	0118	4528170
pb	115	0119	4528171
pb	116	0120	4528172
pb	117	0121	4528173
pb	118	0122	4528174
pb	119	0123	4528175
entry	Cirrhose hypertrophique [H. Rendu]
pb	120	0124	4528176
entry	Foie. Pathologie (suite). Cirrhose hypertrophique [H. Rendu]
pb	121	0125	4528177
pb	122	0126	4528178
pb	123	0127	4528179
pb	124	0128	4528180
pb	125	0129	4528181
pb	126	0130	4528182
pb	127	0131	4528183
pb	128	0132	4528184
pb	129	0133	4528185
pb	130	0134	4528186
pb	131	0135	4528187
pb	132	0136	4528188
pb	133	0137	4528189
pb	134	0138	4528190
pb	135	0139	4528191
pb	136	0140	4528192
pb	137	0141	4528193
pb	138	0142	4528194
entry	Syphilis hépatique [H. Rendu]
pb	139	0143	4528195
entry	Foie. Pathologie (suite). Syphilis hépatique [H. Rendu]
pb	140	0144	4528196
pb	141	0145	4528197
pb	142	0146	4528198
pb	143	0147	4528199
pb	144	0148	4528200
pb	145	0149	4528201
pb	146	0150	4528202
pb	147	0151	4528203
pb	148	0152	4528204
pb	149	0153	4528205
pb	150	0154	4528206
pb	151	0155	4528207
pb	152	0156	4528208
pb	153	0157	4528209
pb	154	0158	4528210
pb	155	0159	4528211
pb	156	0160	4528212
pb	157	0161	4528213
entry	Dégénérescence du foie [H. Rendu]
pb	158	0162	4528214
entry	Foie. Pathologie (suite). Dégénérescence du foie [H. Rendu]
pb	159	0163	4528215
pb	160	0164	4528216
pb	161	0165	4528217
pb	162	0166	4528218
pb	163	0167	4528219
pb	164	0168	4528220
pb	165	0169	4528221
pb	166	0170	4528222
pb	167	0171	4528223
pb	168	0172	4528224
pb	169	0173	4528225
pb	170	0174	4528226
pb	171	0175	4528227
pb	172	0176	4528228
pb	173	0177	4528229
pb	174	0178	4528230
pb	175	0179	4528231
pb	176	0180	4528232
pb	177	0181	4528233
pb	178	0182	4528234
pb	179	0183	4528235
pb	180	0184	4528236
pb	181	0185	4528237
pb	182	0186	4528238
entry	Foie. Pathologie (suite)
entry	Néoplasies du foie [H. Rendu]
pb	183	0187	4528239
entry	Foie. Pathologie (suite). Néoplasies du foie [H. Rendu]
pb	184	0188	4528240
pb	185	0189	4528241
pb	186	0190	4528242
pb	187	0191	4528243
pb	188	0192	4528244
pb	189	0193	4528245
pb	190	0194	4528246
pb	191	0195	4528247
pb	192	0196	4528248
pb	193	0197	4528249
pb	194	0198	4528250
pb	195	0199	4528251
pb	196	0200	4528252
pb	197	0201	4528253
pb	198	0202	4528254
pb	199	0203	4528255
pb	200	0204	4528256
pb	201	0205	4528257
pb	202	0206	4528258
pb	203	0207	4528259
pb	204	0208	4528260
pb	205	0209	4528261
pb	206	0210	4528262
pb	207	0211	4528263
pb	208	0212	4528264
pb	209	0213	4528265
entry	Productions parasitaires [H. Rendu]
pb	210	0214	4528266
entry	Foie. Pathologie (suite). Productions parasitaires [H. Rendu]
pb	211	0215	4528267
pb	212	0216	4528268
pb	213	0217	4528269
pb	214	0218	4528270
pb	215	0219	4528271
pb	216	0220	4528272
pb	217	0221	4528273
pb	218	0222	4528274
pb	219	0223	4528275
pb	220	0224	4528276
pb	221	0225	4528277
pb	222	0226	4528278
pb	223	0227	4528279
pb	224	0228	4528280
pb	225	0229	4528281
pb	226	0230	4528282
pb	227	0231	4528283
pb	228	0232	4528284
pb	229	0233	4528285
pb	230	0234	4528286
pb	231	0235	4528287
pb	232	0236	4528288
pb	233	0237	4528289
pb	234	0238	4528290
pb	235	0239	4528291
pb	236	0240	4528292
pb	237	0241	4528293
pb	238	0242	4528294
pb	239	0243	4528295
pb	240	0244	4528296
pb	241	0245	4528297
pb	242	0246	4528298
pb	243	0247	4528299
pb	244	0248	4528300
pb	245	0249	4528301
pb	246	0250	4528302
pb	247	0251	4528303
pb	248	0252	4528304
pb	249	0253	4528305
pb	250	0254	4528306
pb	251	0255	4528307
pb	252	0256	4528308
pb	253	0257	4528309
pb	254	0258	4528310
pb	255	0259	4528311
pb	256	0260	4528312
pb	257	0261	4528313
pb	258	0262	4528314
pb	259	0263	4528315
pb	260	0264	4528316
pb	261	0265	4528317
pb	262	0266	4528318
pb	263	0267	4528319
pb	264	0268	4528320
entry	Anomalie de situation du foie [H. Rendu]
pb	265	0269	4528321
entry	Foie. Pathologie (suite). Anomalie de situation du foie [H. Rendu]
pb	266	0270	4528322
pb	267	0271	4528323
pb	268	0272	4528324
pb	269	0273	4528325
pb	270	0274	4528326
pb	271	0275	4528327
entry	Foie (Chimie) [Amédée Dechambre]
entry	Foin [G. Planchon]
entry	Foin (Fièvre de). Voy. Asthme
entry	Folha de Carobba. Voy. Jacaranda [G. Planchon]
entry	Folie [J. Cotard]
pb	272	0276	4528328
pb	273	0277	4528329
pb	274	0278	4528330
pb	275	0279	4528331
pb	276	0280	4528332
pb	277	0281	4528333
pb	278	0282	4528334
pb	279	0283	4528335
pb	280	0284	4528336
pb	281	0285	4528337
pb	282	0286	4528338
pb	283	0287	4528339
pb	284	0288	4528340
pb	285	0289	4528341
pb	286	0290	4528342
pb	287	0291	4528343
pb	288	0292	4528344
pb	289	0293	4528345
pb	290	0294	4528346
pb	291	0295	4528347
pb	292	0296	4528348
pb	293	0297	4528349
pb	294	0298	4528350
pb	295	0299	4528351
pb	296	0300	4528352
pb	297	0301	4528353
pb	298	0302	4528354
pb	299	0303	4528355
pb	300	0304	4528356
pb	301	0305	4528357
pb	302	0306	4528358
pb	303	0307	4528359
pb	304	0308	4528360
pb	305	0309	4528361
pb	306	0310	4528362
entry	Folies diverses [Ant. Ritti]
pb	307	0311	4528363
entry	Folie des actes. Voy. Manie, Monomanie, Héréditaire (Folie)
entry	Folie alcoolique. Voy. Alcoolisme et Dipsomanie
entry	Folie ambitieuse. Voy. Délire des persécutions, Monomanie et Paralysie générale
entry	Folie choréique. Voy. Danse de Saint-Guy
entry	Folie communiquée. Voy. Délire des persécutions et Épidémiques (Folies)
entry	Folie avec conscience [Ant. Ritti]
pb	308	0312	4528364
pb	309	0313	4528365
pb	310	0314	4528366
pb	311	0315	4528367
pb	312	0316	4528368
pb	313	0317	4528369
pb	314	0318	4528370
pb	315	0319	4528371
pb	316	0320	4528372
pb	317	0321	4528373
pb	318	0322	4528374
pb	319	0323	4528375
pb	320	0324	4528376
pb	321	0325	4528377
entry	Folie démonomaniaque. Voy. Démonomanie
entry	Folie à deux. Voy. Délire des persécutions
entry	Folie diathésique [Ant. Ritti]
entry	Folie à double forme (Pathologie et Médecine légale) [Ant. Ritti]
pb	322	0326	4528378
pb	323	0327	4528379
pb	324	0328	4528380
pb	325	0329	4528381
pb	326	0330	4528382
pb	327	0331	4528383
pb	328	0332	4528384
pb	329	0333	4528385
pb	330	0334	4528386
pb	331	0335	4528387
pb	332	0336	4528388
pb	333	0337	4528389
pb	334	0338	4528390
pb	335	0339	4528391
pb	336	0340	4528392
pb	337	0341	4528393
pb	338	0342	4528394
pb	339	0343	4528395
entry	Folie du doute avec délire du toucher [Ant. Ritti]
pb	340	0344	4528396
pb	341	0345	4528397
pb	342	0346	4528398
pb	343	0347	4528399
pb	344	0348	4528400
pb	345	0349	4528401
pb	346	0350	4528402
pb	347	0351	4528403
pb	348	0352	4528404
entry	Folie épidémique. Voy. Épidémiques (Folies)
entry	Folie épileptique. Voy. Épilepsie
entry	Folie érotique. Voy. Monomanie, Nymphomanie et Satyriasis
entry	Folie héréditaire. Voy. Héréditaire (Folie)
entry	Folie hypochondriaque. Voy. Hypochondrie
entry	Folie hystérique. Voy. Hystérie
entry	Folie impulsive, Folie instinctive. Voy. Héréditaire (Folie), Manie et Monomanie
pb	349	0353	4528405
entry	Folies par intoxication [Ant. Ritti]
pb	350	0354	4528406
entry	Folie lucide, Folie morale. Voy. Héréditaire (Folie), Manie, Monomanie
entry	Folie paralytique. Voy. Paralysie générale
entry	Folie pellagreuse. Voy. Pellagre
entry	Folie pénitentiaire. Voy. Pénitentiaire (Système)
entry	Folie des persécutions. Voy. Délire de persécution
entry	Folie puerpérale. Voy. Puerpérale (Folie)
entry	Folie raisonnante. Voy. Héréditaire (Folie), Manie, Monomanie
entry	Folie religieuse [Ant. Ritti]
pb	351	0355	4528407
entry	Folie simulée. Voy. Aliénés (Médecine légale)
entry	Folie suicide. Voy. Suicide
entry	Folie sympathique. Voy. Sympathiques (Folies) [Ant. Ritti]
entry	Folie transitoire [Ant. Ritti]
entry	Folinea (Les deux) [L. Hahn]
entry	Folio ou Fuoli (Cecilio) [L. Hahn]
pb	352	0356	4528408
entry	Folium Indum. Voy. Malabathrum [G. Planchon]
entry	Follet (L. A. H.) [A. Chéreau]
entry	Follicules (Anatomie) [Amédée Dechambre]
entry	Follicules (Botanique) [Ernest Labbée]
entry	Follie (Louis-Guillaume de La) [A. Chéreau]
pb	353	0357	4528409
entry	Follin (Les) [L. Hahn, A. Dureau]
pb	354	0358	4528410
pb	355	0359	4528411
pb	356	0360	4528412
entry	Follio ou Folli (Francesco) [L. Hahn]
entry	Foltz (Jean-Charles-Eugène) [L. Hahn]
pb	357	0361	4528413
entry	Folwarczny (Carl) [L. Hahn]
pb	358	0362	4528414
entry	Fomentation [A. Tartivel]
pb	359	0363	4528415
pb	360	0364	4528416
pb	361	0365	4528417
pb	362	0366	4528418
pb	363	0367	4528419
entry	Foncaude (Eau minérale de) [A. Rotureau]
pb	364	0368	4528420
entry	Foncirgue (Eau minérale de) [A. Rotureau]
pb	365	0369	4528421
entry	Fonction [G. Carlet]
pb	366	0370	4528422
pb	367	0371	4528423
pb	368	0372	4528424
entry	Fondants [Amédée Dechambre]
entry	Fonderies
entry	Hygiène professionnelle et industrielle [Alexandre Layet]
pb	369	0373	4528425
entry	Fonderies. Hygiène professionnelle et industrielle [Alexandre Layet]
pb	370	0374	4528426
pb	371	0375	4528427
pb	372	0376	4528428
pb	373	0377	4528429
pb	374	0378	4528430
pb	375	0379	4528431
pb	376	0380	4528432
pb	377	0381	4528433
pb	378	0382	4528434
pb	379	0383	4528435
pb	380	0384	4528436
pb	381	0385	4528437
pb	382	0386	4528438
pb	383	0387	4528439
entry	Fondeurs. Voy. Fonderies
pb	384	0388	4528440
entry	Fondoirs de Graisse [Amédée Dechambre]
entry	Fonfrède (Eau minérale de) [A. Rotureau]
pb	385	0389	4528441
entry	Fongie [P. Gervais]
entry	Fongosités, Fongueux [Albert Hénocque]
pb	386	0390	4528442
entry	Fongus [Albert Hénocque]
pb	387	0391	4528443
pb	388	0392	4528444
entry	Fongus de l'Inde. Voy. Mycétonne
entry	Fonsange (Eau minérale de) [A. Rotureau]
entry	Fonseca (Les cinq) [A. Chéreau, L. Hahn]
pb	389	0393	4528445
entry	Fonsorbe (Arnaud) [L. Hahn]
entry	Fontaine (Les) [A. Chéreau]
pb	390	0394	4528446
entry	Fontaine-Bonneleau (Eaux minérales de) [A. Rotureau]
pb	391	0395	4528447
pb	392	0396	4528448
entry	Fontaine-Marin ou Marina (Eau minérale de). Voy. Dizier (Saint)
entry	Fontainea Pancheri [Édouard Heckel]
pb	393	0397	4528449
pb	394	0398	4528450
pb	395	0399	4528451
entry	Fontan (Jean-Pierre-Amédée) [A. Chéreau]
entry	Fontana (Félix) [A. Dureau]
pb	396	0400	4528452
pb	397	0401	4528453
entry	Fontana (Nicolas) [L. Hahn]
entry	Fontanes (Eau minérale de) [A. Rotureau]
pb	398	0402	4528454
entry	Fontaneilles (François-Philibert) [A. Chéreau]
entry	Fontanelles [Amédée Dechambre]
pb	399	0403	4528455
entry	Fontaneyre (Eau minérale de) [A. Rotureau]
entry	Fontanon (Denis) [A. Chéreau]
entry	Fontanus. Voy. Fonteyn
entry	Fontarabie (Station maritime) [A. Rotureau]
entry	Fonte (Chimie) [Ed. Willm]
pb	400	0404	4528456
entry	Fonte. (Hygiène). Voy. Fonderies
entry	Fonte. (Pathologie). Voy. Colligation et Fondants
entry	Fonte (Lelius A.) [L. Hahn]
entry	Fontecha (Juan-Alonso de los Ruices y) [L. Hahn]
pb	401	0405	4528457
entry	Fontenelle (Julia de) [A. Chéreau]
pb	402	0406	4528458
entry	Fontenelle (Eau minérale de) [A. Rotureau]
entry	Fontenelles (Eau minérale de) [A. Rotureau]
pb	403	0407	4528459
entry	Fontenettes (Louis de) [A. Chéreau]
entry	Fonteyn (Nicolas) [A. Dureau]
pb	404	0408	4528460
entry	Fonticule ou Exutoire [U. Trélat]
pb	405	0409	4528461
pb	406	0410	4528462
entry	Fontinales, Fontinalis [J. de Seynes]
entry	Fooraha ou Fouraha. Voy. Calaba
entry	Foot (Les) [L. Hahn]
pb	407	0411	4528463
pb	408	0412	4528464
entry	Foraminifères [P. Gervais]
pb	409	0413	4528465
pb	410	0414	4528466
entry	Forbach (Eau minérale de) [A. Rotureau]
entry	Forbes (Les) [L. Hahn]
pb	411	0415	4528467
pb	412	0416	4528468
pb	413	0417	4528469
pb	414	0418	4528470
entry	Forcade (J.-B.-T.-Alexandre) [A. Chéreau]
entry	Forçats. Voy. Bagne, Pénitentiaire
entry	Force centrifuge [J. Gavarret]
pb	415	0419	4528471
pb	416	0420	4528472
pb	417	0421	4528473
pb	418	0422	4528474
entry	Forces
entry	Physiologie [J. Gavarret]
pb	419	0423	4528475
entry	Forces. Physiologie [J. Gavarret]
pb	420	0424	4528476
pb	421	0425	4528477
pb	422	0426	4528478
pb	423	0427	4528479
pb	424	0428	4528480
pb	425	0429	4528481
pb	426	0430	4528482
pb	427	0431	4528483
pb	428	0432	4528484
pb	429	0433	4528485
pb	430	0434	4528486
pb	431	0435	4528487
pb	432	0436	4528488
pb	433	0437	4528489
pb	434	0438	4528490
pb	435	0439	4528491
pb	436	0440	4528492
pb	437	0441	4528493
pb	438	0442	4528494
pb	439	0443	4528495
pb	440	0444	4528496
pb	441	0445	4528497
pb	442	0446	4528498
pb	443	0447	4528499
pb	444	0448	4528500
pb	445	0449	4528501
pb	446	0450	4528502
pb	447	0451	4528503
pb	448	0452	4528504
pb	449	0453	4528505
pb	450	0454	4528506
pb	451	0455	4528507
pb	452	0456	4528508
pb	453	0457	4528509
pb	454	0458	4528510
pb	455	0459	4528511
pb	456	0460	4528512
pb	457	0461	4528513
pb	458	0462	4528514
pb	459	0463	4528515
pb	460	0464	4528516
pb	461	0465	4528517
pb	462	0466	4528518
pb	463	0467	4528519
pb	464	0468	4528520
pb	465	0469	4528521
pb	466	0470	4528522
pb	467	0471	4528523
pb	468	0472	4528524
pb	469	0473	4528525
pb	470	0474	4528526
pb	471	0475	4528527
pb	472	0476	4528528
pb	473	0477	4528529
pb	474	0478	4528530
pb	475	0479	4528531
pb	476	0480	4528532
pb	477	0481	4528533
pb	478	0482	4528534
pb	479	0483	4528535
pb	480	0484	4528536
pb	481	0485	4528537
pb	482	0486	4528538
entry	Pathologie [J. Grasset]
pb	483	0487	4528539
entry	Forces. Pathologie [J. Grasset]
pb	484	0488	4528540
pb	485	0489	4528541
pb	486	0490	4528542
pb	487	0491	4528543
pb	488	0492	4528544
pb	489	0493	4528545
pb	490	0494	4528546
pb	491	0495	4528547
pb	492	0496	4528548
pb	493	0497	4528549
pb	494	0498	4528550
pb	495	0499	4528551
pb	496	0500	4528552
pb	497	0501	4528553
entry	Forceps
entry	Historique [A. Chéreau]
pb	498	0502	4528554
entry	Forceps. Historique [A. Chéreau]
pb	499	0503	4528555
pb	500	0504	4528556
pb	501	0505	4528557
pb	502	0506	4528558
pb	503	0507	4528559
pb	504	0508	4528560
pb	505	0509	4528561
pb	506	0510	4528562
pb	507	0511	4528563
pb	508	0512	4528564
pb	509	0513	4528565
pb	510	0514	4528566
pb	511	0515	4528567
pb	512	0516	4528568
pb	513	0517	4528569
pb	514	0518	4528570
pb	515	0519	4528571
pb	516	0520	4528572
pb	517	0521	4528573
pb	518	0522	4528574
pb	519	0523	4528575
pb	520	0524	4528576
pb	521	0525	4528577
pb	522	0526	4528578
pb	523	0527	4528579
pb	524	0528	4528580
entry	Instruments [Pinard]
pb	525	0529	4528581
entry	Forceps. Instruments [Pinard]
pb	526	0530	4528582
pb	527	0531	4528583
pb	528	0532	4528584
pb	529	0533	4528585
pb	530	0534	4528586
pb	531	0535	4528587
pb	532	0536	4528588
pb	533	0537	4528589
pb	534	0538	4528590
pb	535	0539	4528591
pb	536	0540	4528592
pb	537	0541	4528593
pb	538	0542	4528594
pb	539	0543	4528595
entry	Application [Pinard]
pb	540	0544	4528596
entry	Forceps. Application [Pinard]
pb	541	0545	4528597
pb	542	0546	4528598
pb	543	0547	4528599
pb	544	0548	4528600
pb	545	0549	4528601
pb	546	0550	4528602
pb	547	0551	4528603
pb	548	0552	4528604
pb	549	0553	4528605
pb	550	0554	4528606
pb	551	0555	4528607
pb	552	0556	4528608
pb	553	0557	4528609
pb	554	0558	4528610
pb	555	0559	4528611
pb	556	0560	4528612
pb	557	0561	4528613
pb	558	0562	4528614
pb	559	0563	4528615
pb	560	0564	4528616
pb	561	0565	4528617
pb	562	0566	4528618
pb	563	0567	4528619
pb	564	0568	4528620
pb	565	0569	4528621
pb	566	0570	4528622
pb	567	0571	4528623
pb	568	0572	4528624
pb	569	0573	4528625
pb	570	0574	4528626
pb	571	0575	4528627
pb	572	0576	4528628
pb	573	0577	4528629
pb	574	0578	4528630
pb	575	0579	4528631
pb	576	0580	4528632
pb	577	0581	4528633
pb	578	0582	4528634
pb	579	0583	4528635
pb	580	0584	4528636
pb	581	0585	4528637
pb	582	0586	4528638
pb	583	0587	4528639
pb	584	0588	4528640
pb	585	0589	4528641
pb	586	0590	4528642
pb	587	0591	4528643
pb	588	0592	4528644
pb	589	0593	4528645
pb	590	0594	4528646
pb	591	0595	4528647
pb	592	0596	4528648
pb	593	0597	4528649
pb	594	0598	4528650
pb	595	0599	4528651
pb	596	0600	4528652
pb	597	0601	4528653
pb	598	0602	4528654
pb	599	0603	4528655
pb	600	0604	4528656
pb	601	0605	4528657
pb	602	0606	4528658
pb	603	0607	4528659
pb	604	0608	4528660
pb	605	0609	4528661
pb	606	0610	4528662
pb	607	0611	4528663
entry	Forceps (Anatomie) [Amédée Dechambre]
entry	Forceps (Chirurgie) [Amédée Dechambre]
pb	608	0612	4528664
entry	Forceps-scie. Voy. Craniotomie [Amédée Dechambre]
entry	Forceral (Eau minérale de) [A. Rotureau]
entry	Forchhammer (Jean-Georges) [L. Hahn]
pb	609	0613	4528665
entry	Forcipressure [Amédée Dechambre]
entry	Ford (Edward) [A. Dureau]
entry	Ford (John) [L. Hahn]
pb	610	0614	4528666
entry	Fordyce (Les) [A. Dureau]
pb	611	0615	4528667
entry	Foreest (Peter van) [L. Hahn]
pb	612	0616	4528668
entry	Forest de la Croix (A.) [A. Chéreau]
entry	Forestier (Les) [L. Hahn]
pb	613	0617	4528669
entry	Foret (Chirurgie) [Amédée Dechambre]
pb	614	0618	4528670
entry	Forêt. Voy. Rurale (Hygiène)
entry	Forge (Louis de la) [L. Hahn]
entry	Forgerons. Voy. Fer
entry	Forges (Eau minérale de). Voy. Chapelle-sur-Erdre (La)
entry	Forges-les-Eaux (Eaux minérale de) [A. Rotureau]
pb	615	0619	4528671
pb	616	0620	4528672
pb	617	0621	4528673
pb	618	0622	4528674
entry	Forges-sur-Briis ou Forges-les-Bains (Eaux minérales de) [A. Rotureau]
pb	619	0623	4528675
entry	Forget (Charles-Polydore) [A. Chéreau]
pb	620	0624	4528676
pb	621	0625	4528677
pb	622	0626	4528678
entry	Forget (Jean) [L. Hahn]
entry	Forlenze (Joseph-Nicolas-Blaise) [A. Dureau]
entry	Forman (Simon) [L. Hahn]
pb	623	0627	4528679
entry	Formène [Amédée Dechambre]
entry	Formey (Jean-Louis) [L. Hahn]
entry	Formiamide [L. Hahn]
pb	624	0628	4528680
pb	625	0629	4528681
entry	Formiates [L. Hahn]
pb	626	0630	4528682
pb	627	0631	4528683
entry	Formication [Amédée Dechambre]
entry	Formicides. Voy. Fourmis
entry	Formique (Acide)
entry	Chimie [L. Hahn]
pb	628	0632	4528684
entry	Formique (Acide). Chimie [L. Hahn]
pb	629	0633	4528685
pb	630	0634	4528686
pb	631	0635	4528687
entry	Emploi médical [L. Hahn]
pb	632	0636	4528688
entry	Formique (Acide). Emploi médical [L. Hahn]
entry	Formique (Éther). Voy. Éthers
entry	Formis ou Formi (Les deux) [L. Hahn]
pb	633	0637	4528689
entry	Formobenzoylique (Acide) [L. Hahn]
pb	634	0638	4528690
entry	Formométhylal [L. Hahn]
entry	Formonaphthalide ou Naphthylformiamide. Voy. Formiamide
entry	Formulaire [A. Vidau]
pb	635	0639	4528691
pb	636	0640	4528692
pb	637	0641	4528693
pb	638	0642	4528694
pb	639	0643	4528695
pb	640	0644	4528696
pb	641	0645	4528697
pb	642	0646	4528698
pb	643	0647	4528699
pb	644	0648	4528700
pb	645	0649	4528701
pb	646	0650	4528702
pb	647	0651	4528703
pb	648	0652	4528704
pb	649	0653	4528705
pb	650	0654	4528706
pb	651	0655	4528707
pb	652	0656	4528708
pb	653	0657	4528709
pb	654	0658	4528710
pb	655	0659	4528711
pb	656	0660	4528712
pb	657	0661	4528713
pb	658	0662	4528714
entry	Formulaires arabes [L. Leclerc]
pb	659	0663	4528715
pb	660	0664	4528716
entry	Formy (Samuel) [L. Hahn]
entry	Formyle [L. Hahn]
pb	661	0665	4528717
entry	Formylène [L. Hahn]
entry	Fornés (José) [L. Hahn]
entry	Forni (Louis) [L. Hahn]
pb	662	0666	4528718
entry	Forsberg (Carl-Peter) [A. Dureau]
entry	Forskaal (Peter) [L. Hahn]
pb	663	0667	4528719
entry	Forskohlea [H. Baillon]
entry	Forssell (Joseph) [L. Hahn]
entry	Förster, Forster (Les) [L. Hahn, A. Dureau]
pb	664	0668	4528720
pb	665	0669	4528721
pb	666	0670	4528722
pb	667	0671	4528723
pb	668	0672	4528724
pb	669	0673	4528725
entry	Forsyth (Les) [L. Hahn]
pb	670	0674	4528726
entry	Forte ou Fortio (Ange) [L. Hahn]
entry	Forti ou Fortis (Raimond-Jean) [L. Hahn]
pb	671	0675	4528727
entry	Fortis (l'abbé Jean-Baptiste, dit Albert) [L. Hahn]
entry	Fosbroke (John) [A. Dureau]
pb	672	0676	4528728
entry	Fosco (Placido) [L. Hahn]
entry	Fossati (Jean-Antoine-Laurent) [A. Chéreau]
pb	673	0677	4528729
entry	Fosse iliaque. Voy. Iliaque (Fosse) et Bassin
entry	Fosse nasale. Voy. Nez
entry	Fosse naviculaire. Voy. Urèthre
entry	Fosses d'aisances et Latrines (Hygiène) [Alexandre Layet]
pb	674	0678	4528730
pb	675	0679	4528731
pb	676	0680	4528732
pb	677	0681	4528733
pb	678	0682	4528734
pb	679	0683	4528735
pb	680	0684	4528736
pb	681	0685	4528737
pb	682	0686	4528738
pb	683	0687	4528739
pb	684	0688	4528740
pb	685	0689	4528741
pb	686	0690	4528742
pb	687	0691	4528743
pb	688	0692	4528744
pb	689	0693	4528745
pb	690	0694	4528746
pb	691	0695	4528747
pb	692	0696	4528748
pb	693	0697	4528749
pb	694	0698	4528750
pb	695	0699	4528751
pb	696	0700	4528752
pb	697	0701	4528753
pb	698	0702	4528754
pb	699	0703	4528755
pb	700	0704	4528756
pb	701	0705	4528757
pb	702	0706	4528758
pb	703	0707	4528759
pb	704	0708	4528760
pb	705	0709	4528761
pb	706	0710	4528762
entry	Fossiles [P. Gervais]
pb	707	0711	4528763
entry	Fossius (Nicolas) [L. Hahn]
entry	Fossoyeurs (Hygiène professionnelle) [Alexandre Layet]
pb	708	0712	4528764
pb	709	0713	4528765
entry	Foster (Edward) [Amédée Dechambre]
entry	Fothergill (Les deux) [L. Hahn]
pb	710	0714	4528766
pb	711	0715	4528767
pb	712	0716	4528768
entry	Fothergilla [G. Planchon]
entry	Foubert (Pierre) [A. Chéreau]
pb	713	0717	4528769
entry	Foucart (Les deux) [L. Hahn]
pb	714	0718	4528770
entry	Foucault (Jean-Bernard-Léon) [A. Chéreau]
pb	715	0719	4528771
pb	716	0720	4528772
entry	Foucher (Jean-Timothée-Émile) [A. Dureau]
pb	717	0721	4528773
pb	718	0722	4528774
pb	719	0723	4528775
entry	Foudre (Météorologie). Voy. Orage
entry	Foudre (Pathologie, médecine légale). Voy. Fulguration
entry	Fougères
entry	Botanique [E. Fournier]
pb	720	0724	4528776
entry	Fougères. Botanique [E. Fournier]
pb	721	0725	4528777
pb	722	0726	4528778
pb	723	0727	4528779
pb	724	0728	4528780
pb	725	0729	4528781
pb	726	0730	4528782
pb	727	0731	4528783
pb	728	0732	4528784
pb	729	0733	4528785
pb	730	0734	4528786
pb	731	0735	4528787
pb	732	0736	4528788
entry	Emploi médical [Fonssagrives]
pb	733	0737	4528789
entry	Fougères. Emploi médical [Fonssagrives]
pb	734	0738	4528790
pb	735	0739	4528791
pb	736	0740	4528792
entry	Fougerolles (François de) [A. Chéreau]
pb	737	0741	4528793
entry	Fougeroux de Bondaroy (Auguste-Denis) [L. Hahn]
entry	Fouilloux (Eau minérale de) [A. Rotureau]
entry	Foulahs, Foulbes, Foullans, Fellatas, Peuls [Amédée Dechambre]
pb	738	0742	4528794
entry	Foulbes. Voy. Foulahs
entry	Fou-lin ou Fouling. Voy. Squine [G. Planchon]
entry	Foullas. Voy. Foulahs
entry	Foullioy (Louis-Mathurin) [L. Hahn]
pb	739	0743	4528795
entry	Fouloir [Amédée Dechambre]
entry	Foulque [P. Gervais]
entry	Fouquet (Henri) [L. Hahn]
pb	740	0744	4528796
pb	741	0745	4528797
pb	742	0746	4528798
entry	Fouquier (Pierre-Éloi) [A. Chéreau]
pb	743	0747	4528799
entry	Four à pain. Voy. Boulangerie
entry	Four à chaux. Voy. Chaux
entry	Fourcault (Alexandre) [A. Chéreau]
entry	Fourche, Fourchette [Amédée Dechambre]
pb	744	0748	4528800
entry	Fourcroy (Antoine-François) [A. Chéreau]
pb	745	0749	4528801
pb	746	0750	4528802
pb	747	0751	4528803
entry	Fouré (Jean) [L. Hahn]
pb	748	0752	4528804
entry	Fourmi. Voy. Fourmis
entry	Fourmiliers [P. Gervais]
pb	749	0753	4528805
entry	Fourmilion [A. Laboulbène]
pb	750	0754	4528806
pb	751	0755	4528807
entry	Fourmis [A. Laboulbène]
pb	752	0756	4528808
pb	753	0757	4528809
pb	754	0758	4528810
pb	755	0759	4528811
pb	756	0760	4528812
pb	757	0761	4528813
pb	758	0762	4528814
pb	759	0763	4528815
pb	760	0764	4528816
pb	761	0765	4528817
pb	762	0766	4528818
pb	763	0767	4528819
pb	764	0768	4528820
pb	765	0769	4528821
pb	766	0770	4528822
entry	Fourna [G. Planchon]
entry	Fournel (D. H. L.) [L. Hahn]
pb	767	0771	4528823
entry	Fournier (Les) [A. Chéreau]
pb	768	0772	4528824
entry	Fournier-Deschamps (Jean-Adrien) [L. Hahn]
entry	Fournier de Pescay [L. Hahn]
pb	769	0773	4528825
entry	Fourrures [Amédée Dechambre]
entry	Foville (Achille-Louis) [A. Ritti]
pb	770	0774	4528826
entry	Fowle (William) [L. Hahn]
pb	771	0775	4528827
entry	Fowler (Thomas) [A. Dureau]
entry	Fowler (Richard) [L. Hahn]
pb	772	0776	4528828
entry	Fowler (Liqueur de). Voy. Arsenic
entry	Fownes (George) [L. Hahn]
entry	Fox (Les) [L. Hahn]
pb	773	0777	4528829
pb	774	0778	4528830
entry	Foy-Vaillant (Les deux) [A. Chéreau]
pb	775	0779	4528831
entry	Fracanzano (Antonio) [L. Hahn]
pb	776	0780	4528832
entry	Fracassati ou Fracassato (Charles) [L. Hahn]
entry	Fracassini (Antonio) [L. Hahn]
pb	777	0781	4528833
entry	Articles contenus dans le troisième volume (4e série)
pb	778	0782	4528834
pb	779	0783	4528835
pb	[page blanche]	0784	4528836
