pb	[sans numérotation]	0001	4803955
entry	. 
pb	[sans numérotation]	0002	4803956
entry	Liste des collaborateurs du vingt-unième volume
pb	[sans numérotation]	0003	4803957
entry	. 
pb	[sans numérotation]	0004	4803958
entry	Liste des auteurs qui ont collaboré à ce volume avec indication de leurs articles
pb	1	0005	4803959
entry	Tendons. 
pb	2	0006	4803960
pb	3	0007	4803961
entry	Tendons. Effort de tendons
pb	4	0008	4803962
pb	5	0009	4803963
pb	6	0010	4803964
pb	7	0011	4803965
pb	8	0012	4803966
entry	Tendons. Effort de tendons. Solutions de continuité des tendons
pb	9	0013	4803967
entry	Tendons. Solutions de continuité des tendons
entry	Tendons. Solutions de continuité des tendons. Plaies tendineuses
pb	10	0014	4803968
pb	11	0015	4803969
pb	12	0016	4803970
pb	13	0017	4803971
pb	14	0018	4803972
entry	Tendons. Solutions de continuité des tendons. Ruptures tendineuses
pb	15	0019	4803973
pb	16	0020	4803974
entry	Tendons. Solutions de continuité des tendons. Helminthiase tendineuse
pb	17	0021	4803975
entry	Ténotomie. Cicatrisation tendineuse
pb	18	0022	4803976
entry	Ténotomie. Cicatrisation tendineuse. Ténotomie plantaire
pb	19	0023	4803977
entry	Ténotomie. Ténotomie plantaire
entry	Ténotomie. Ténotomie plantaire. Indications et contre-indications
pb	20	0024	4803978
entry	Ténotomie. Ténotomie plantaire. Anatomie de la région
pb	21	0025	4803979
entry	Ténotomie. Ténotomie plantaire. Manuel opératoire
pb	22	0026	4803980
pb	23	0027	4803981
pb	24	0028	4803982
pb	25	0029	4803983
entry	Ténotomie. Ténotomie plantaire. Soins consécutifs
pb	26	0030	4803984
pb	27	0031	4803985
entry	Ténotomie. Ténotomie plantaire. Accidents
pb	28	0032	4803986
entry	Ténotomie. Ténotomie plantaire. Ténotomies tarsiennes
entry	Ténotomie. Ténotomie plantaire. Section de la branche cunéenne du tibio-prémétatarsien ou tenotomie tarsienne interne
entry	Ténotomie. Ténotomie plantaire. Anatomie de la région
pb	29	0033	4803987
entry	Ténotomie. Ténotomies tarsiennes. Section de la branche cunéenne du tibio-prémétatarsien ou tenotomie tarsienne interne. Anatomie de la région
entry	Ténotomie. Ténotomies tarsiennes. Opération
pb	30	0034	4803988
entry	Ténotomie. Ténotomies tarsiennes. Section de la branche cunéenne du tibio-prémétatarsien ou tenotomie tarsienne interne. Opération
pb	31	0035	4803989
entry	Ténotomie. Ténotomies tarsiennes. Section du tendon de l'extenseur latéral des phalanges ou ténotomie tarsienne antérieure
pb	32	0036	4803990
entry	Ténotomie. Ténotomies tarsiennes. Anatomie de la région
entry	Ténotomie. Ténotomies tarsiennes. Opération
pb	33	0037	4803991
entry	Ténotomie. Ténotomies tarsiennes. Section du tendon de l'extenseur latéral des phalanges ou ténotomie tarsienne antérieure. Opération
entry	Ténotomie. Ténotomies tarsiennes. Ténotomie sus-carpienne
pb	34	0038	4803992
entry	Ténotomie. Ténotomie sus-carpienne
entry	Ténotomie. Ténotomie sus-carpienne. Ténotomie chez le chien
pb	35	0039	4803993
entry	Ténotomie. Ténotomie chez le chien
entry	Testicules (Anomalies des). Cryptorchidie
pb	36	0040	4803994
pb	37	0041	4803995
pb	38	0042	4803996
pb	39	0043	4803997
pb	40	0044	4803998
pb	41	0045	4803999
pb	42	0046	4804000
pb	43	0047	4804001
pb	44	0048	4804002
entry	Testicules (Anomalies des). Cryptorchidie. Castration des animaux cryptorchides
entry	Testicules (Anomalies des). Cryptorchidie. Castration des équidés
pb	45	0049	4804003
entry	Testicules (Anomalies des). Cryptorchidie. Castration des animaux cryptorchides. Castration des équidés
pb	46	0050	4804004
pb	47	0051	4804005
pb	48	0052	4804006
pb	49	0053	4804007
pb	50	0054	4804008
pb	51	0055	4804009
entry	Testicules (Anomalies des). Cryptorchidie. Castration du cheval cryptorchide par la perforation du trajet inguinal
pb	52	0056	4804010
entry	Testicules (Anomalies des). Cryptorchidie. Castration des animaux cryptorchides. Castration des équidés. Castration du cheval cryptorchide par la perforation du trajet inguinal
pb	53	0057	4804011
pb	54	0058	4804012
pb	55	0059	4804013
entry	Testicules (Anomalies des). Cryptorchidie. Castration du cheval atteint de cryptorchidie inguinale
pb	56	0060	4804014
entry	Testicules (Anomalies des). Cryptorchidie. Castration des animaux cryptorchides. Castration des équidés. Castration du cheval cryptorchide par la perforation du trajet inguinal. Castration du cheval atteint de cryptorchidie inguinale
entry	Testicules (Anomalies des). Cryptorchidie. Castration du cheval atteint de cryptorchide abdominale
pb	57	0061	4804015
entry	Testicules (Anomalies des). Cryptorchidie. Castration des animaux cryptorchides. Castration des équidés. Castration du cheval cryptorchide par la perforation du trajet inguinal. Castration du cheval atteint de cryptorchide abdominale
pb	58	0062	4804016
pb	59	0063	4804017
pb	60	0064	4804018
pb	61	0065	4804019
pb	62	0066	4804020
entry	Testicules (Anomalies des). Cryptorchidie. Castration des cryptorchides dans les espèces bovines, ovine et porcine
pb	63	0067	4804021
entry	Testicules (Anomalies des). Cryptorchidie. Castration des animaux cryptorchides. Castration des cryptorchides dans les espèces bovines, ovine et porcine
entry	Testicules (Anomalies des). Cryptorchidie. Triorchidie
pb	64	0068	4804022
entry	Testicules (Anomalies des). Triorchidie
pb	65	0069	4804023
entry	Testicules (Anomalies des). Triorchidie. Inversion testiculaire
entry	Testicules (Maladies des). 
pb	66	0070	4804024
entry	Testicules (Maladies des). Plaies des bourses
entry	Testicules (Maladies des). Plaies des bourses. Morsures
entry	Testicules (Maladies des). Plaies des bourses. Plaies par incision et plaies contuses
pb	67	0071	4804025
entry	Testicules (Maladies des). Plaies des bourses. Froidure ou congélation des bourses
pb	68	0072	4804026
entry	Testicules (Maladies des). Froidure ou congélation des bourses
entry	Testicules (Maladies des). Froidure ou congélation des bourses. Hydrocèle
entry	Testicules (Maladies des). Froidure ou congélation des bourses. Hydrocèle par infiltration
entry	Testicules (Maladies des). Froidure ou congélation des bourses. Hydrocèle par épanchement
pb	69	0073	4804027
entry	Testicules (Maladies des). Hydrocèle. Hydrocèle par épanchement
pb	70	0074	4804028
pb	71	0075	4804029
entry	Testicules (Maladies des). Hydrocèle. Orchite
entry	Testicules (Maladies des). Hydrocèle. Orchite aigüe
pb	72	0076	4804030
entry	Testicules (Maladies des). Orchite. Orchite aigüe
pb	73	0077	4804031
pb	74	0078	4804032
pb	75	0079	4804033
pb	76	0080	4804034
entry	Testicules (Maladies des). Orchite. Sarcocèle
pb	77	0081	4804035
entry	Testicules (Maladies des). Sarcocèle
pb	78	0082	4804036
pb	79	0083	4804037
pb	80	0084	4804038
pb	81	0085	4804039
entry	Testicules (Maladies des). Sarcocèle. Varicocèle
entry	Testicules (Maladies des). Sarcocèle. Funiculite
pb	82	0086	4804040
entry	Testicules (Maladies des). Funiculite
pb	83	0087	4804041
entry	Testicules (Maladies des). Funiculite. Kystes
pb	84	0088	4804042
entry	Testicules (Maladies des). Kystes
entry	Testicules (Maladies des). Kystes. Spermatorrhée
entry	Tétanie. 
pb	85	0089	4804043
pb	86	0090	4804044
entry	Tétanie. Tétanos. 
pb	87	0091	4804045
entry	Tétanos. Divisions
pb	88	0092	4804046
entry	Tétanos. Divisions. Étiologie et pathogénie
pb	89	0093	4804047
entry	Tétanos. Étiologie et pathogénie
pb	90	0094	4804048
pb	91	0095	4804049
pb	92	0096	4804050
pb	93	0097	4804051
pb	94	0098	4804052
pb	95	0099	4804053
entry	Tétanos. Inoculation. Bactériologie. Poison tétanique
pb	96	0100	4804054
pb	97	0101	4804055
pb	98	0102	4804056
pb	99	0103	4804057
pb	100	0104	4804058
pb	101	0105	4804059
pb	102	0106	4804060
pb	103	0107	4804061
pb	104	0108	4804062
entry	Tétanos. Inoculation. Immunité
pb	105	0109	4804063
entry	Tétanos. Immunité
entry	Tétanos. Immunité. Origine du Tétanos
pb	106	0110	4804064
entry	Tétanos. Origine du Tétanos
pb	107	0111	4804065
entry	Tétanos. Origine du Tétanos. Symptômes
pb	108	0112	4804066
entry	Tétanos. Symptômes
pb	109	0113	4804067
pb	110	0114	4804068
pb	111	0115	4804069
pb	112	0116	4804070
pb	113	0117	4804071
pb	114	0118	4804072
entry	Tétanos. Symptômes. Symptômes dans les divers genres d'animaux
entry	Tétanos. Symptômes. Chez les Équidés
pb	115	0119	4804073
entry	Tétanos. Symptômes. Symptômes dans les divers genres d'animaux. Chez les Équidés
entry	Tétanos. Symptômes. Chez les Bovidés
pb	116	0120	4804074
entry	Tétanos. Symptômes. Symptômes dans les divers genres d'animaux , Chez les Bovidés
entry	Tétanos. Symptômes. Chez les Ovidés
entry	Tétanos. Symptômes. Chez les Suidés
entry	Tétanos. Symptômes. Chez les chiens
pb	117	0121	4804075
entry	Tétanos. Symptômes. Symptômes dans les divers genres d'animaux. Chez les chiens
entry	Tétanos. Symptômes. Marche et terminaisons
pb	118	0122	4804076
entry	Tétanos. Marche et terminaisons
pb	119	0123	4804077
entry	Tétanos. Marche et terminaisons. Anatomie pathologique
pb	120	0124	4804078
entry	Tétanos. Anatomie pathologique
pb	121	0125	4804079
pb	122	0126	4804080
entry	Tétanos. Anatomie pathologique. Diagnostic
pb	123	0127	4804081
entry	Tétanos. Diagnostic
entry	Tétanos. Diagnostic. Pronostic
pb	124	0128	4804082
entry	Tétanos. Pronostic
entry	Tétanos. Pronostic. Traitement
entry	Tétanos. Pronostic. Traitement chirurgical
pb	125	0129	4804083
entry	Tétanos. Traitement. Traitement chirurgical
pb	126	0130	4804084
pb	127	0131	4804085
pb	128	0132	4804086
entry	Tétanos. Traitement. Traitement médical
pb	129	0133	4804087
pb	130	0134	4804088
pb	131	0135	4804089
pb	132	0136	4804090
pb	133	0137	4804091
entry	Tétanos. Traitement. Prophylaxie
pb	134	0138	4804092
entry	Tétanos. Traitement. Traitement curatif
pb	135	0139	4804093
entry	Tétanos. Traitement. Bibliographie
pb	136	0140	4804094
entry	Tétanos. Bibliographie
pb	137	0141	4804095
pb	138	0142	4804096
entry	Thrombose et Embolie. 
pb	139	0143	4804097
entry	Thrombose et Embolie. Historique
pb	140	0144	4804098
pb	141	0145	4804099
pb	142	0146	4804100
entry	Thrombose et Embolie. Historique. Coagulation du sang
pb	143	0147	4804101
entry	Thrombose et Embolie. Coagulation du sang
pb	144	0148	4804102
pb	145	0149	4804103
pb	146	0150	4804104
pb	147	0151	4804105
pb	148	0152	4804106
pb	149	0153	4804107
pb	150	0154	4804108
pb	151	0155	4804109
entry	Thrombose et Embolie. Thrombose
entry	Thrombose et Embolie. Thrombose. Étiologie et Pathogénie
pb	152	0156	4804110
pb	153	0157	4804111
pb	154	0158	4804112
pb	155	0159	4804113
pb	156	0160	4804114
entry	Thrombose et Embolie. Thrombose. Anatomie pathologique
pb	157	0161	4804115
pb	158	0162	4804116
pb	159	0163	4804117
pb	160	0164	4804118
pb	161	0165	4804119
pb	162	0166	4804120
entry	Thrombose et Embolie. Thrombose. Symptômes et marche
pb	163	0167	4804121
pb	164	0168	4804122
pb	165	0169	4804123
entry	Thrombose et Embolie. Thrombose. Pronostic et Traitement
pb	166	0170	4804124
entry	Thrombose et Embolie. Thrombose. Embolie
entry	Thrombose et Embolie. Thrombose. Étiologie et Pathogénie
pb	167	0171	4804125
entry	Thrombose et Embolie. Embolie. Étiologie et Pathogénie
pb	168	0172	4804126
entry	Thrombose et Embolie. Embolie. Étiologie et pathogénie
entry	Thrombose et Embolie. Embolie. Anatomie pathologique
pb	169	0173	4804127
pb	170	0174	4804128
pb	171	0175	4804129
pb	172	0176	4804130
pb	173	0177	4804131
pb	174	0178	4804132
entry	Thrombose et Embolie. Embolie. Symptômes et Marche
pb	175	0179	4804133
entry	Thrombose et Embolie. Embolie. Traitement
pb	176	0180	4804134
entry	Thrombose et Embolie. Embolie. Thoracentèse
entry	Thyroïde. Anatomie
pb	177	0181	4804135
pb	178	0182	4804136
entry	Thyroïde. Anatomie. Physiologie
pb	179	0183	4804137
entry	Thyroïde. Physiologie
pb	180	0184	4804138
pb	181	0185	4804139
entry	Thyroïde. Physiologie. Pathologie
entry	Thyroïde. Physiologie. Goître
pb	182	0186	4804140
entry	Thyroïde. Pathologie
entry	Thyroïde. Pathologie. Étiologie
pb	183	0187	4804141
entry	Thyroïde. Pathologie. Anatomie pathologique
pb	184	0188	4804142
pb	185	0189	4804143
entry	Thyroïde. Pathologie. Symptômes
pb	186	0190	4804144
entry	Thyroïde. Pathologie. Diagnostic
entry	Thyroïde. Pathologie. Pronostic
entry	Thyroïde. Pathologie. Traitement
pb	187	0191	4804145
pb	188	0192	4804146
entry	Thyroïde. Pathologie. Goître exophthalmique
pb	189	0193	4804147
entry	Tic. 
pb	190	0194	4804148
entry	Tic. Tic moteurs
pb	191	0195	4804149
entry	Tic. Tic moteurs. Tics actifs
pb	192	0196	4804150
pb	193	0197	4804151
pb	194	0198	4804152
pb	195	0199	4804153
pb	196	0200	4804154
pb	197	0201	4804155
entry	Tic. Tic moteurs. Tics par habitude ou habitudes vicieuses
pb	198	0202	4804156
entry	Tic. Tic moteurs. Tics actifs. Tics par habitude ou habitudes vicieuses
pb	199	0203	4804157
entry	Tic. Tic moteurs. Tics passifs
pb	200	0204	4804158
entry	Tic. Tics digestifs
pb	201	0205	4804159
pb	202	0206	4804160
pb	203	0207	4804161
entry	Tic. Tics digestifs. Tic proprement dit avec ou sans usure des dents
pb	204	0208	4804162
entry	Tic. Tic proprement dit avec ou sans usure des dents
pb	205	0209	4804163
pb	206	0210	4804164
pb	207	0211	4804165
entry	Tic. Tic proprement dit avec ou sans usure des dents. Tic mixte
entry	Tic. Tic proprement dit avec ou sans usure des dents. Caractère du mouvement convulsif accompli par le sujet qui tique
pb	208	0212	4804166
entry	Tic. Tic mixte. Caractère du mouvement convulsif accompli par le sujet qui tique
entry	Tic. Tic mixte. Bruit, sa pathogénie
pb	209	0213	4804167
pb	210	0214	4804168
pb	211	0215	4804169
entry	Tic. Tic mixte. Conséquences du tic
pb	212	0216	4804170
pb	213	0217	4804171
entry	Tic. Tic mixte. Tics des Bovidés
pb	214	0218	4804172
entry	Tic. Tics des Bovidés
pb	215	0219	4804173
entry	Tic. Tics des Bovidés. Tics des Suidés
entry	Tic. Tics des Bovidés. Étiologie
pb	216	0220	4804174
entry	Tic. Étiologie
pb	217	0221	4804175
entry	Tic. Étiologie. Traitement
pb	218	0222	4804176
entry	Tic. Traitement
pb	219	0223	4804177
entry	Tic. Traitement. Jurisprudence
pb	220	0224	4804178
entry	Tic. Jurisprudence
pb	221	0225	4804179
entry	Toison. 
pb	222	0226	4804180
pb	223	0227	4804181
pb	224	0228	4804182
pb	225	0229	4804183
pb	226	0230	4804184
pb	227	0231	4804185
pb	228	0232	4804186
pb	229	0233	4804187
pb	230	0234	4804188
entry	Toison. Conditionnement des toisons
pb	231	0235	4804189
pb	232	0236	4804190
pb	233	0237	4804191
pb	234	0238	4804192
pb	235	0239	4804193
entry	Tondage. Tondage des équidés
pb	236	0240	4804194
pb	237	0241	4804195
pb	238	0242	4804196
pb	239	0243	4804197
pb	240	0244	4804198
pb	241	0245	4804199
pb	242	0246	4804200
pb	243	0247	4804201
entry	Tondage. Tondage des équidés. Tondage des Bovidés
pb	244	0248	4804202
entry	Tondage. Tondage des Bovidés
pb	245	0249	4804203
pb	246	0250	4804204
pb	247	0251	4804205
entry	Tondage. Tondage des chiens
pb	248	0252	4804206
entry	Toniques (Médication, Médicaments). 
pb	249	0253	4804207
entry	Toniques (Médication, Médicaments). Moyens alimentaires et hygiéniques
pb	250	0254	4804208
entry	Toniques (Médication, Médicaments). Moyens alimentaires et hygiéniques. Médicaments toniques
entry	Toniques (Médication, Médicaments). Moyens alimentaires et hygiéniques. Toniques analeptiques
pb	251	0255	4804209
entry	Toniques (Médication, Médicaments). Médicaments toniques. Toniques analeptiques
pb	252	0256	4804210
pb	253	0257	4804211
pb	254	0258	4804212
pb	255	0259	4804213
pb	256	0260	4804214
pb	257	0261	4804215
pb	258	0262	4804216
pb	259	0263	4804217
pb	260	0264	4804218
pb	261	0265	4804219
pb	262	0266	4804220
pb	263	0267	4804221
pb	264	0268	4804222
pb	265	0269	4804223
pb	266	0270	4804224
pb	267	0271	4804225
entry	Toniques (Médication, Médicaments). Médicaments toniques. Toniques eupeptiques
pb	268	0272	4804226
pb	269	0273	4804227
pb	270	0274	4804228
pb	271	0275	4804229
entry	Toniques (Médication, Médicaments). Médicaments toniques. Toniques névrosthéniques
pb	272	0276	4804230
pb	273	0277	4804231
pb	274	0278	4804232
pb	275	0279	4804233
pb	276	0280	4804234
pb	277	0281	4804235
entry	Tonte. 
pb	278	0282	4804236
pb	279	0283	4804237
pb	280	0284	4804238
pb	281	0285	4804239
pb	282	0286	4804240
pb	283	0287	4804241
pb	284	0288	4804242
entry	Tonte. Tournis. 
pb	285	0289	4804243
entry	Tournis. Étiologie
pb	286	0290	4804244
pb	287	0291	4804245
entry	Tournis. Étiologie. Anatomie pathologique
pb	288	0292	4804246
entry	Tournis. Anatomie pathologique
pb	289	0293	4804247
entry	Tournis. Anatomie pathologique. Symptômes
entry	Tournis. Anatomie pathologique. Tournis du mouton
pb	290	0294	4804248
entry	Tournis. Symptômes. Tournis du mouton
pb	291	0295	4804249
pb	292	0296	4804250
entry	Tournis. Symptômes. Tournis du boeuf
pb	293	0297	4804251
entry	Tournis. Symptômes. Tournis du cheval
pb	294	0298	4804252
entry	Tournis. Symptômes. Diagnostic
pb	295	0299	4804253
entry	Tournis. Diagnostic
entry	Tournis. Diagnostic. Prophylaxie
pb	296	0300	4804254
entry	Tournis. Prophylaxie
entry	Tournis. Prophylaxie. Traitement
pb	297	0301	4804255
entry	Tournis. Traitement
entry	Toux. Définitions
pb	298	0302	4804256
entry	Toux. Définitions. Divisions
pb	299	0303	4804257
entry	Toux. Divisions
pb	300	0304	4804258
pb	301	0305	4804259
pb	302	0306	4804260
pb	303	0307	4804261
pb	304	0308	4804262
pb	305	0309	4804263
pb	306	0310	4804264
entry	Trachée (maladies de la). Lésions traumatiques
pb	307	0311	4804265
pb	308	0312	4804266
entry	Trachée (maladies de la). Lésions traumatiques. Lésions inflammatoires
pb	309	0313	4804267
entry	Trachée (maladies de la). Lésions inflammatoires
entry	Trachée (maladies de la). Lésions inflammatoires. Tumeurs
pb	310	0314	4804268
entry	Trachée (maladies de la). Tumeurs
pb	311	0315	4804269
pb	312	0316	4804270
pb	313	0317	4804271
entry	Trachéotomie. Anatomie de la région
pb	314	0318	4804272
entry	Trachéotomie. Anatomie de la région. Indications
pb	315	0319	4804273
entry	Trachéotomie. Indications
pb	316	0320	4804274
entry	Trachéotomie. Indications. Instruments
pb	317	0321	4804275
entry	Trachéotomie. Instruments
pb	318	0322	4804276
pb	319	0323	4804277
pb	320	0324	4804278
pb	321	0325	4804279
pb	322	0326	4804280
pb	323	0327	4804281
pb	324	0328	4804282
pb	325	0329	4804283
entry	Trachéotomie. Instruments. Modes opératoires
entry	Trachéotomie. Instruments. Procédé par excision de la moitié de deux cerceaux
pb	326	0330	4804284
entry	Trachéotomie. Modes opératoires. Procédé par excision de la moitié de deux cerceaux
pb	327	0331	4804285
entry	Trachéotomie. Modes opératoires
entry	Trachéotomie. Modes opératoires. Procédé par incision longitudinale
entry	Trachéotomie. Modes opératoires. Procédé par incision entre deux cerceaux
pb	328	0332	4804286
entry	Trachéotomie. Modes opératoires. Procédé Krishaber
pb	329	0333	4804287
pb	330	0334	4804288
entry	Trachéotomie. Soins consécutifs
entry	Trachéotomie. Soins consécutifs. Accidents
pb	331	0335	4804289
entry	Trachéotomie. Accidents
pb	332	0336	4804290
pb	333	0337	4804291
pb	334	0338	4804292
pb	335	0339	4804293
entry	Traite. 
pb	336	0340	4804294
pb	337	0341	4804295
pb	338	0342	4804296
pb	339	0343	4804297
pb	340	0344	4804298
pb	341	0345	4804299
pb	342	0346	4804300
pb	343	0347	4804301
entry	Trakehnen. 
pb	344	0348	4804302
pb	345	0349	4804303
pb	346	0350	4804304
pb	347	0351	4804305
entry	Trakehnen. Trépanation. 
pb	348	0352	4804306
entry	Trépanation. Indications
entry	Trépanation. Indications. Instruments
pb	349	0353	4804307
entry	Trépanation. Instruments
pb	350	0354	4804308
entry	Trépanation. Instruments. Trépanation des sinus
pb	351	0355	4804309
entry	Trépanation. Trépanation des sinus
pb	352	0356	4804310
pb	353	0357	4804311
pb	354	0358	4804312
entry	Trépanation. Trépanation des sinus. Trépanation du crâne
pb	355	0359	4804313
entry	Trépanation. Trépanation du crâne
pb	356	0360	4804314
pb	357	0361	4804315
entry	Trichinose. 
pb	358	0362	4804316
entry	Trichinose. Historique
pb	359	0363	4804317
entry	Trichinose. Historique. Hôtes et migrations des trichines
pb	360	0364	4804318
entry	Trichinose. Hôtes et migrations des trichines
pb	361	0365	4804319
pb	362	0366	4804320
pb	363	0367	4804321
entry	Trichinose. Anatomie pathologique
pb	364	0368	4804322
pb	365	0369	4804323
pb	366	0370	4804324
pb	367	0371	4804325
entry	Trichinose. Anatomie pathologique. Symptômes
pb	368	0372	4804326
entry	Trichinose. Symptômes
pb	369	0373	4804327
entry	Trichinose. Symptômes. Diagnostic
pb	370	0374	4804328
entry	Trichinose. Diagnostic
pb	371	0375	4804329
entry	Trichinose. Diagnostic. Étiologie, fréquence
pb	372	0376	4804330
entry	Trichinose. Étiologie, fréquence
pb	373	0377	4804331
pb	374	0378	4804332
entry	Trichinose. Étiologie, fréquence. Prophylaxie de la trichinose du Porc
entry	Trichinose. Étiologie, fréquence. Vitalité des Trichines
pb	375	0379	4804333
entry	Trichinose. Vitalité des Trichines
pb	376	0380	4804334
pb	377	0381	4804335
pb	378	0382	4804336
pb	379	0383	4804337
entry	Trichinose. Vitalité des Trichines. Danger des viandes trichinées
pb	380	0384	4804338
entry	Trichinose. Danger des viandes trichinées
pb	381	0385	4804339
entry	Trichinose. Danger des viandes trichinées. Prophylaxie de la trichinose de l'homme
pb	382	0386	4804340
entry	Trichinose. Prophylaxie de la trichinose de l'homme
pb	383	0387	4804341
pb	384	0388	4804342
pb	385	0389	4804343
entry	Trotteurs. Trotteurs américains
pb	386	0390	4804344
entry	Trotteurs. Trotteurs américains. Trotteurs de Norfolk
pb	387	0391	4804345
entry	Trotteurs. Trotteurs russes
pb	388	0392	4804346
pb	389	0393	4804347
pb	390	0394	4804348
pb	391	0395	4804349
entry	Troupeau. 
pb	392	0396	4804350
pb	393	0397	4804351
entry	Troupeau. Administration du troupeau
pb	394	0398	4804352
pb	395	0399	4804353
pb	396	0400	4804354
pb	397	0401	4804355
pb	398	0402	4804356
pb	399	0403	4804357
pb	400	0404	4804358
pb	401	0405	4804359
pb	402	0406	4804360
entry	Troupeau. Administration du troupeau. Logement du troupeau
pb	403	0407	4804361
entry	Troupeau. Logement du troupeau
pb	404	0408	4804362
pb	405	0409	4804363
pb	406	0410	4804364
pb	407	0411	4804365
pb	408	0412	4804366
pb	409	0413	4804367
entry	Troupeau. Logement du troupeau. Alimentation du troupeau
pb	410	0414	4804368
entry	Troupeau. Alimentation du troupeau
pb	411	0415	4804369
pb	412	0416	4804370
pb	413	0417	4804371
entry	Tuberculose. 
pb	414	0418	4804372
entry	Tuberculose. Espèces animales atteintes
pb	415	0419	4804373
entry	Tuberculose. Espèces animales atteintes. Tuberculose des bêtes bovines
pb	416	0420	4804374
entry	Tuberculose. Espèces animales atteintes. Lésions de la tuberculose
pb	417	0421	4804375
entry	Tuberculose. Espèces animales atteintes. Tuberculose des bêtes bovines.  Lésions de la tuberculose
pb	418	0422	4804376
pb	419	0423	4804377
pb	420	0424	4804378
pb	421	0425	4804379
pb	422	0426	4804380
pb	423	0427	4804381
pb	424	0428	4804382
pb	425	0429	4804383
entry	Tuberculose. Espèces animales atteintes. Étude histologique des lésions
pb	426	0430	4804384
entry	Tuberculose. Espèces animales atteintes. Tuberculose des bêtes bovines.  Étude histologique des lésions
pb	427	0431	4804385
pb	428	0432	4804386
pb	429	0433	4804387
pb	430	0434	4804388
pb	431	0435	4804389
pb	432	0436	4804390
entry	Tuberculose. Espèces animales atteintes. Symptômes
pb	433	0437	4804391
entry	Tuberculose. Espèces animales atteintes. Tuberculose des bêtes bovines. Symptômes
pb	434	0438	4804392
pb	435	0439	4804393
pb	436	0440	4804394
pb	437	0441	4804395
entry	Tuberculose. Espèces animales atteintes. Marche. - Durée. - Terminaisons
pb	438	0442	4804396
entry	Tuberculose. Espèces animales atteintes. Tuberculose des bêtes bovines. Marche. - Durée. - Terminaison
entry	Tuberculose. Espèces animales atteintes. Diagnostic
pb	439	0443	4804397
entry	Tuberculose. Espèces animales atteintes. Tuberculose des bêtes bovines. Diagnostic
pb	440	0444	4804398
pb	441	0445	4804399
pb	442	0446	4804400
pb	443	0447	4804401
pb	444	0448	4804402
pb	445	0449	4804403
pb	446	0450	4804404
pb	447	0451	4804405
pb	448	0452	4804406
pb	449	0453	4804407
pb	450	0454	4804408
pb	451	0455	4804409
pb	452	0456	4804410
pb	453	0457	4804411
pb	454	0458	4804412
pb	455	0459	4804413
pb	456	0460	4804414
pb	457	0461	4804415
pb	458	0462	4804416
pb	459	0463	4804417
entry	Tuberculose.  Espèces animales atteintes. Tuberculose des bêtes bovines. Diagnostic
entry	Tuberculose.  Espèces animales atteintes. Étiologie et pathogénie
pb	460	0464	4804418
entry	Tuberculose. Espèces animales atteintes. Tuberculose des bêtes bovines. Étiologie et pathogénie
pb	461	0465	4804419
pb	462	0466	4804420
pb	463	0467	4804421
pb	464	0468	4804422
pb	465	0469	4804423
pb	466	0470	4804424
pb	467	0471	4804425
entry	Tuberculose. Espèces animales atteintes. Hérédité
pb	468	0472	4804426
entry	Tuberculose. Espèces animales atteintes. Tuberculose des bêtes bovines. Hérédité
pb	469	0473	4804427
pb	470	0474	4804428
entry	Tuberculose. Espèces animales atteintes. Résistance du bacille aux causes de destruction
entry	Tuberculose. Espèces animales atteintes. Action des antiseptiques
pb	471	0475	4804429
entry	Tuberculose. Espèces animales atteintes. Tuberculose des bêtes bovines. Résistance du bacille aux causes de destruction. Action des antiseptiques
entry	Tuberculose. Espèces animales atteintes. Transmission expérimentale de la tuberculose ; divers modes d'inoculation
pb	472	0476	4804430
entry	Tuberculose. Espèces animales atteintes. Tuberculose des bêtes bovines. Transmission expérimentale de la tuberculose ; divers modes d'inoculation
pb	473	0477	4804431
pb	474	0478	4804432
pb	475	0479	4804433
pb	476	0480	4804434
entry	Tuberculose. Espèces animales atteintes. Identité de la tuberculose de l'homme et de celle des animaux
pb	477	0481	4804435
entry	Tuberculose. Espèces animales atteintes. Tuberculose des bêtes bovines. Identité de la tuberculose de l'homme et de celle des animaux
pb	478	0482	4804436
entry	Tuberculose. Espèces animales atteintes. Produits virulents. Usage de la viande et du lait
pb	479	0483	4804437
entry	Tuberculose. Espèces animales atteintes. Tuberculose des bêtes bovines. Produits virulents. Usage de la viande et du lait
pb	480	0484	4804438
pb	481	0485	4804439
pb	482	0486	4804440
pb	483	0487	4804441
pb	484	0488	4804442
pb	485	0489	4804443
pb	486	0490	4804444
pb	487	0491	4804445
pb	488	0492	4804446
pb	489	0493	4804447
pb	490	0494	4804448
entry	Tuberculose. Espèces animales atteintes. Police sanitaire
pb	491	0495	4804449
entry	Tuberculose. Espèces animales atteintes. Tuberculose des bêtes bovines. Police sanitaire
entry	Tuberculose. Espèces animales atteintes. Législation commerciale
pb	492	0496	4804450
entry	Tuberculose. Espèces animales atteintes. Tuberculose des bêtes bovines. Législation commerciale
pb	493	0497	4804451
pb	494	0498	4804452
entry	Tuberculose. Espèces animales atteintes. Tuberculose du porc
pb	495	0499	4804453
entry	Tuberculose. Espèces animales atteintes. Lésions
pb	496	0500	4804454
entry	Tuberculose. Espèces animales atteintes. Tuberculose du porc. Lésions
entry	Tuberculose. Espèces animales atteintes. Symptômes
pb	497	0501	4804455
entry	Tuberculose. Espèces animales atteintes. Tuberculose du porc. Symptômes
pb	498	0502	4804456
entry	Tuberculose. Espèces animales atteintes. Diagnostic
pb	499	0503	4804457
entry	Tuberculose. Espèces animales atteintes. Tuberculose du porc. Diagnostic
entry	Tuberculose. Espèces animales atteintes. Marche de la maladie
pb	500	0504	4804458
entry	Tuberculose. Espèces animales atteintes. Tuberculose du porc. Marche de la maladie
entry	Tuberculose. Espèces animales atteintes. Tuberculose du cheval
entry	Tuberculose. Espèces animales atteintes. Lésions
pb	501	0505	4804459
entry	Tuberculose. Espèces animales atteintes. Tuberculose du cheval. Lésions
pb	502	0506	4804460
pb	503	0507	4804461
entry	Tuberculose. Espèces animales atteintes. Symptômes
pb	504	0508	4804462
entry	Tuberculose. Espèces animales atteintes. Tuberculose du cheval. Symptômes
entry	Tuberculose. Espèces animales atteintes. Diagnostic
pb	505	0509	4804463
entry	Tuberculose. Espèces animales atteintes. Tuberculose du cheval. Diagnostic
entry	Tuberculose. Espèces animales atteintes. Tuberculose des petits ruminants
pb	506	0510	4804464
pb	507	0511	4804465
entry	Tuberculose. Espèces animales atteintes. Tuberculose du chien et du chat
pb	508	0512	4804466
entry	Tuberculose. Espèces animales atteintes. Lésions
pb	509	0513	4804467
entry	Tuberculose. Espèces animales atteintes. Tuberculose du chien et du chat. Lésions
entry	Tuberculose. Espèces animales atteintes. Signes et diagnostic
pb	510	0514	4804468
entry	Tuberculose. Espèces animales atteintes. Tuberculose du chien et du chat. Signes et diagnostic
entry	Tuberculose. Espèces animales atteintes. Tuberculose des oiseaux
entry	Tuberculose. Espèces animales atteintes. Lésions
pb	511	0515	4804469
entry	Tuberculose. Espèces animales atteintes. Tuberculose des oiseaux. Lésions
entry	Tuberculose. Espèces animales atteintes. Symptômes et diagnostic
pb	512	0516	4804470
entry	Tuberculose. Espèces animales atteintes. Tuberculose des oiseaux. Symptômes et diagnostic
entry	Tuberculose. Espèces animales atteintes. Étiologie
pb	513	0517	4804471
entry	Tuberculose. Espèces animales atteintes. Tuberculose des oiseaux. Étiologie
pb	514	0518	4804472
entry	Tuberculose. Espèces animales atteintes. Prophylaxie
pb	515	0519	4804473
entry	Tuberculose. Espèces animales atteintes. Tuberculose des oiseaux. Prophylaxie
entry	Tuberculose. Espèces animales atteintes. Index bibliographique
pb	516	0520	4804474
entry	Tuberculose. Index bibliographique
pb	517	0521	4804475
pb	518	0522	4804476
pb	519	0523	4804477
pb	520	0524	4804478
pb	521	0525	4804479
pb	[page blanche]	0526	4804480
entry	
pb	523	0527	4804481
entry	Table générale par ordre alphabétique
pb	524	0528	4804482
pb	525	0529	4804483
pb	526	0530	4804484
pb	527	0531	4804485
pb	528	0532	4804486
