pb	sn	0001	7719064
entry	Plat]
pb	pb	0002	7719065
pb	sn	0003	7719066
entry	Page de titre]
pb	pb	0004	7719067
pb	sn	0005	7719068
entry	re Partie. Table par indications thérapeutiques des spécialités figurant dans cet ouvrage
pb	sn	0006	7719069
entry	Table par indications thérapeutique des spécialités figurant dans cet ouvrage
pb	sn	0007	7719070
entry	I. - Albuminurie
entry	II. - Alimentation - Régimes
entry	III. - Analgésiques externes - Anesthésiques
pb	sn	0008	7719071
entry	IV. - Analgésiques internes - Antinévralgiques
entry	V. - Anémie - Asthénie
pb	sn	0009	7719072
pb	sn	0010	7719073
entry	VI. - Antipyrétiques
entry	VII. - Antiseptiques externes (Désinfectants)
pb	sn	0011	7719074
entry	VIII. - Antiseptiques internes (Antitoxiques)
entry	IX. - Artériosclérose, hypertension artérielle, angine de poitrine
pb	sn	0012	7719075
entry	X. - Arthritisme - Goutte - Rhumatisme
pb	sn	0013	7719076
entry	XI. - Blennorragie
pb	sn	0014	7719077
entry	XII. - Bronches et poumons - Asthme - Coqueluche, etc
pb	sn	0015	7719078
entry	XIII. - Calmants - Antispasmodiques
pb	sn	0016	7719079
entry	XIV. - Coeur et appareil circulatoire
pb	sn	0017	7719080
entry	XV. - Constipation
entry	XVI. - Convalescences
pb	sn	0018	7719081
pb	sn	0019	7719082
entry	XVII. - Dermatoses - Acné - Eczéma furonculose, crevasses des seins, etc
pb	sn	0020	7719083
entry	XVIII. - Diabète
entry	XIX. - Empoisonnements intoxications
entry	XX. - Estomac
pb	sn	0021	7719084
entry	XXI. - Foie - Pancréas - Rate
pb	sn	0022	7719085
entry	XXII. - Gynécologie et obstétrique
pb	sn	0023	7719086
entry	XXIII. - Hémostatiques
entry	XXIV. - Hypnotiques
pb	sn	0024	7719087
entry	XXV. - Intestins
pb	sn	0025	7719088
entry	XXVI. - Lymphatisme - Scrofule rachitisme
pb	sn	0026	7719089
entry	XXVII. - Maladies infectieuses et parasitaires, grippe, paludisme, etc
entry	XXVIII. - Nerfs (Hystérie, épilepsie, neurasthénie, etc)
pb	sn	0027	7719090
pb	sn	0028	7719091
entry	XXIX. - Obésité
entry	XXX. - Ophtalmologie
entry	XXXI. - Opothérapie et vaccinothérapie
pb	sn	0029	7719092
entry	XXXII. - Oto-rhino-laryngologie
pb	sn	0030	7719093
entry	XXXIII. - Peau et cuir chevelu (Gerçures, engelures, etc)
pb	sn	0031	7719094
entry	XXXIV. - Reconstituants - Stimulants toniques - Récalcifiants
pb	sn	0032	7719095
entry	XXXV. - Stomatologie
entry	XXXVI. - Syphilis
pb	sn	0033	7719096
entry	XXXVII. - Système veineux - Varices - Hémorroïdes
pb	sn	0034	7719097
entry	XXXVIII. - Tuberculose
pb	sn	0035	7719098
entry	XXXIX. - Tumeurs - Cancer
entry	XL. - Voies génito-urinaires (Reins, vessie, urètre, testicules, etc...)
pb	sn	0036	7719099
pb	sn	0037	7719100
entry	e Partie. Dictionnaire de spécialités pharmaceutiques
pb	pb	0038	7719101
pb	pb	0039	7719102
pb	pb	0040	7719103
pb	1	0041	7719104
entry	Acépiline
entry	Acésine Guillaumin
pb	2	0042	7719105
entry	Acétylarsan
entry	Achanol
pb	3	0043	7719106
entry	Adrénaline
entry	Adrénaline Aguettant
pb	4	0044	7719107
entry	Adrénophyséine Grémy
entry	Adrépatine
pb	5	0045	7719108
entry	Aethone
entry	Agomensine Ciba
pb	6	0046	7719109
entry	Airol « Roche »
entry	Alepsal Genévrier
pb	7	0047	7719110
entry	Algatan
entry	Algocratine
pb	8	0048	7719111
entry	Algolane
entry	Aliment Tinardon
pb	9	0049	7719112
entry	Allonal « Roche »
pb	10	0050	7719113
entry	Aloysine
entry	Alucol Wander
pb	11	0051	7719114
entry	Alunozal
entry	Amibiasine
pb	12	0052	7719115
entry	Amidal
entry	Ampoules Boissy
pb	13	0053	7719116
entry	Ampoules Churchill
entry	Ampoules de Digalène « Roche »
pb	14	0054	7719117
entry	Ampoules de Pantopon « Roche »
entry	Ampoules Reipar
pb	15	0055	7719118
entry	Ampoules de Sécacornine « Roche »
entry	Ampoules de Spasmalgine « Roche »
pb	16	0056	7719119
entry	Ampoules de Théobryl « Roche »
entry	Amylodiastase Thépénier
pb	17	0057	7719120
entry	Anapeptone Vassal
entry	Anaquintine Lescène
pb	18	0058	7719121
entry	Androstine Ciba
entry	Angéïne
pb	19	0059	7719122
entry	Angiolymphe du Docteur Rous
pb	20	0060	7719123
entry	Aniodol
pb	21	0061	7719124
entry	Antacidol
entry	Antalgol Dalloz
pb	22	0062	7719125
entry	Anthéma. Sérum sérique antihémorragique des Docteurs Dufour et Le Hello
entry	Antialgos Christiaens
pb	23	0063	7719126
entry	Antiasthme Bengalais
entry	Antigrippine Midy
pb	24	0064	7719127
entry	Anti-asthmine Dehaussy
pb	25	0065	7719128
entry	Antiphlogistine
entry	Antiphymique Vadam
pb	26	0066	7719129
entry	antirroïde
entry	Antiurique de Contrexéville
pb	27	0067	7719130
entry	Antodyne
entry	Antonal
pb	28	0068	7719131
entry	Anusol
entry	Aphloïne Trouette-Perret
pb	29	0069	7719132
entry	Aplexil
entry	Aquintol
pb	30	0070	7719133
entry	Arhéol
entry	Arhine Lambiotte Frères
pb	31	0071	7719134
entry	Aristargol
entry	Arquéritol Lesure
pb	32	0072	7719135
entry	Arrhénuclène Bergevin
entry	Arséniode Buriat
pb	33	0073	7719136
entry	Arsycodile
entry	Artério-sérum Vincardi
pb	34	0074	7719137
entry	Arsylène « Roche »
pb	35	0075	7719138
entry	Arthri-Sel
entry	Arthritose
pb	36	0076	7719139
entry	Ascéine
entry	Asciatine
pb	37	0077	7719140
entry	Ascoléine Rivier
entry	Atophan Cruet
pb	38	0078	7719141
entry	Atoquinol Ciba
entry	Avanazol Couturieux
pb	39	0079	7719142
entry	Azigol Thévenot
entry	Azufrol
pb	40	0080	7719143
entry	Babutyrose Lactella
entry	Backérine
pb	41	0081	7719144
entry	Balsamol Lescène
entry	Baume Arôma
pb	42	0082	7719145
entry	Baume Bengué
entry	Baume Delacour
pb	43	0083	7719146
entry	Baume Rhodia
entry	Baume Suelta
pb	44	0084	7719147
entry	Béatol
pb	45	0085	7719148
entry	Beef Lavoix ou Vin de Lavoix
entry	Benzo-Iodhydrine (Capsules de)
pb	46	0086	7719149
entry	Benzolactol
entry	Benzylol
pb	47	0087	7719150
entry	Bétul-Ol Midy
entry	Bia : Bismuth Indolore Atoxique
pb	48	0088	7719151
entry	Biléyl Fournier
entry	Biliase Raby
pb	49	0089	7719152
entry	Bilifluine du Docteur L. Bignon
entry	Bilirhéïne
pb	50	0090	7719153
entry	Biocalcose Chevretin
entry	Biodermyl Monal
pb	51	0091	7719154
entry	Biodynamine
pb	52	0092	7719155
entry	Biogastrine
entry	Biophorine Girard
pb	53	0093	7719156
entry	Biolactyl Fournier
pb	54	0094	7719157
entry	Biotose Ciba
entry	Bismhydral
pb	55	0095	7719158
entry	Bismuth Desleaux
entry	Bismuthoïdol
pb	56	0096	7719159
entry	Blédine Jacquemaire
pb	57	0097	7719160
entry	Boldo Gmet
entry	Boléase Monal
pb	58	0098	7719161
entry	Boricine Meissonnier
entry	Borocalcyl Thévenot
pb	59	0099	7719162
entry	Borostyrol Schlatter
entry	Boules plastiques Quiès
pb	60	0100	7719163
entry	Broméine Montagu
entry	Bromiase
pb	61	0101	7719164
entry	Bromogénol Pépin
entry	Bromone Robin
pb	62	0102	7719165
entry	Bromures Souffron
entry	Bulgarine Thépénier
pb	63	0103	7719166
entry	Cachets « Roche » de Thiocol
entry	Cacodylo-phosphate vital de Jacquemaire
pb	64	0104	7719167
entry	Calcéose
entry	Calciline
pb	65	0105	7719168
entry	Calciphose
entry	Capsules Bruel
pb	66	0106	7719169
entry	Capsules Dartois
entry	Capsules de Morrhuïne Puy
pb	67	0107	7719170
entry	Capsules Raquin
pb	68	0108	7719171
entry	Carbochloryls
pb	69	0109	7719172
entry	Carbochloryl Camphré
pb	70	0110	7719173
entry	Carbolactyl
entry	Carbonate de Bismuth
pb	71	0111	7719174
entry	Carbosanis
entry	Cardibaïne
pb	72	0112	7719175
entry	Cardiotanic Grémy
entry	Carnine Lefrancq
pb	73	0113	7719176
entry	Cascara Midy
entry	Cascarine Leprince
pb	74	0114	7719177
entry	Céréalose
entry	Cérébroïl Leysin
pb	75	0115	7719178
entry	Céréossine Dehaussy
pb	76	0116	7719179
entry	Cérédine
entry	Cervol
pb	77	0117	7719180
entry	Cétrarose Gigon
entry	Charbon Fraudin
pb	78	0118	7719181
entry	Charbon Tissot (Grains anisés de)
entry	Chéloïdine
pb	79	0119	7719182
entry	Chenanthol
pb	80	0120	7719183
entry	Chloral Bromuré Dubois
entry	Chloramine
pb	81	0121	7719184
entry	Chloréthyle Bengué
entry	Chlorobyl
pb	82	0122	7719185
entry	Chloro-Calcion
pb	83	0123	7719186
entry	Chloroforme Lambiotte Frères
pb	84	0124	7719187
entry	Choléoboldine Thévenot
entry	Choléo-Combretol boldinisé
pb	85	0125	7719188
entry	Choléokinase
entry	Cholergine
pb	86	0126	7719189
entry	Cigarettes Espic
entry	Citraspirine
pb	87	0127	7719190
entry	Citrosodine Grémy
entry	Cocaïne Midy
pb	88	0128	7719191
entry	Clonazone Daufresne
pb	89	0129	7719192
entry	Codoforme
entry	Colarsé
pb	90	0130	7719193
entry	Colchi-Sal Midy
entry	Colloïdes Amicros
pb	91	0131	7719194
entry	Colloïdogénine du Docteur Bayle
pb	92	0132	7719195
entry	Colloïl Leysin
pb	93	0133	7719196
entry	Collo-iode Dubois
pb	94	0134	7719197
entry	Colloïxols du Docteur Riquoir
pb	95	0135	7719198
entry	Colluborine Dupuy
pb	96	0136	7719199
entry	Comitiol
entry	Composé Gmet
pb	97	0137	7719200
entry	Comprimés Guillaumin
entry	Comprimés « Roche » de Thiocol
pb	98	0138	7719201
entry	Condurango Gmet
entry	Coréïne
pb	99	0139	7719202
entry	Cosmargyre Thévenot
entry	Crataegine
pb	100	0140	7719203
entry	Crataegus Gmet
entry	Crème résolutive du Docteur Rap
pb	101	0141	7719204
entry	Créosal Dubois
entry	Créosoforme Lambiotte Frères
pb	102	0142	7719205
entry	Crescol
entry	Cryogénine Lumière
pb	103	0143	7719206
entry	Curaluès du Docteur L. Lafay
pb	104	0144	7719207
entry	Curiode. Curiode Arsénié
pb	105	0145	7719208
entry	Cytobiase
pb	106	0146	7719209
entry	Cytotropines
entry	Dépuratif Kromelinck
pb	107	0147	7719210
entry	Dermo-Plastol Dumesnil
entry	Diabétifuge
pb	108	0148	7719211
entry	Diachusine
entry	Diadermine
pb	109	0149	7719212
entry	Dial Ciba (et Dial soluble)
entry	Dialacetine Ciba
pb	110	0150	7719213
entry	Dialyl
entry	Diasclérol
pb	111	0151	7719214
entry	Diases Progil
pb	112	0152	7719215
entry	Diasténine Grémy
pb	113	0153	7719216
entry	Diastogène Dehaussy
pb	114	0154	7719217
entry	Didial Ciba
entry	Diénol
pb	115	0155	7719218
entry	Digalène « Roche »
pb	116	0156	7719219
entry	Digibaïne
entry	Digifoline Ciba
pb	117	0157	7719220
entry	Digitaline cristallisée Mialhe-Petit
entry	Digitaline cristallisée Nativelle
pb	118	0158	7719221
entry	Dioradin
entry	Dioséine Prunier
pb	119	0159	7719222
entry	Diurène
pb	120	0160	7719223
entry	Di Uroïodine
pb	121	0161	7719224
entry	Doloma
pb	122	0162	7719225
entry	Dragées Bengué au menthol
entry	Dragées Elkin
pb	123	0163	7719226
entry	Dragées Fernel
pb	124	0164	7719227
entry	Dragées du Docteur Gélineau
entry	Dragées Hecquet
pb	125	0165	7719228
entry	Dragées névrosthéniques « Yse »
entry	Dragées toni-cardiaques Le Brun
pb	126	0166	7719229
entry	Dyspeptine Hepp
entry	Eau de Saint-Colomban
pb	127	0167	7719230
entry	Eczéda
entry	Ektogan Bocquillon
pb	128	0168	7719231
entry	Élatine Bouin
entry	Élixir Ducro
pb	129	0169	7719232
entry	Élixir eupeptique Tisy
entry	Élixir du Docteur Mialhe
pb	130	0170	7719233
entry	Élixir Spes
entry	Emplâtres R. Cavaillès
pb	131	0171	7719234
entry	Embryonine du Docteur Barré
pb	132	0172	7719235
entry	Endocrisines Fournier
pb	133	0173	7719236
entry	Energétènes Byla
entry	Eniode Lefebvre
pb	134	0174	7719237
entry	Entéroseptyl Clérambourg
entry	Entérovaccin Lumière
pb	135	0175	7719238
entry	Entérozone
entry	Eparseno
pb	136	0176	7719239
entry	Eparseno infantile
entry	Épidosine Grémy
pb	137	0177	7719240
entry	Epoqualine
entry	Erythroluès du Docteur L. Lafay
pb	138	0178	7719241
entry	Eranol
pb	139	0179	7719242
entry	Esculéol
entry	Eucalcium
pb	140	0180	7719243
entry	Eucalyptine Le Brun
entry	Eucytol
pb	141	0181	7719244
entry	Eudynol
entry	Eumictine
pb	142	0182	7719245
entry	Euphon
entry	Euphrénine Bastia
pb	143	0183	7719246
entry	Eusomnine Bélières
entry	Eutensyl Grémy
pb	144	0184	7719247
entry	Extrait de Malt français Déjardin
entry	Facmine Longuet
pb	145	0185	7719248
entry	Farine lactée Heudebert
entry	Farine lactée Salvy
pb	146	0186	7719249
entry	Farine de Malt Heudebert
entry	Félamine « Sandoz »
pb	147	0187	7719250
entry	Farines maltées Jammet
pb	148	0188	7719251
entry	Félargent
entry	Fer Bravais
pb	149	0189	7719252
entry	Féroxal Buisson
entry	Ferrocodile et Ferrigodile
pb	150	0190	7719253
entry	Ferrocol
entry	Ferrophytine Ciba
pb	151	0191	7719254
entry	Fixogène
entry	Floréases
pb	152	0192	7719255
entry	Fluodyle
entry	Formadermine
pb	153	0193	7719256
entry	Fortossan Ciba
pb	154	0194	7719257
entry	Fosfoxyl Carron
pb	155	0195	7719258
entry	Frangoléine Auclair
entry	Frangulose Flach
pb	156	0196	7719259
entry	Freinix
entry	Frêne Gmet
pb	157	0197	7719260
entry	Frialine Grémy
entry	Fucosine
pb	158	0198	7719261
entry	Fucus Gmet
pb	159	0199	7719262
entry	Furonculase
pb	160	0200	7719263
entry	Galyl
entry	Gardenal
pb	161	0201	7719264
entry	Gambéol
pb	162	0202	7719265
entry	Gastrocalcine
entry	Gastro-sodine
pb	163	0203	7719266
entry	Gaurol
entry	Gélobarine
pb	164	0204	7719267
entry	Gélotanin
entry	Génésérine. Polonovski et Nitzberg
pb	165	0205	7719268
entry	Germose
pb	166	0206	7719269
entry	Globugenol Chanal
pb	167	0207	7719270
entry	Globules Fumouze
entry	Globules Romon
pb	168	0208	7719271
entry	Glutinette d'aspirine
entry	Glycérophosphate Dalloz
pb	169	0209	7719272
entry	Glycérophosphate Robin
entry	Glycobyl
pb	170	0210	7719273
entry	Glycocarpine
entry	Glyco-lactimase
pb	171	0211	7719274
entry	Glykolaïne Robin
entry	Gobérol
pb	172	0212	7719275
entry	Goménol
entry	Gonacrine
pb	173	0213	7719276
entry	Gosierine « Dalloz »
entry	Gouttes Fluxines
pb	174	0214	7719277
entry	Gouttes Livoniennes de Trouette-Perret
pb	175	0215	7719278
entry	Gouttes Nican
pb	176	0216	7719279
entry	Gouttes scandinaves
entry	Gouttes de Sérû
pb	177	0217	7719280
entry	Grains de Vals
entry	Granulé Girard
pb	178	0218	7719281
entry	Gui Gmet
entry	Guipsine
pb	179	0219	7719282
entry	Gynéose
entry	Gynergène Sandoz
pb	180	0220	7719283
entry	Gynopausine
entry	Haemaboeol Charron
pb	181	0221	7719284
entry	Hamaméline Roya
entry	Hamaméliode
pb	182	0222	7719285
entry	Hamamélis Gmet
entry	Hectargyre
pb	183	0223	7719286
entry	Hectine
entry	Hélital
pb	184	0224	7719287
entry	Hémagène Tailleur
pb	185	0225	7719288
entry	Hémagénine Giraud
entry	Hémodrome
pb	186	0226	7719289
entry	Hémofixine Branchu
pb	187	0227	7719290
entry	Hémoglobine Deschiens
pb	188	0228	7719291
entry	Hémostyl du Docteur Roussel
pb	189	0229	7719292
pb	190	0230	7719293
entry	Hémopausine du Docteur Barrier
entry	Hémotonine
pb	191	0231	7719294
entry	Hemypnal
entry	Hépato-Byl
pb	192	0232	7719295
entry	Hépatotanic Grémy
entry	Hexotal
pb	193	0233	7719296
entry	Hipposarcine Roy
entry	Histogénol
pb	194	0234	7719297
entry	Holos
entry	Hopogan Bocquillon
pb	195	0235	7719298
entry	Hormolaxine
entry	Huilaxine « Gillot »
pb	196	0236	7719299
entry	Hydralin
entry	Huile Crolas
pb	197	0237	7719300
entry	Hypergal Grémy
entry	Hypodermozone
pb	198	0238	7719301
entry	Hypophosphites Churchill
pb	199	0239	7719302
entry	Immunizols Grémy
pb	200	0240	7719303
entry	Immunizols Grémy. Bouillon Vaccin
pb	201	0241	7719304
entry	Indhaméline Lejeune simple
entry	Indhaméline Lejeune pluriglandulaire
pb	202	0242	7719305
entry	Inotyol du Docteur Debat
entry	Insuline Byla
pb	203	0243	7719306
entry	Insulyl du Docteur Roussel
entry	Iodalose Galbrun
pb	204	0244	7719307
entry	Iodamelis Logeais
entry	Iodarsenic Guiraud ou gouttes paidophiles du Docteur Guiraud
pb	205	0245	7719308
entry	Iodaselle Delamarre
entry	Iodaseptine Cortial
pb	206	0246	7719309
entry	Iode organique Boissy
entry	Iodéine Montagu
pb	207	0247	7719310
entry	Iodéyl fournier
entry	Iodo-Bismuth Ercé
pb	208	0248	7719311
entry	Iodo-Bismuthate de Quinine Fraisse
entry	Iodogénol Pépin
pb	209	0249	7719312
entry	Iodométine
entry	Iodone Robin
pb	210	0250	7719313
entry	Iodostarine « Roche »
pb	211	0251	7719314
entry	Iodo-Thyroïdine Catillon
entry	Iodurase
pb	212	0252	7719315
entry	Iodure Philippe
entry	Iodures Souffron
pb	213	0253	7719316
entry	Jécol
pb	214	0254	7719317
entry	Kaolinase
entry	Képhaline Brunot
pb	215	0255	7719318
entry	Kerlol
entry	Kinectine
pb	216	0256	7719319
entry	Kipsol
entry	Kola granulée Astier
pb	217	0257	7719320
entry	Kymosine Rogier (Anciennement Pegnine)
entry	Lab Lacto ferment Mialhe
pb	218	0258	7719321
entry	Lactimase
entry	Lactolaxine Fydau
pb	219	0259	7719322
entry	Lansoyl
entry	Lantol
pb	220	0260	7719323
entry	Laurénol médicinal
entry	Laxagarine
pb	221	0261	7719324
entry	Laxatif au Malt Wander « Cristolax »
entry	Laxopeptine Girard
pb	222	0262	7719325
entry	Lebnol
entry	Lécithosine Robin
pb	223	0263	7719326
entry	Levurine extractive
entry	Lientine Grémy
pb	224	0264	7719327
entry	Lipocérébrine Chevretin
entry	Lipocytol Grémy
pb	225	0265	7719328
entry	Lipoféine
entry	Lipogyre Ciba
pb	226	0266	7719329
entry	Lipoïdes H. I. Lipoïdes associés
entry	Afatyl
pb	227	0267	7719330
entry	Lipoïodine Ciba
entry	Liseronine Davysonn
pb	228	0268	7719331
entry	Listose Vicario
entry	Lual Charron
pb	229	0269	7719332
entry	Luarsyl Charron
entry	Luatol
pb	230	0270	7719333
entry	Ludin
pb	231	0271	7719334
entry	Lusoforme
pb	232	0272	7719335
entry	Magnésie Lourde de Durel
entry	Malt Barley
pb	233	0273	7719336
entry	Maltase Fanta »
pb	234	0274	7719337
entry	Malt Wander ou Gloma
pb	235	0275	7719338
pb	236	0276	7719339
entry	Maltosan
pb	237	0277	7719340
entry	Mangaïne
entry	Marinol
pb	238	0278	7719341
entry	Médication antisyphilitique dissimulée
pb	239	0279	7719342
entry	Ménovarine
entry	Mésoforme
pb	240	0280	7719343
entry	Mésothorium Buisson
entry	Métritols
pb	241	0281	7719344
entry	Micranyl Grémy
entry	Migrainol
pb	242	0282	7719345
entry	Morrhualène Gautier
entry	Morrhuétine Jungken
pb	243	0283	7719346
entry	Morrhuxine
entry	Mucosodine
pb	244	0284	7719347
entry	Musculargyre
entry	Musculosine Byla
pb	245	0285	7719348
entry	Mutandine Grémy
entry	Muthanol
pb	246	0286	7719349
entry	Mycolysine du Docteur Doyen
pb	247	0287	7719350
entry	Naiodine
entry	Narcyl Grémy
pb	248	0288	7719351
entry	Narsénol
entry	Natibaïne
pb	249	0289	7719352
entry	Néoarsite
entry	Néo-Arsycodile
pb	250	0290	7719353
entry	Néoby Hg Trouette-Perret. Néoby Trouette-Perret
entry	Néo-Dmegon
pb	251	0291	7719354
entry	Néo-Dmesta
entry	Néo-Dmetys
pb	252	0292	7719355
entry	Néo-Laxatif Chapotot
pb	253	0293	7719356
entry	Néo-Rhomnol
entry	Néo-Riodine
pb	254	0294	7719357
entry	Néo-Trépol
pb	255	0295	7719358
entry	Néol. Néolides
pb	256	0296	7719359
entry	Néolyse
entry	Néoplalysine du Docteur Riquoir
pb	257	0297	7719360
entry	Nergine Heudebert
entry	Nervocithine Tissot
pb	258	0298	7719361
entry	Neurène
entry	Neurinase
pb	259	0299	7719362
entry	Neurobore
pb	260	0300	7719363
entry	Neurolipase
pb	261	0301	7719364
entry	Neuroplasma Fort
entry	Neuroplasma massif
pb	262	0302	7719365
entry	Neuroplasmine Fort
entry	Neurosine Prunier
pb	263	0303	7719366
entry	Neurotanic Grémy
entry	Neurotrophol Byla
pb	264	0304	7719367
entry	Neurovoïne Grémy
entry	Névralgol Brossard
pb	265	0305	7719368
entry	Névoral Rafey
pb	266	0306	7719369
entry	Névrosthénine Freyssinge
entry	Nigérine Vincent
pb	267	0307	7719370
entry	Nisaméline de Trouette-Perret
pb	268	0308	7719371
entry	Nitium Buisson
entry	Nitrite de soude Roussel
pb	269	0309	7719372
entry	Nitroÿl Leysin
pb	270	0310	7719373
entry	Nitroyl Leysin injectable
pb	271	0311	7719374
pb	272	0312	7719375
entry	Nopirine Vicario
entry	Novargyre
pb	273	0313	7719376
entry	Novarsénobenzol
entry	Nucléarsitol Robin
pb	274	0314	7719377
entry	Nucléatol Robin
entry	Nucléo-Fer Girard
pb	275	0315	7719378
entry	Nujol
entry	Nutromalt
pb	276	0316	7719379
entry	Nyctal
pb	277	0317	7719380
entry	Ocréine Grémy
pb	278	0318	7719381
entry	Oenophos
pb	279	0319	7719382
entry	Oléo-Bi « Roche »
pb	280	0320	7719383
entry	Oléo-iode Dubois
entry	Oléo-Mel Laxatif
pb	281	0321	7719384
entry	Oléolaxine
entry	Ophtalmine
pb	282	0322	7719385
entry	Opocalcium du Docteur Guersant
pb	283	0323	7719386
entry	Opochlorine
pb	284	0324	7719387
entry	Oposynergines
pb	285	0325	7719388
pb	286	0326	7719389
entry	Opothérapie Chaix
pb	287	0327	7719390
entry	Opothérapie Choay
pb	288	0328	7719391
entry	Opothérapie Fournier
pb	289	0329	7719392
entry	Opothérapie « Moncour »
pb	290	0330	7719393
entry	Opozones Lumière
pb	291	0331	7719394
entry	Opozymases
pb	292	0332	7719395
entry	Orargol Amicros
pb	293	0333	7719396
entry	Ostéo-Hépatine
pb	294	0334	7719397
entry	Ouabaïne Arnaud
pb	295	0335	7719398
entry	Ouataplasme du Docteur Ed. Langlebert
entry	Ovo-Lécithine Billon
pb	296	0336	7719399
entry	Ovomaltine
entry	Ovules Aristargol
pb	297	0337	7719400
entry	Ovules Chaumel
entry	Ovules « Roche »
pb	298	0338	7719401
entry	Oxydothyrine Pâris
entry	Oxydovarine Pâris
pb	299	0339	7719402
entry	Pain essentiel
pb	300	0340	7719403
entry	Pains spéciaux Heudebert
pb	301	0341	7719404
entry	Panbiase antiluétique Charron
entry	Panbiase antiphymique Charron
pb	302	0342	7719405
entry	Panbiline
pb	303	0343	7719406
entry	Pancréatotanic Grémy
pb	304	0344	7719407
entry	Panfebrine
pb	305	0345	7719408
entry	Pangestyl Narty
entry	Panglandine
pb	306	0346	7719409
entry	Panhémol
entry	Panlacto Midy
pb	307	0347	7719410
entry	Pantopon « Roche »
pb	308	0348	7719411
entry	Papaïne de Trouette Perret
pb	309	0349	7719412
entry	Papier Fayard et Blayn
entry	Parathyrocalcine « Moncour »
pb	310	0350	7719413
entry	Paroxyl
pb	311	0351	7719414
entry	Passiflorine
pb	312	0352	7719415
entry	Pâtes Lacto-Maltées
pb	313	0353	7719416
entry	Patholysine
entry	Pélospanines
pb	314	0354	7719417
entry	Pepto-Fer du Docteur Jaillet
entry	Pepto Kola Robin
pb	315	0355	7719418
entry	Peptodiase
pb	316	0356	7719419
entry	Peptonal
entry	Peptonate de Fer Robin
pb	317	0357	7719420
entry	Peptone Vassal
entry	Péristaltine Ciba
pb	318	0358	7719421
entry	Perles Taphosote Lambiotte Frères
pb	319	0359	7719422
entry	Persodine Lumière
entry	Perubore
pb	320	0360	7719423
entry	Phosoforme
pb	321	0361	7719424
entry	Phosote Lambiotte Frères
pb	322	0362	7719425
entry	Phosphate Vital de Jacquemaire
pb	323	0363	7719426
entry	Phosphatine Falières
entry	Phospho-Gaïacol Mary
pb	324	0364	7719427
entry	Phosphogène Favrichon
entry	Phosphopinal Juin
pb	325	0365	7719428
entry	Phosphorgane
entry	Phospirine
pb	326	0366	7719429
entry	Phostaniol
entry	Phylactone Byla
pb	327	0367	7719430
entry	Physéine Grémy
entry	Physiosthénine
pb	328	0368	7719431
entry	Phytinate de Quinine Ciba
entry	Phytine Ciba
pb	329	0369	7719432
pb	330	0370	7719433
entry	Phytol
pb	331	0371	7719434
pb	332	0372	7719435
entry	Pilules de Blancard
entry	Pilules du Docteur Debouzy
pb	333	0373	7719436
entry	Pilules Gip
entry	Pilules d'Hermal
pb	334	0374	7719437
entry	Pilules Lemary
pb	335	0375	7719438
entry	Pilules Philippe
entry	Pilules purgatives du Docteur Dehaut
pb	336	0376	7719439
entry	Pilules du Docteur Séjournet
entry	Pipérazine Midy
pb	337	0377	7719440
entry	Plasome antigonococcique Charron
entry	Plurion Couturieux
pb	338	0378	7719441
entry	Pneumocratol
entry	Pneumogéine Renard
pb	339	0379	7719442
entry	Pneumotanic Grémy
entry	Polyminéral Fort
pb	340	0380	7719443
entry	Pommade antihémorroïdale
entry	Pommade Aristargol D
pb	341	0381	7719444
entry	Pommade Lenoir
entry	Pommade Midy
pb	342	0382	7719445
entry	Pommade utérine
entry	Pommiode
pb	343	0383	7719446
entry	Poudre Escouflaire
entry	Préventyl
pb	344	0384	7719447
entry	Produits diététiques Favrichon
pb	345	0385	7719448
entry	Produits Gmet
pb	346	0386	7719449
entry	Propidon
entry	Prosthénase Galbrun
pb	347	0387	7719450
entry	Protéobiol Charron
entry	Proveinase Midy
pb	348	0388	7719451
entry	Proxytol. Proxystases
pb	349	0389	7719452
entry	Psinase Grémy
entry	Pulmocardine
pb	350	0390	7719453
entry	Pulmolysine Reymont
pb	351	0391	7719454
entry	Pyréthane
pb	352	0392	7719455
entry	Quassia-Kina Rabot
entry	Quiétol
pb	353	0393	7719456
entry	Quiétyl
entry	Quina Baron
pb	354	0394	7719457
entry	Quinby ». Quinio-Bismuth « Formule Aubry »
pb	355	0395	7719458
entry	Quinéase
entry	Quinéine
pb	356	0396	7719459
entry	Quinoforme Lacroix
entry	Quinoïdine Duriez
pb	357	0397	7719460
entry	Quinquina Gmet
entry	Radiolysine
pb	358	0398	7719461
entry	Reconstituant Mary
entry	Rectoline
pb	359	0399	7719462
entry	Rectopanbiline
pb	360	0400	7719463
entry	Régyl
entry	Rénaleptine
pb	361	0401	7719464
entry	Renotanic Grémy
entry	Résyl
pb	362	0402	7719465
entry	Rhagadine Bracquemond
entry	Rhéantine Lumière
pb	363	0403	7719466
entry	Rhésal Vicario
entry	Rhino-Menthol
pb	364	0404	7719467
entry	Rhizotanin Chapotot
entry	Rhodarsan
pb	365	0405	7719468
entry	Rhodazil
entry	Rhoféine
pb	366	0406	7719469
entry	Rhomnol
entry	Ricéyl Dygeon
pb	367	0407	7719470
entry	Riodine
entry	Rubyl
pb	368	0408	7719471
entry	Royérine Dupuy
pb	369	0409	7719472
entry	Rythmos Leysin
pb	370	0410	7719473
entry	Salasenyl
pb	371	0411	7719474
entry	Salène Ciba (et Salénal Ciba)
entry	Salsanos
pb	372	0412	7719475
entry	Salubrine Phénix
entry	Salyptol Narty
pb	373	0413	7719476
entry	Salysérum du Docteur Jules Séjournet
entry	Sambul-Gondard
pb	374	0414	7719477
entry	Sanoformine
entry	Santal Monal
pb	375	0415	7719478
entry	Santhéose
entry	Sapolan
pb	376	0416	7719479
entry	Saturol
entry	Sauge Gmet
pb	377	0417	7719480
entry	Scillarène « Sandoz »
entry	Scurocaïne
pb	378	0418	7719481
entry	Sécacornine « Roche »
pb	379	0419	7719482
entry	Sédatine Christiaens
pb	380	0420	7719483
entry	Scuroforme
entry	Sédatose. Tartrate horico-potassique du Docteur André Cigon
pb	381	0421	7719484
entry	Sédobrol « Roche »
pb	382	0422	7719485
entry	Sédogastrine
pb	383	0423	7719486
entry	Sédogène Sallé
entry	Sédol
pb	384	0424	7719487
entry	Sédoneurol Dehaussy
pb	385	0425	7719488
entry	Sédosine
entry	Sel digestif Bé-Me-Cé
pb	386	0426	7719489
entry	Sel de Hunt
entry	Séléniol
pb	387	0427	7719490
entry	Seotral Leysin
pb	388	0428	7719491
entry	Septicemine Cortial
pb	389	0429	7719492
entry	Sérum Ferrugineux Fraisse
entry	Sérum hypotensif Fraisse
pb	390	0430	7719493
entry	Sérum neurophile Thévenot
entry	Sérum névrosthénique Fraisse
pb	391	0431	7719494
entry	Sigmodine Grémy
pb	392	0432	7719495
entry	Silicyl
pb	393	0433	7719496
entry	Silisode
entry	Sinahin
pb	394	0434	7719497
entry	Sinrénaline Dehaussy
entry	Sirop de Blancard
pb	395	0435	7719498
entry	Sirop composé aux hypo-phosphites de Fellows
entry	Sirop du Docteur Gélineau
pb	396	0436	7719499
entry	Sirop Girard
entry	Sirop Gribell
pb	397	0437	7719500
entry	Sirop Lanchat
entry	Sirop de la maternité
pb	398	0438	7719501
entry	Sirop Préga
entry	Sirop « Roche » au Thiocol
pb	399	0439	7719502
entry	Sirop Teyssèdre
entry	Sistomensine Ciba
pb	400	0440	7719503
entry	Soderseïne
entry	Solubaïne
pb	401	0441	7719504
entry	Solution Laroyenne
pb	402	0442	7719505
entry	Somnifène « Roche »
pb	403	0443	7719506
entry	Soneryl
entry	Sorgal Thévenot
pb	404	0444	7719507
entry	Sornyl (Anciennement Sornaldéhyde)
pb	405	0445	7719508
entry	Spasmalgine « Roche »
pb	406	0446	7719509
entry	Spectrol
pb	407	0447	7719510
entry	Sphérulines « Moncour »
pb	408	0448	7719511
entry	Spirillan
entry	Splenotanic Grémy
pb	409	0449	7719512
entry	Stanion
entry	Stannoxyl
pb	410	0450	7719513
entry	Stannylose Thévenot
entry	Staphylase du Docteur Doyen
pb	411	0451	7719514
entry	Staphylo-coccine Fraquet
pb	412	0452	7719515
entry	Staphylocide Audras
pb	413	0453	7719516
entry	Sténergine
entry	Stéramine
pb	414	0454	7719517
entry	Stibyl
entry	Stomophile
pb	415	0455	7719518
entry	Stovaïne
entry	Stovarsol
pb	416	0456	7719519
entry	Strophantus Catillon
entry	Strychnal Longuet
pb	417	0457	7719520
entry	Strychnarsitol Robin
pb	418	0458	7719521
entry	Succomusculine Chaix
pb	419	0459	7719522
entry	Sulfarène
entry	Sulfargyre Thévenot
pb	420	0460	7719523
entry	Sulfoïdol Robin
entry	Sulfurion
pb	421	0461	7719524
entry	Sulfuryl Monal
entry	Suppargyres du Docteur Faucher
pb	422	0462	7719525
entry	Suppo-Gynals
entry	Suppositoires Chaumel
pb	423	0463	7719526
entry	Suppositoires Midy
pb	424	0464	7719527
entry	Suppositoires Pépet
entry	Surrénotanic Grémy
pb	425	0465	7719528
entry	Synergyl Vadam
pb	426	0466	7719529
entry	Synthol
pb	427	0467	7719530
entry	Tablettes oxymenthol Perraudin
entry	Tablette Perroud
pb	428	0468	7719531
entry	Tablettes de Phospharsol
entry	Tablettes-pilules de Brides
pb	429	0469	7719532
entry	Taburol Monal
entry	Taenifuge Kirn
pb	430	0470	7719533
entry	Tampol « Roche »
pb	431	0471	7719534
entry	Tartro-Bi « Roche »
pb	432	0472	7719535
entry	Taxol
entry	Tecarine
pb	433	0473	7719536
entry	Terkal Monal
entry	Tetranitrol Roussel
pb	434	0474	7719537
entry	Thalassotonine Vadam
entry	Thaolaxine
pb	435	0475	7719538
entry	Thébaïl
entry	Théobromose Dumesnil
pb	436	0476	7719539
entry	Théobryl « Roche »
pb	437	0477	7719540
entry	Théosalvose
entry	Théoxanthine
pb	438	0478	7719541
entry	Thigénol « Roche »
pb	439	0479	7719542
entry	Thiocol « Roche »
pb	440	0480	7719543
entry	Thionhydrol Grémy
entry	Thiopeptone du Docteur L. Bru
pb	441	0481	7719544
entry	Thymine
entry	Thyrénine Grémy
pb	442	0482	7719545
entry	Thyrocréine Grémy
entry	Tochlorine
pb	443	0483	7719546
entry	Tonikéine Chevretin
pb	444	0484	7719547
entry	Tot'Hamélis Chantereau
pb	445	0485	7719548
entry	Tréparsol
entry	Trépol
pb	446	0486	7719549
entry	Tribromure Gigon
pb	447	0487	7719550
entry	Tricalcine
pb	448	0488	7719551
entry	Tridigestine Dalloz
entry	Triféryl
pb	449	0489	7719552
entry	Trinitrine caféinée Dubois
entry	Trinitrine Roussel
pb	450	0490	7719553
entry	Trixyl Fraudin
entry	Tuberculine C. L
pb	451	0491	7719554
entry	Tubérol
pb	452	0492	7719555
entry	Tubes Dulcis
pb	453	0493	7719556
entry	Tubes du Docteur Guiraud (Anciennement Daviel)
entry	Ugéol
pb	454	0494	7719557
entry	Ugyl
entry	Ulmarène Gigon
pb	455	0495	7719558
entry	Uracétose
entry	Uraséol
pb	456	0496	7719559
entry	Uraseptine Rogier
entry	Urazine
pb	457	0497	7719560
entry	Urifluine
entry	Urilysone
pb	458	0498	7719561
entry	Urisanine
entry	Urnosol
pb	459	0499	7719562
entry	Urocédrol
entry	Uroformine Gobey
pb	460	0500	7719563
entry	Uroïodine
pb	461	0501	7719564
entry	Urométine Lambiotte Frères
entry	Urosan Dufayard
pb	462	0502	7719565
entry	Vaccin anti-asthmatique du Professeur Minet. Vaccin anti-pneumonique et anti-grippal polyvalent du Professeur Minet
pb	463	0503	7719566
entry	Vaccins atoxiques stabilisés
pb	464	0504	7719567
entry	Vaccins bactériens I. O. D (Procédés Ranque et Senez)
pb	465	0505	7719568
entry	Vaccins microbiens curatifs
pb	466	0506	7719569
entry	Vadérol
pb	467	0507	7719570
entry	Valbornine Rogier
entry	Valéral Puy
pb	468	0508	7719571
entry	Valérianate Grignon à odeur dissimulée
entry	Valérianate Pierlot
pb	469	0509	7719572
entry	Valériane Gmet
entry	Valérianose Gigon
pb	470	0510	7719573
entry	Valérobromine Legrand
entry	Valéromenthol
pb	471	0511	7719574
entry	Valéronal
pb	472	0512	7719575
entry	Vanadarsine Guillaumin
pb	473	0513	7719576
entry	Vanadine Chevrier
entry	Vanucléol
pb	474	0514	7719577
entry	Varilaxine
entry	Vasolaxine
pb	475	0515	7719578
entry	Veinargyre
entry	Veinosine
pb	476	0516	7719579
entry	Vériane Buriat
entry	Véronidia Buisson
pb	477	0517	7719580
entry	Verticurine
entry	Vin de Baudon
pb	478	0518	7719581
entry	Vin de Bugeaud
entry	Vin Girard
pb	479	0519	7719582
entry	Vin de Lavoix
entry	Vitamyl
pb	480	0520	7719583
entry	Xémaderm
pb	481	0521	7719584
entry	Yaourtine
entry	Yoghourt Lactella
pb	482	0522	7719585
entry	Zohol
entry	Zymatine Lescène
pb	pb	0523	7719586
pb	pb	0524	7719587
pb	sn	0525	7719588
entry	e Partie. Nomenclature nominale des spécialités pharmaceutiques médicales, avec noms et adresses de leurs fabricants
pb	486	0526	7719589
entry	A
pb	487	0527	7719590
pb	488	0528	7719591
pb	489	0529	7719592
entry	B
pb	490	0530	7719593
pb	491	0531	7719594
pb	492	0532	7719595
entry	C
pb	493	0533	7719596
pb	494	0534	7719597
pb	495	0535	7719598
pb	496	0536	7719599
pb	497	0537	7719600
entry	D
pb	498	0538	7719601
pb	499	0539	7719602
entry	E
pb	500	0540	7719603
pb	501	0541	7719604
pb	502	0542	7719605
entry	F
pb	503	0543	7719606
pb	504	0544	7719607
entry	G
pb	505	0545	7719608
pb	506	0546	7719609
pb	507	0547	7719610
entry	H
pb	508	0548	7719611
pb	509	0549	7719612
entry	I
pb	510	0550	7719613
entry	J
entry	K
pb	511	0551	7719614
entry	L
pb	512	0552	7719615
pb	513	0553	7719616
entry	M
pb	514	0554	7719617
pb	515	0555	7719618
entry	N
pb	516	0556	7719619
pb	517	0557	7719620
entry	O
pb	518	0558	7719621
entry	P
pb	519	0559	7719622
pb	520	0560	7719623
pb	521	0561	7719624
pb	522	0562	7719625
pb	523	0563	7719626
pb	524	0564	7719627
entry	Q
pb	525	0565	7719628
entry	R
pb	526	0566	7719629
entry	S
pb	527	0567	7719630
pb	528	0568	7719631
pb	529	0569	7719632
pb	530	0570	7719633
pb	531	0571	7719634
pb	532	0572	7719635
entry	T
pb	533	0573	7719636
pb	534	0574	7719637
pb	535	0575	7719638
entry	U
pb	536	0576	7719639
entry	V
pb	537	0577	7719640
pb	538	0578	7719641
entry	X
entry	Y
entry	Z
pb	sn	0579	7719642
pb	sn	0580	7719643
entry	Plat]
