pb	[s. pag.]	0001	5588178
pb	[s. pag.]	0002	5588179
pb	[s. pag.]	0003	5588180
pb	[s. pag.]	0004	5588181
pb	1	0005	5588182
entry	Dictionnaire universel de matière médicale et de thérapeutique générale
orth	Dictionnaire universel de matière médicale
orth	de thérapeutique générale
entry	O
entry	O-mants
entry	O-muggi
entry	Oack of Jerusalem
entry	Oaille
entry	Oak
entry	Oat
entry	Obah
entry	Obako
entry	Obeau
entry	Ober-zissen
entry	Obermendig
entry	Obersalzbrunn
entry	Oberwyl
entry	Obicho da terra
entry	Obier
entry	Obiezy swiat
entry	Obole
entry	Obrang
entry	Obre
pb	2	0006	5588183
entry	Obtondans
entry	Obturion
entry	Obvolvans
entry	Oca
entry	Occhi di granchio
entry	Ocet
entry	Ocha
entry	Ochar
entry	Ochion
entry	Ochna Jabotapita
entry	Ochnacées
entry	Ochne
entry	Ochra rubra
entry	Ochra Veneris
entry	Ochre
entry	Ochroma lagopus
entry	Ochrus
entry	Ochs
entry	Ochsenbrechhauhechel
entry	Ochsenbrechwurzel
entry	Ochsengalle
entry	Ochsenschmalz
pb	3	0007	5588184
entry	Ochsenzunge
entry	Ocimum
pb	4	0008	5588185
entry	Ockergetb
entry	Ocneros
entry	Ococol
entry	Ocotea
pb	5	0009	5588186
entry	Ocre
entry	Octopodia
entry	Ocularia
entry	Oculi cancrorum
entry	Oculus luciae
entry	Ocymastrum
entry	Ocymum
entry	Odad
entry	Odallam
entry	Odeboer
entry	Odermennig
entry	Odessa
entry	Odeurs
pb	6	0010	5588187
pb	7	0011	5588188
entry	Odina pinnata
entry	Odollam
entry	Odontalgiques
pb	8	0012	5588189
pb	9	0013	5588190
entry	Odontiques
entry	Odontitis
entry	Odontotrime
entry	Odorbrion
entry	Oduoc
entry	Oebletroe
entry	Oebrodd
entry	Oedicnemus
entry	Oedla
entry	Oegagropile
entry	Oegentroest
entry	Oeienrod valerian
entry	Oeil
entry	Oeillet
entry	Oeillette
entry	Oekta fioler
entry	Oelb
entry	Oelg
entry	Oelt groes
pb	10	0014	5588191
entry	Oenanthe
pb	11	0015	5588192
pb	12	0016	5588193
pb	13	0017	5588194
entry	Oenaria
entry	Oenas
entry	Oenelaeum
entry	Oengsyra
entry	Oenkjes
entry	Oenocarpus
entry	Oenogala
entry	Oenolés
entry	Oenomel
entry	Oenoplia
entry	Oenos
pb	14	0018	5588195
entry	Oenothera biennis
entry	Oenus
entry	Oepata
entry	Oer-han
entry	Oerliken
entry	Oeschynomene
entry	Oesping
entry	Oestrus
entry	Oesypus
entry	Oethusa
entry	Oeti
entry	Oetites
entry	Oetum
entry	oeuf
pb	15	0019	5588196
entry	Oeuf
pb	16	0020	5588197
pb	17	0021	5588198
pb	18	0022	5588199
pb	19	0023	5588200
entry	Oeun plany ssafran
entry	Ofenruss
entry	Offa alba
entry	Offen
entry	Officier
entry	Officinal valerian
entry	Officinales
entry	Officinaux
pb	20	0024	5588201
entry	Offon
entry	Ogen
entry	Ogheghe
entry	Ognon
entry	Ogorek
entry	Ogrodnigzek
entry	Oherville
entry	Ohn-vogel
entry	Oi
entry	Oie
entry	Oientroest
entry	Oignon
entry	Oil beetle
entry	Oil of olive
entry	Oiseaux
pb	21	0025	5588202
entry	Oison
entry	Ojo
entry	Ojos de cangrejos
entry	Okaitsok
entry	Oknos
entry	Okon
entry	Okor
entry	Okerum
entry	Okra
entry	Okurky
entry	Ol
entry	Olacinées
entry	Olampi
entry	Oland
entry	Olass-dio
entry	Olax zeylanica
entry	Olbersdorf
entry	Oldenlandia
pb	22	0026	5588203
entry	Olea
pb	23	0027	5588204
pb	24	0028	5588205
pb	25	0029	5588206
pb	26	0030	5588207
pb	27	0031	5588208
pb	28	0032	5588209
pb	29	0033	5588210
entry	Oleago
entry	Oleander
entry	Oleaster
entry	Oléates
entry	Oléfiant
entry	Oleggio
entry	Oléine
pb	30	0034	5588211
entry	Oléique
entry	Olen
entry	Oleo
entry	Oléo-margarates
entry	Oléo-résines
entry	Oléo-sa charats
entry	Oleo-Saccharum
entry	Oleron
entry	Olesnik
entry	Olessnjk
entry	Olette
entry	Oletum
entry	Oleum
pb	31	0035	5588212
entry	Oley
entry	Oli-merle
entry	Oliban
entry	Olida
entry	Olidaire
entry	Olie bille
entry	Olier
entry	Oligochloron
entry	Olinde
entry	Olinet
entry	Olio puzzolo
entry	Olivarda
entry	Olivastro
entry	Olive
entry	Olivenoel
entry	Oliveties
entry	Olivier
pb	32	0036	5588213
entry	Olivile
entry	Olkonge
entry	Olm
entry	Olmitello
entry	Olmo
entry	Olonetz
entry	Olonier
entry	Olor
entry	Olow
entry	Olowo
entry	Olsnitium
entry	Olsza
entry	Olus
entry	Olusatrum
entry	Olyfoly
entry	Olyra
entry	Omaid
entry	Omanowy
entry	Ombelico di venere
entry	Ombelle de la Caroline
entry	Ombellifères
pb	33	0037	5588214
pb	34	0038	5588215
entry	Ombilic marin
entry	Omble
entry	Ombliguera
entry	Ombre
entry	Ombrine
entry	Omelette
entry	Omenapo-yeima
entry	Ominamisi
entry	Omodaka
entry	Omphacine
entry	Omphacite
entry	Omphacium
entry	Omphacomeli
entry	Omphalea diandra
pb	35	0039	5588216
entry	Omphalocarpon
entry	Omphalodes
entry	Omul
entry	Onabouboué
entry	Onager
entry	Onagra
entry	Onagraires
entry	Onagrées
entry	Onaiboubou
entry	Onamaki
entry	Onanicar
entry	Onbave
entry	Once
entry	Oncoba spinosa
pb	36	0040	5588217
entry	Onctions
entry	Oncus esculentus
entry	Ondatra
entry	Ondettoutaque
entry	One berry
entry	Onebouhou
entry	Onegansi
entry	Onenio
entry	Ongle
pb	37	0041	5588218
entry	Onguella
entry	Onguent à pian
entry	Onguens
pb	38	0042	5588219
entry	Onguentaire
entry	Onin
entry	Onion
entry	Oniscus
pb	39	0043	5588220
pb	40	0044	5588221
pb	41	0045	5588222
entry	Onites
entry	Onitoulele
pb	42	0046	5588223
entry	Onix
entry	Onkob
entry	Onnab
entry	Onneb
entry	Onnianga pixerica
entry	Onobleton
entry	Onobrychis sativa
entry	Onocardion
entry	Onochiles
entry	Onocleia
entry	Onocrotalus
entry	Onogiros
entry	Ononis spinosa
pb	43	0047	5588224
entry	Onopordum
pb	44	0048	5588225
entry	Onopteris
entry	Onopyxos
entry	Onos
entry	Onosma echioides
entry	Onotho
entry	Onoto
entry	Ontanum
entry	Onto
entry	Onycou
entry	Onyra
entry	Onyx
entry	Onzer vrouwen mantel
entry	Oobar
entry	Ooderée vaynghie
entry	Oogala
entry	Oogentroost
entry	Ooghai puttay
entry	Ooli
entry	Oolithe
entry	Oomatay
entry	Oonin
entry	Ooppoo
entry	Oosterschulp
entry	Ootes
entry	Opale
pb	45	0049	5588226
entry	Openauck
entry	Opercula cochlearum
entry	Opercule
entry	Operculum
entry	Ophidiens
entry	Ophidion
entry	Ophioglossum
entry	Ophiorrhiza mungos
pb	46	0050	5588227
entry	Ophiostaphylon
entry	Ophioxylon serpentinum
pb	47	0051	5588228
entry	Ophites
entry	Ophrys
entry	Ophthalmiques
pb	48	0052	5588229
entry	Opiats
entry	Opich gorny
entry	Opionka
entry	Opium
pb	49	0053	5588230
pb	50	0054	5588231
pb	51	0055	5588232
pb	52	0056	5588233
pb	53	0057	5588234
pb	54	0058	5588235
pb	55	0059	5588236
pb	56	0060	5588237
pb	57	0061	5588238
pb	58	0062	5588239
pb	59	0063	5588240
pb	60	0064	5588241
pb	61	0065	5588242
pb	62	0066	5588243
pb	63	0067	5588244
pb	64	0068	5588245
pb	65	0069	5588246
pb	66	0070	5588247
entry	Opobalsamo
entry	Opocalpasum
entry	Opopanaco
entry	Opopanax
entry	Opsago
entry	Opsantha
entry	Optyx
entry	Opulus
entry	Opuntia
entry	Or
pb	67	0071	5588248
pb	68	0072	5588249
pb	69	0073	5588250
pb	70	0074	5588251
pb	71	0075	5588252
pb	72	0076	5588253
pb	73	0077	5588254
pb	74	0078	5588255
pb	75	0079	5588256
pb	76	0080	5588257
pb	77	0081	5588258
pb	78	0082	5588259
pb	79	0083	5588260
pb	80	0084	5588261
pb	81	0085	5588262
pb	82	0086	5588263
pb	83	0087	5588264
pb	84	0088	5588265
pb	85	0089	5588266
pb	86	0090	5588267
pb	87	0091	5588268
pb	88	0092	5588269
entry	Ora
entry	Oran
entry	Orange
pb	89	0093	5588270
entry	Oramge de terre
entry	Orangeade
entry	Orangers
entry	Orant
entry	Orata
entry	Orates
entry	Orayuri
entry	Orbe
entry	Orbesina
entry	Orbis
entry	Orbota
entry	Orca
entry	Orcanette
pb	90	0094	5588271
pb	91	0095	5588272
entry	Orcelle
entry	Orchidées
pb	92	0096	5588273
entry	Orchis
pb	93	0097	5588274
pb	94	0098	5588275
pb	95	0099	5588276
entry	Orcyon
entry	Ordi
entry	Ordillon
entry	Ordonnance
entry	Oreb
entry	Oregano
entry	Oreille
entry	Oreillère
entry	Orel
entry	Orelha de gato
entry	Orelia
entry	Orellana
entry	Oreni
entry	Orense
pb	96	0100	5588277
entry	Oreodoxa regia
entry	Oreomelia
entry	Oreoselinum
entry	Orestion
entry	Orezza
pb	97	0101	5588278
entry	Orfota
entry	Orfraie
entry	Organon
entry	Orge
entry	Orgé
entry	Orgeade
pb	98	0102	5588279
entry	Orglisse
entry	Oriachloe
entry	Oricia
entry	Orientalische anakardie
entry	Origanum
pb	99	0103	5588280
pb	100	0104	5588281
pb	101	0105	5588282
entry	Origeron
entry	Orignal des Canadiens
entry	Orilatamaray
entry	Orillette
entry	Orio
entry	Oriolus galbula
entry	Ork jena
entry	Orkhoda
entry	Orleana
entry	Orléans
entry	Orliénas
entry	Ormbarktroee
entry	Ormbunke
entry	Orme
entry	Orminio
entry	Ormort
entry	Ormbot
entry	Orn
entry	Orne
entry	Ornithogalum umbellatum
pb	102	0106	5588283
entry	Ornithoglossa
entry	Ornithopus scorpioide
entry	Ornithrophe
entry	Ornoglossum
entry	Ornus
entry	Oro
entry	Orobanche
pb	103	0107	5588284
entry	Orobias
entry	Orobus
entry	Oronbunke
entry	Oroneta
entry	Oronge
pb	104	0108	5588285
entry	Orontium
entry	Oropendola
entry	Orphie
entry	Orpiment
entry	Orpin
entry	Orpine
entry	Orrar
entry	Orrhagogon
entry	Orrhopissa
entry	Orseille
entry	Orso
entry	Ort
entry	Orta
entry	Ortez
entry	Orthoptères
entry	Orthragoriscus
entry	Ortica
entry	Ortie
entry	Ortiga
entry	Ortolan
entry	Ortyon
pb	105	0109	5588286
entry	Orucoria
entry	Orval
entry	Orvale
entry	Orvets
entry	Oryx des anciens
entry	Oryza sativa
pb	106	0110	5588287
pb	107	0111	5588288
pb	108	0112	5588289
pb	109	0113	5588290
entry	Orzada
entry	Orzaga
entry	Orzechi wodoe
entry	Orzella
entry	Orzeszina wloska
entry	Orzil
entry	Orzo
entry	Os
pb	110	0114	5588291
entry	Oschar
entry	Oseille
entry	Oseillete
entry	Osel
entry	Osère
entry	Osfraie
entry	Oshac
entry	Oshba
entry	Osiada
entry	Osier
pb	111	0115	5588292
entry	Osium
entry	Osjiroi
entry	Osladyc
entry	Osmazome
pb	112	0116	5588293
entry	Osmites camphorina
entry	Osmium
pb	113	0117	5588294
entry	Osmunda
pb	114	0118	5588295
entry	Osoror
entry	Osphronemus olfax
entry	Osprion
entry	Ossa deusta
entry	Ossar
entry	Ossara rewund
entry	Ossea
entry	Ossenbrecke
entry	Ossicocco
entry	Ossifraga
entry	Ossifragum
entry	Ossimuriatico
entry	Ossisettonico
entry	Osso
entry	Osson
entry	Ossuna
entry	Osteites
entry	Osteocolla
pb	115	0119	5588296
entry	Osteocollon
entry	Ostercatcher
entry	Ostericum
entry	Osteritium
entry	Osterlucy
entry	Osterode
entry	Ostindische
entry	Ostiocolla
entry	Ostmary
entry	Ostracés
entry	Ostracion
entry	Ostracites
pb	116	0120	5588297
entry	Ostralega
entry	Ostranz
entry	Ostrea
pb	117	0121	5588298
pb	118	0122	5588299
pb	119	0123	5588300
pb	120	0124	5588301
pb	121	0125	5588302
pb	122	0126	5588303
pb	123	0127	5588304
pb	124	0128	5588305
pb	125	0129	5588306
entry	Ostréites
entry	Ostreum
entry	Ostrich
entry	Ostrokzow
entry	Ostronskal
entry	Ostropest
entry	Ostruthium
entry	Ostruzini
entry	Osyris
entry	Ota-pullu
entry	Otarde
entry	Othonna
entry	Otiques
entry	Otis
pb	126	0130	5588307
entry	Otites
entry	Otoba
entry	Otorno
entry	Otos
entry	Otrik
entry	Otruche
entry	Otter
entry	Otus
entry	Ou-kieou
entry	Ou-poey-tse
entry	Oualo
entry	Ouandou
entry	Ouate
entry	Oubou
entry	Ouchag
entry	Oud-essym
entry	Oue
entry	Ouebouhou
entry	Oufouse
entry	Ougoudki
entry	Oui
entry	Ouilly
entry	Oulan-boulak
entry	Oular caron
pb	127	0131	5588308
entry	Ouleoumelé
entry	Ouliera
entry	Ouln
entry	Oulouc
entry	Ouloundou
entry	Oume
entry	Oumegal
entry	Oumines
entry	Ounce
entry	Ounias
entry	Oupada
entry	Our
entry	Ourai
entry	Ourax
entry	Ourdon
entry	Ouregao
entry	Ourétique
entry	Ouri
entry	Ouriagou
entry	Ourile
entry	Ourizo
entry	Ourlon
entry	Ourocournerepa
entry	Ourou
entry	Ourry-palaï
entry	Ours
entry	Oursin
entry	Oursine
entry	OUrtigo
entry	Ourtoulan
entry	Ouryagou
entry	Ouscioc
entry	Outarde
entry	Outenu
entry	Outha
entry	Outremer
entry	Outres de mer
entry	Ouvi
pb	128	0132	5588309
entry	Ouze
entry	Ouzel
entry	Ova piscium
entry	Oval-leaved rosebay
entry	Ovaria
entry	Overblyvende madeleven
entry	Overgne
entry	Ovillum pecus
entry	Ovis
pb	129	0133	5588310
pb	130	0134	5588311
pb	131	0135	5588312
entry	Ovisfera
entry	Ovivau
entry	Ovo di gallina
entry	Ovum
entry	Owando
entry	Owca
entry	Owen
entry	Owes
entry	Owewaer
entry	Ox
entry	Oxacides
entry	Oxalates
entry	Oxalis
pb	132	0136	5588313
pb	133	0137	5588314
pb	134	0138	5588315
entry	Oxalium
entry	Oxamide
entry	Oxedrif
entry	Oxegalde
entry	Oxei
entry	Oxelaeum
entry	Oxeloegg
entry	Oxéolés
entry	Oxgal
entry	Oxide
entry	Oxodes
entry	Oxtungue
entry	Oxy-septonique
entry	Oxya
entry	Oxyacantha
entry	Oxycarpus
entry	Oxycèdre
entry	Oxychlorures
pb	135	0139	5588316
entry	Oxycoccos
entry	Oxycrat
entry	Oxyde
pb	136	0140	5588317
entry	Oxygala
entry	Oxygène
pb	137	0141	5588318
pb	138	0142	5588319
pb	139	0143	5588320
pb	140	0144	5588321
pb	141	0145	5588322
pb	142	0146	5588323
pb	143	0147	5588324
pb	144	0148	5588325
pb	145	0149	5588326
pb	146	0150	5588327
pb	147	0151	5588328
pb	148	0152	5588329
entry	Oxylapathum
entry	Oxymalva
entry	Oxymellites
entry	Oxymels
entry	Oxymirsine
entry	Oxymuriates
pb	149	0153	5588330
entry	Oxypetra
entry	Oxyphania
entry	Oxyphyllum
entry	Oxyques
entry	Oxyrinchus des anciens
entry	Oxyrique
entry	Oxys
entry	Oxysaccharum
entry	Oxysulfure
entry	Oxytartre
entry	Oxytemos
entry	Oxytoca
entry	Oye
entry	Oyevaert
entry	Oyot manis
entry	Oyster schell
entry	Oyugona
entry	Ozabr
entry	Ozanka
entry	Ozarne ziele
entry	Ozel
entry	Ozymum
entry	P
entry	Pa-co-hu huei-hiam
entry	Pa-cul-che
entry	Pa-cyao
entry	Pa-lo-mey
entry	Pa-ma
entry	Paa-tsyans
entry	Paafuel
entry	Paak
entry	Paakarikhou
entry	Paan
entry	Paapenkruid
entry	Paapeta
entry	Paapuin
entry	Paardenkastanie
entry	Paarsch vingerhoed
entry	Paca
entry	Pacab
pb	150	0154	5588331
entry	Pacae
entry	Pacal
entry	Pacane
entry	Paccoo-Bendo
entry	Pachar
entry	Pachéee
entry	Pachira aquatica
entry	Pachuntiques
entry	Pachutschaja
entry	Pachydermes
entry	Pachyphylla
entry	Pachyrise
entry	Pacinira
entry	Paclas
entry	Paco
entry	Pacolet
entry	Pacona
entry	Pacoseroca
entry	Pacouri-rana
entry	Pacouria guianensis
entry	Pacourii
entry	Pacourina edulis
pb	151	0155	5588332
entry	Pacova
entry	Pacoyuyu
entry	Pacquo
entry	Pacu-utan
entry	Pacurero
entry	Pada
entry	Padda-Daba
entry	Paddicara
entry	Paddock-Stool
entry	Paderborn
entry	Padjajia
entry	Pado
entry	Padoovrooang
entry	Padoue
entry	Padre
entry	Padreiro
entry	Padri
entry	Padridge berry
entry	Padrie-Vayr
entry	Padus
pb	152	0156	5588333
pb	153	0157	5588334
pb	154	0158	5588335
pb	155	0159	5588336
pb	156	0160	5588337
pb	157	0161	5588338
pb	158	0162	5588339
pb	159	0163	5588340
entry	Padzehr kanie
entry	Pae de aloes
entry	Paederia foetida
pb	160	0164	5588341
entry	Paenoe
entry	Paeonia
pb	161	0165	5588342
pb	162	0166	5588343
entry	Paeru
entry	Pagala
entry	Pagamacera
entry	Pagapate
entry	Pagaro
entry	Pagasa
pb	163	0167	5588344
entry	Pagatowr
entry	Pageau
entry	Pagella
entry	Paghadum
entry	Pagimirioba
entry	Pagode
entry	Pagoneton
entry	Pagoni
entry	Pagre
entry	Pagurus
entry	Pahaha
entry	Pai-paraea
entry	Paianeli
entry	Paica
entry	Paigné
entry	Paille
pb	164	0168	5588345
entry	Paimpol
entry	Pain
pb	165	0169	5588346
pb	166	0170	5588347
entry	Paina-schulli
entry	Pajomirioba
entry	Paipa
entry	Paiparoca
entry	Pais
entry	Paisse
entry	Pajarilla
entry	Pakkuah
entry	Pal-modecca
entry	Pala
pb	167	0171	5588348
entry	Palacat
entry	Palaemon
entry	Palagonia
entry	Palaio
entry	Palais
entry	Palak
entry	Palala
entry	Palamedea cornuta
entry	Palametirri
entry	Palampissa
entry	Palan
entry	Palandu
entry	Palang kilunggu
entry	Palara
entry	Palasa
entry	Palatinat
pb	168	0172	5588349
entry	Palay
entry	Palca
entry	Palée
entry	Palendra bolum
entry	Paleng
entry	Palerme
entry	Palétation
pb	169	0173	5588350
entry	Palette
entry	Paletuvier
entry	Palicourea
entry	Palillo
entry	Palimpissa
entry	Palinot
entry	Palinure
entry	Palixandre
entry	Palla
entry	Palladium
pb	170	0174	5588351
entry	Palliatifs
pb	171	0175	5588352
entry	Palm-vine
entry	Palma-christi
entry	Palmanicum
entry	Palmiers
pb	172	0176	5588353
pb	173	0177	5588354
pb	174	0178	5588355
entry	Palmipèdes
entry	Palmula indica
entry	Palo
pb	175	0179	5588356
entry	Paloma
entry	Palomaria
entry	Palomet
entry	Palomilla
entry	Palommier
entry	Paloopaghel-Kalung
entry	Palos
entry	Palourde
entry	Palqui
entry	Palsternacka
entry	Paltam
entry	Paltas
entry	Paludapium
entry	Palumbus
entry	Paluszniczek
entry	Pam
entry	Pambe
entry	Pamea guianensis
entry	Pamelle
entry	Pamiers
entry	Pamoulo
entry	Pampax
entry	Pampe
entry	Pampelmouse
entry	Pamphanes
entry	Pampi
entry	Pampinus
entry	Pamplina
entry	Pan
entry	Pana
entry	Panacée
pb	176	0180	5588357
pb	177	0181	5588358
entry	Panache
entry	Panaguiao
entry	Panais
entry	Paname
entry	Panasu
entry	Panatage
entry	Panave
entry	Panax
pb	178	0182	5588359
entry	Panaxgummi
entry	Pancaga
entry	Pancalier
entry	Pancarpon
entry	Pancaseolus
entry	Panchadara
entry	Panchreste
entry	Panchymagogues
pb	179	0183	5588360
entry	Panchymagogum minerale
entry	Pancopal
entry	Pancoro
entry	Pancrace de Barbarano (St)
entry	Pancratium verum
entry	Panda
pb	180	0184	5588361
entry	Pandacaqui
entry	Pandan
entry	Pandanées
pb	181	0185	5588362
entry	Pandi
entry	Pandlon
entry	Pandour
entry	Pandraux
entry	Pandur
entry	Pane
entry	Panel
entry	Panfourmen
entry	Pangium Rumphii
entry	Pangnagason
entry	Pangue
entry	Pangué
entry	Panic
entry	Panicaut
entry	Panichekai
entry	Panicum
pb	182	0186	5588363
pb	183	0187	5588364
entry	Panios
entry	Panis
entry	Panizo negro
entry	Panja
entry	Pankama
entry	Panke
entry	Pankejur
entry	Pankot
entry	Pannagh
entry	Pannangkulloo
entry	Panne
entry	Panneh dodang
entry	Panococo
entry	Panoma
entry	Panouil
entry	Panoven-tsierava
entry	Pansar
entry	Pantachates
entry	Pantacouste
entry	Pantagogues
entry	Pantagrurlion
entry	Pante cobra
entry	Panterno
entry	Panthera
entry	Panthère
entry	Pantoufle
entry	Pantouflier des Nègres
entry	Panukohumba
entry	Pao
pb	184	0188	5588365
entry	Paofogel
entry	Paon
entry	Paoncello
entry	Paonga
entry	Paotchong
entry	Paounassa
entry	Papa
entry	Papagaio
entry	Papagalli
entry	Papalu
entry	Papangaye
entry	Papangho
entry	Papapara
entry	Papara
entry	Papaver
pb	185	0189	5588366
pb	186	0190	5588367
pb	187	0191	5588368
pb	188	0192	5588369
pb	189	0193	5588370
pb	190	0194	5588371
pb	191	0195	5588372
pb	192	0196	5588373
pb	193	0197	5588374
pb	194	0198	5588375
pb	195	0199	5588376
pb	196	0200	5588377
pb	197	0201	5588378
entry	Papavéracées
entry	Papavero
entry	Papaye
entry	Papazzino
entry	Papeeta
entry	Papier
pb	198	0202	5588379
entry	Papilio
entry	Papillaris
entry	Papillionacées
entry	Papillon
entry	Papio
entry	Papiru
entry	Papitza
entry	Papoileira
entry	Papolghaha
entry	Paponge
entry	Pappel
entry	Pappelknoepfe
entry	Pappenkraut
entry	Paproc
entry	Paprotka
entry	Papuga
entry	Paput
entry	Papyrier
entry	Papyrius
entry	Papyrus
entry	Paquerette
entry	Paquette
entry	Paquio de santa crux
entry	Paquover
pb	199	0203	5588380
entry	Para
entry	Paracaus
entry	Paracévatiques
entry	Paracoccalon
entry	Paracuellos
entry	Parad
entry	Parada
entry	Paradacry
entry	Paradiesholz
entry	Paradis
entry	Paradysvisch
entry	Paraguatan
entry	Parah
entry	Paraïba
entry	Paraisa
entry	Paraka
entry	Parala
entry	Paralios
entry	Paraliseos
entry	Paranda
entry	Paranga-jaca
entry	Parapar
entry	Pararo
entry	Parasol
entry	Parat
entry	Parati apia
entry	Paratie vayr
pb	200	0204	5588381
entry	Paratodo
pb	201	0205	5588382
entry	Paratura
entry	Paravas
entry	Paraveris
entry	Parchita
entry	Parcike
entry	Parcul
entry	Parcus
entry	Pardalianches
entry	Pardalios
entry	Pardalis
entry	Pardoux (Saint)
entry	Pardus
entry	Pardwa
entry	Parégoriques
entry	Parrira
pb	202	0206	5588383
entry	Parelle
entry	Paresseux
entry	Parfums
entry	Parghi
entry	Pargneau
entry	Pariatacu
entry	Parietaria
pb	203	0207	5588384
entry	Pariette
entry	Parigline
entry	Parili
pb	204	0208	5588385
entry	Parinarium senegalense
entry	Paringay puttay
entry	Paringhi sambrani
entry	Pariparobo
entry	Paripou
entry	Paris
pb	205	0209	5588386
entry	Parisataco
entry	Parise (Saint-)
pb	206	0210	5588387
entry	Parisetta
entry	Parisiole
entry	Parisola domestica
entry	Paritaire
entry	Pariti
entry	Parix
entry	Parkia africana
entry	Parkinsonia aculeata
entry	Parmelia saxatilis
entry	Parménie
entry	Parmentière
entry	Parnassia palustris
entry	Parobo
entry	Parocho
entry	Paronychia
pb	207	0211	5588388
entry	Paronychiées
entry	Paronzino
entry	Parote
entry	Parouti
entry	Parqui
entry	Parra
entry	Parrang
entry	Parrot
entry	Parsacre
entry	Parsee cunjamkoray
entry	Parsi vadomvittulu
entry	Parsleyi
entry	Parssty
entry	Parst
entry	Parszoz porstinaski
entry	Parthenis
entry	Parthenion
entry	Partrenium
entry	Partridge
entry	Parula
entry	Parus
pb	208	0212	5588389
entry	Parussina
entry	Parygra
entry	Pas d'âne
entry	Pasahb
entry	Pasas
entry	Pascan
entry	Paschuin pa al
entry	Pascula
entry	Pasen
entry	Paseng
entry	Pasote
entry	Paspalon
entry	Paspalum
entry	Pasque flower
entry	Passa
entry	Passae
entry	Passalus
entry	Passapu
entry	Passapuvenny
entry	Passara
entry	Passarage
entry	Passarum kowu
entry	Passe
pb	209	0213	5588390
entry	Passelie keeray
entry	Passer
entry	Passerat
entry	Passereaux
entry	Passerina
entry	Passeron
entry	Passiflora
pb	210	0214	5588391
pb	211	0215	5588392
entry	Passtenak
entry	Passulae
pb	212	0216	5588393
entry	Passum
entry	Passy
pb	213	0217	5588394
pb	214	0218	5588395
pb	215	0219	5588396
entry	Pasté
entry	Pastel
entry	Pastellus herba
entry	Pastenade
entry	Pastenago
entry	Pastenargo
entry	Pastèque
entry	Pasetnak
entry	Pastilles
pb	216	0220	5588397
entry	Pastinaca
pb	217	0221	5588398
pb	218	0222	5588399
entry	Pastisson
entry	Pasturacaos
entry	Pat-kola
entry	Pata
entry	Patade gallareta
entry	Patacas
entry	Patache
entry	Patade
entry	Pataghi
entry	Patagon
entry	Patalos
entry	Patam
entry	Pataoua
entry	Patarola
entry	Patascio
entry	Patata
pb	219	0223	5588400
entry	Patate
entry	Patchouly
entry	Pateca
entry	Patella
entry	Pate notier
entry	Pater noster
entry	Paterno
pb	220	0224	5588401
entry	Pates
entry	Patico
entry	Patience
entry	Patillo
entry	Patin
entry	Patiraja
entry	Patisson
entry	Patjar-tjulang
entry	Patlisana
entry	Pato
entry	Patoug
entry	Patranga
entry	Patraque
entry	Patron des maréchaux et des charbonniers
orth	Patron des maréchaux
orth	des charbonniers
entry	Patrushi
entry	Patte
entry	Pature de chameau
entry	Paturin
entry	Paturon
entry	Paty
entry	Patzisiranda
pb	221	0225	5588402
entry	Pau de sangue
entry	Paul-de-Fenouillèdes (Saint)
entry	Paulinia
pb	222	0226	5588403
entry	Paume Dieu
entry	Paumelle
entry	Paumoulo
entry	Pauw
entry	Pavala poola
entry	Pavalum
entry	Pavana
entry	Pavanum (lignum)
entry	Pavara
entry	Pavarezza
entry	Pavate
entry	Pavée
entry	Pavel
entry	Pavetta indica
entry	Pavia
entry	Pavie
entry	Paviota
entry	Pavo
pb	223	0227	5588404
entry	Pavonia
entry	Pavot
pb	224	0228	5588405
entry	Pavoun
entry	Pavuttay-vayr
entry	Paw
entry	Paxarilla
entry	Paxaro
entry	Pay-ton-kay
entry	Payas
entry	Payco
entry	Payerou
entry	Paymoostay
entry	Pays-Bas
entry	Paz
entry	Pazan
entry	Pazar
entry	Pazienzia
entry	P. E.
entry	Pe-la-chu
entry	Pe-tsai
entry	Pe-tsf
entry	Pea
entry	Peach
entry	Peachtree
entry	Peau
pb	225	0229	5588406
entry	Pebermynte
entry	Peberou
entry	Peberrod
entry	Pébré
entry	Pec
entry	Pécacau
entry	Pecari
entry	Pece
entry	Pecegueira
entry	Pêche
entry	Pêche-Bernard
entry	Pêche-Martin
entry	Pechietto
entry	Pechina
entry	Pechlaumet
entry	Pechurim
entry	Pecora
entry	Pecten
pb	226	0230	5588407
entry	Pectines
entry	Pecton
entry	Pectoraux
entry	Pectunculus
entry	Pedagaggi
entry	Pedalium murex
pb	227	0231	5588408
entry	Pedane
entry	Pedda gillakara
entry	Peddie
entry	Pédiculariées
entry	Pedicularis
pb	228	0232	5588409
entry	Pediculus
entry	Pedilanthus padifolius
entry	Pédiluves
pb	229	0233	5588410
pb	230	0234	5588411
entry	Pédiveau
entry	Pedorilla
entry	Pedra del porco
entry	Pedrahume
entry	Pedras Salgadas
entry	Pedro dosul (San)
entry	Pedro de vassar
entry	Pedunculus
entry	Pée
entry	Peea-rack-eliou
entry	Peerahi vayr
entry	Peersaat
entry	Peetandali-cotti
entry	Pefaulina
entry	Pega
entry	Pegajosa
entry	Peganelaeon
entry	Peganion
entry	Peganum harmala
pb	231	0235	5588412
entry	Pegimel
entry	Pegrina
entry	Peïce
entry	Peiden
entry	Peigne
entry	Peintade
entry	peitschenstock
entry	Pekaim
entry	Pekao
entry	Pekea butyrosa
entry	Pekia
entry	Péko
entry	Pela
entry	Pelamis
entry	Pelargonium
entry	Pelargos
entry	Pelecanus
pb	232	0236	5588413
entry	Pelegrine
entry	Peleias
entry	Pélerin
entry	Pelesarie
entry	Pélican
entry	Pelinek
entry	Peliot
entry	Pelitre
entry	Pella
entry	Pellegrino (Saint-)
entry	Pellitory of spain
entry	Pelon-ichiatl-oquitli
entry	Peloria
entry	Peloris
entry	Pelosella
entry	Pelossier
entry	Pelotte
entry	Peltidea
entry	Peltigera aphthosa
entry	Peltram
entry	Pelusso
entry	Pemayrutie
entry	Pen-ainsé
entry	Pen-yellwin
pb	233	0237	5588414
entry	Penaea
entry	Penagareia
pb	234	0238	5588415
entry	Penala
entry	Penamacor
entry	Penang
entry	Penchinado
entry	Penchinillo
entry	Pendolino
entry	Pene
entry	Pengekrud
entry	Pengeurt
entry	Pénides
entry	Peninim
entry	Penis
entry	Penjzek aneb sedlsak horcice
entry	Penkewa
entry	Penning kruid
entry	Penningegroes
entry	Penningeoert
entry	Penny
entry	Penon-absou
entry	Penon de Los Banos
entry	Pensaire
entry	Pensamientos
entry	Pensée
pb	235	0239	5588416
entry	Pensylvanie
entry	Pentadactylon
entry	Pentadryon
entry	Pentagruelion
entry	Pentaphylloides
entry	Pentaphyllum
entry	Pentorobon
entry	Peone
entry	Peparmynta
entry	Peparoer
entry	Pépastiques
entry	Pepe
entry	Pepenboom
entry	Peper
entry	Peperello bobrasso
entry	Peperminte
entry	Peperomia
entry	Peperone
entry	Peperur
entry	Pepingos
entry	Pépins
entry	Pépites
entry	Peplion
entry	Peplios
entry	Peplus
entry	Pepo
entry	Pepoodel
entry	Peppar
entry	Pepparrot
entry	Pepper
entry	Peppermint
entry	Peprowa mata
entry	Peptiques
entry	Pépu
entry	Pequea
entry	Per
pb	236	0240	5588417
entry	Pera
entry	Peragu
entry	Peragua
entry	Perak
entry	Peratodo
entry	Perbel
entry	Perca
pb	237	0241	5588418
entry	Percarbures
entry	Perce
entry	Percerat
entry	Perche
entry	Perches
entry	Perchlorique
entry	Percussion
entry	Percy
entry	Perdetum
entry	Perdicium brasiliense
entry	Perdigal
pb	238	0242	5588419
entry	Perdix
entry	Perdreau
entry	Perdrix
entry	Pere aretei
entry	Perebecenu
entry	Perelle
entry	Perejil
entry	Perempalk
entry	Perengo
entry	Pereole
entry	Pérépéré
entry	Pereskia
entry	Perettes
entry	Perexil
entry	Pereyra
entry	Perez
entry	Perfolhada
entry	Perfoliata
entry	Perforata
entry	Pergalia
entry	Pergularia edulis
entry	Periamma
entry	Perichrisis
entry	Periclymenum
entry	Perié toutti
entry	Perifollo
entry	Périgord
entry	Périgueux
pb	239	0243	5588420
entry	Perikum
entry	Perim-kaku-valli
entry	Perimaram
entry	Perin-kara
entry	Perin panel
entry	Périne vierge
entry	Peringlo
entry	Perivtoddalis
entry	Periodures
entry	Priparoba
entry	Periploca
pb	240	0244	5588421
entry	Peristera
entry	Peristeron
entry	Peristerona
entry	Perkinisme
pb	241	0245	5588422
entry	Perl-eule
entry	Perlae textiles
entry	Perlaro
entry	Perlé
entry	Perlenmutter
entry	Perles
entry	Perlgraupen
entry	Perlic
entry	Perlière
entry	Permenton
entry	Permonaria
entry	Permurias hydrargyri
entry	Perna
entry	Pernambuco
entry	Pernettia empetrifolia
entry	Pernice
pb	242	0246	5588423
entry	Pernigona
entry	Pernitrites
entry	Perole
entry	Perols
entry	Péronne
entry	Pérot
entry	Peroxydes
entry	Perpensa
entry	Perpetuas maritimas
entry	Perpignan
entry	Perrain-chedde
entry	Perrechiena
entry	Perrière
pb	243	0247	5588424
entry	Perro
entry	Perroquet
entry	Persa
entry	Perschling
entry	Perse
entry	Persea
entry	Persec
entry	Persega
entry	Persenkruid
entry	Persephonion
entry	Persica
pb	244	0248	5588425
pb	245	0249	5588426
entry	Persicaire
pb	246	0250	5588427
entry	Persico
entry	Persikboom
entry	Persil
entry	Persilia
entry	Persille
entry	Persimmon
entry	Persis
entry	Personata
entry	Personnées
entry	Persoonia guareoides
entry	Persulfures
entry	Peru
entry	Perubalsam
entry	Peruchés
entry	Perueckensumach
entry	Peruisch-cattl
entry	Perumarundoo
entry	Perumaruttoo puttay
entry	Perun siragum
entry	Perundei codie
pb	247	0251	5588428
entry	Perungyum
entry	Perusse
entry	Perussier
entry	Peruviaansche balsem
entry	Peruvian balsam
entry	Peruviana
entry	Pruvianische giftwurzel
entry	Peruvianischer balsam
entry	Peruviansk balsam
entry	Pervenche
entry	Pervinca
entry	Pes
entry	Pesale
entry	Pesang
entry	Pescado negro
entry	Pescairoou
entry	Pescatore del re
entry	Pesce
entry	Pesé
entry	Pesette
entry	Pesiols
entry	Pesse
entry	Pesseguier
entry	Pesseguiero
entry	Pessigueira
entry	Pestilenzrot
entry	Pestilenzwurzel
entry	Pstwurzmoennlein
entry	Pet
entry	Pétasite
entry	Pete ma
entry	Petelin
entry	Peter-maennchen
entry	Peterselie
entry	Petersilie
pb	248	0252	5588429
entry	Peterthal
entry	Petianelle
entry	Petit
entry	Petiveria alliacea
pb	249	0253	5588430
entry	Petmne
entry	Petola
entry	Pétoncles
entry	Petoroi
entry	Petoua
entry	Petréole
entry	Petrim
entry	Petriolo
entry	Petro-chelidon
entry	Petrocorius
entry	Petrol
entry	Petromyzon
pb	250	0254	5588431
entry	Pétron
entry	Petroncianum
entry	Petronella
entry	Petroselinum
entry	Petrowitz
entry	Petrzel
entry	Pettirosso
entry	Petugo
entry	Petum
entry	Petuve
entry	Peuce
entry	Peucedanum
pb	251	0255	5588432
entry	Peumus
entry	Peuple
entry	Peuplier
entry	Peutheron
entry	Peverella
entry	Peveroza
entry	Pevette
entry	Pewit
entry	Pexo olive
entry	Peyaz ideschti
entry	Peycoomutikai
entry	Peycumutikai
entry	Peyr
entry	Peyret
entry	Pezica
entry	Peziza auricula
entry	Pezoul
pb	252	0256	5588433
entry	Pezza mouller
entry	Pfaefflein
entry	Pfafflenraehrlein
entry	Pfau
entry	Pfebe
entry	Pfeffer
entry	Pfefferkraut
entry	Pfeffermuenze
entry	Pfeffers
pb	253	0257	5588434
entry	Pfennigraut
entry	Pferdesaamen
entry	Pferdeschmalz
entry	Pfingstrose
entry	Pfrischenbaum
entry	Pflaume
entry	Phabes
entry	Phaca
entry	Phace
entry	Phacon
entry	Phacos
entry	Phaedra
entry	Phaeotium
entry	Phagédéniques
entry	Phagros
entry	Phagus
entry	Phaina shcelli
entry	Phaisan
entry	Phal-modecca
entry	Phalacrocarax
entry	Phalaena
entry	Phalaia
entry	Phalangère
entry	Phalangia
entry	Phalangium
pb	254	0258	5588435
entry	Phalaris canariensis
entry	Phalaropus
entry	Phalkon
entry	Phallus
pb	255	0259	5588436
entry	Phanérogames
entry	Pharagou
entry	Pharicum
entry	Pharier
entry	Pharmac
entry	Pharmacie
entry	Pharmacitis
entry	Pharmacochymie
entry	Pharmacologie
entry	Pharmacopées
pb	256	0260	5588437
entry	Pharmacoposie
entry	Pharmacum sagueri
entry	Pharnaceum Cerviana
entry	Pharpharia
entry	Phascum
pb	257	0261	5588438
entry	Phaséole
entry	Phaseolus
pb	258	0262	5588439
entry	Phasganjon
entry	Phasianus
pb	259	0263	5588440
pb	260	0264	5588441
pb	261	0265	5588442
pb	262	0266	5588443
entry	Phasidynis
entry	Phassa
entry	Phaum
entry	Phavier
entry	Pheasant
entry	Phegopyrum
entry	Phellandrium
pb	263	0267	5588444
pb	264	0268	5588445
entry	Phellodrys
entry	Phellos
entry	Phénicin
entry	Phénicoptère
entry	Phénigmes
entry	Phenion
entry	Phénix
entry	Phérax haman
entry	Pherumbros
entry	Pheuxaspidium
entry	Phibalios
entry	Philadelphia fleabane
entry	Philaeterion
entry	Philanthropos
entry	Philipendula
entry	Philippe (St-)
entry	Philisticum
entry	PHilliophyllon
pb	265	0269	5588446
entry	Philomedion
entry	Philomela
entry	Philtre
entry	Philtrodotes
entry	Phischtah
entry	Phlébotomie
entry	Phlegma aluminis
entry	Phlegme
entry	Phlegmagogues
entry	Phleos mas
entry	Phlogistique
entry	Phlogistos
entry	Phlomis
pb	266	0270	5588447
entry	Phlomos
entry	Phloros
entry	Phoca
entry	Phocaena
pb	267	0271	5588448
entry	Phocénine
entry	Phoenicites
entry	Phoenicobalanus
entry	Phoenicopterus
entry	Phoenicurus
entry	Phoenigmes
entry	Phoenix
pb	268	0272	5588449
pb	269	0273	5588450
pb	270	0274	5588451
entry	Pholas
pb	271	0275	5588452
entry	Phonos
entry	Phoque
entry	Phorbion
entry	Phormium tenax
pb	272	0276	5588453
entry	Phosgène
entry	Phosphates
entry	Phosphatique
entry	Phosphites
entry	Phosphore
pb	273	0277	5588454
pb	274	0278	5588455
pb	275	0279	5588456
pb	276	0280	5588457
pb	277	0281	5588458
pb	278	0282	5588459
pb	279	0283	5588460
pb	280	0284	5588461
pb	281	0285	5588462
pb	282	0286	5588463
pb	283	0287	5588464
pb	284	0288	5588465
pb	285	0289	5588466
pb	286	0290	5588467
pb	287	0291	5588468
pb	288	0292	5588469
pb	289	0293	5588470
pb	290	0294	5588471
pb	291	0295	5588472
pb	292	0296	5588473
entry	Photogène
entry	Phoxinus laevis
entry	Phoxinus squamosus
entry	Phragmites
entry	Phrasium
entry	Phrissa
entry	Phryganea
entry	Phrynion
entry	Phthore
pb	293	0297	5588474
entry	Phthyrion
entry	Phthyroctonon
entry	Phtora
entry	Phu
entry	Phucos
entry	Phycida
entry	Phycis fluviatilis
entry	Phylacon
entry	Phylactères
entry	Phylira
entry	Phyllanthus
pb	294	0298	5588475
entry	Phyllis
entry	Phyllitis
entry	Phyllon
entry	Phyllophares
entry	Phyllostaphylon
entry	Phillyrea latifolia
entry	Phyrama
entry	Physagogues
entry	Physalis
pb	295	0299	5588476
pb	296	0300	5588477
entry	Physalus
entry	Physcia
entry	Physeter
pb	297	0301	5588478
entry	Physique médicale
entry	Phytelephas macrocarpa
entry	Phyteuma
entry	Phyteumocolle
entry	Phytochimie
entry	Phytocrene gigantea
pb	298	0302	5588479
entry	Phytographie médicale
entry	Phytolacca
pb	299	0303	5588480
entry	Phytologie
entry	Phyton
entry	Phyximilon
entry	Pi-na-sy
entry	Pi-tsi
entry	Pi-yuen
entry	Pia
entry	Pia-amou-leck
pb	300	0304	5588481
entry	Pia-pau
entry	Piaba
entry	Piabucu
entry	Piaj
entry	Piami
entry	Piamich
entry	Piania-trava
entry	Piannet
entry	Pianta lacca
entry	Piantaggine
entry	Piauteria
entry	Piapan
entry	Piaz
entry	Piazza jola
entry	Piazzola
entry	Pibou
entry	Piboulados
entry	Piboulo
entry	Pic
entry	Pica
entry	Pican
entry	Picardie
entry	Picarel
entry	Picata
entry	Picaud
entry	Picchia ferro
entry	Picchio
entry	Piccione
entry	Picea
entry	Picham
entry	Picharouki
entry	Pichola
entry	Picholine
entry	Pichot
entry	Pichua
entry	Pichurim
entry	Pichurimbohne
entry	Picielt
entry	Picinna
pb	301	0305	5588482
entry	Pickart
entry	Pico verde
entry	Picolat
entry	Picopoulo
entry	Picotaz
entry	Picotin
entry	Picoutaz
entry	Picozo
entry	Picpoux
entry	Picramnia Antidesma
entry	Picria fel terrae
entry	Picris echioides
entry	Picromel
entry	Picrotoxine
pb	302	0306	5588483
entry	Picumar
entry	Picupialo
entry	Picus
entry	Pidaroghanie
entry	Pie
entry	Pieciornik
entry	Pied
pb	303	0307	5588484
entry	Piedra
entry	Piegrièche
entry	Piémont
entry	Pieniecznik
entry	Pienkawa
entry	Pieprz
entry	Pieramidal senegreen
entry	Pierre
pb	304	0308	5588485
pb	305	0309	5588486
pb	306	0310	5588487
pb	307	0311	5588488
pb	308	0312	5588489
pb	309	0313	5588490
entry	Pierreclos
entry	Pierrot
entry	Pietra
entry	Pietrapolla
pb	310	0314	5588491
pb	311	0315	5588492
entry	Pietro (San)
entry	Pietruske
entry	Pietruszka gorna
pb	312	0316	5588493
entry	Pieve fosciana
entry	Pig
entry	Pigam
entry	Pigamon
entry	Pigamum
entry	Pigaza
entry	Pigeon
entry	Piger
entry	Pigment
entry	Pigmentaria
entry	Pigmentum
entry	Pigna
entry	Pignada
entry	Pignatoxaris
entry	Pignerolle
entry	Pigne
entry	Pignon
entry	Pigouil
pb	313	0317	5588494
entry	Pigozo
entry	Pigra
entry	Pigrolier
entry	Piguaja
entry	Pigwa
entry	Pih
entry	Pihiguao
entry	Piil
entry	Pikes jaw bone
entry	Pikilis
entry	Pikis
entry	Pil
entry	Pila marina
entry	Pilae damarum
entry	Pilat
entry	Pilaw
entry	Pile
entry	Pileste
entry	Pilga
entry	Pili
entry	Pilia dugukaila
entry	Piliet
entry	Piligpoc
entry	Pilingre
entry	Pillabilcum
entry	Pillenmehl
entry	Pillolet
entry	Pillorilla
entry	Pilon
entry	Piloriot
entry	Piloris
entry	Pilosella
entry	Piloselle
entry	Pilote
entry	Pilulaire
entry	Pilules
pb	314	0318	5588495
pb	315	0319	5588496
entry	Pim-lam
entry	Pimart
entry	Pimela
entry	Pimelodus
pb	316	0320	5588497
entry	Piment
entry	Pimienta
entry	Pimouche
entry	Pimpanelo
entry	Pimperneau
entry	Pimpernella
entry	Pimpernuesschen
entry	Pimpinella
pb	317	0321	5588498
entry	Pin
pb	318	0322	5588499
entry	Pina
entry	Pinac
entry	Pinanga
entry	Pinas
entry	Pinastella
entry	Pinastellum
entry	Pinaster
entry	Pinau
entry	Pinc-boot
entry	Pinça
entry	Pinçard
entry	Pincée
entry	Pincell
entry	Pinchana
pb	319	0323	5588500
entry	Pinchard
entry	Pinchoa
entry	Pinckneya pubens
entry	Pinçon
entry	Pincrin
entry	Pind-swin
entry	Pinda
entry	Pindaiba
entry	Pindova
entry	Pineastre
entry	Pineolus
entry	Pinesse
entry	Pingar-utan
entry	Pinguicula vulgaris
entry	Pinguiculum
entry	Pinhao
entry	Pinheiro
entry	Pinha
entry	Pinhoen
entry	Pinienbaum
pb	320	0324	5588501
entry	Pinier
entry	Pinillo oloroso
entry	Pinipinichi
entry	Pinna nobilis
entry	Pinnay unnay
entry	Pinnarkoon
entry	Pinne marine
entry	Pinnicus
entry	Pinnoux
entry	Pino
entry	Pinol
entry	Pinsar
entry	Pinsternakel
entry	Pintade
entry	Pinte
entry	Pinula
entry	Pinus
pb	321	0325	5588502
pb	322	0326	5588503
pb	323	0327	5588504
pb	324	0328	5588505
pb	325	0329	5588506
pb	326	0330	5588507
pb	327	0331	5588508
entry	Piolum
entry	Piombaggine
entry	Piombagine
entry	Piombino
entry	Piombo
entry	Pioppo
entry	Piot
entry	Pioto
pb	328	0332	5588509
entry	Pipal
entry	Pipangaye
entry	Pipeau
entry	Pipeline
entry	Piper
pb	329	0333	5588510
pb	330	0334	5588511
pb	331	0335	5588512
pb	332	0336	5588513
pb	333	0337	5588514
pb	334	0338	5588515
pb	335	0339	5588516
pb	336	0340	5588517
pb	337	0341	5588518
pb	338	0342	5588519
pb	339	0343	5588520
pb	340	0344	5588521
pb	341	0345	5588522
pb	342	0346	5588523
entry	Piperella
entry	Pipérin
pb	343	0347	5588524
pb	344	0348	5588525
entry	Pipéritées
entry	Piperitis
entry	Piperodendrum
entry	Piperonnie
entry	Piperus
entry	Pipi
entry	Pipian
entry	Pipio
entry	Pippe ridges
entry	Pique
entry	Piqueria trinervia
entry	Piquette
pb	345	0349	5588526
entry	Piquichen
entry	Piquipionio
entry	Pira-embu
entry	Piracoaba
entry	Piraea
entry	Pirapède
entry	Piraquiba
entry	Pirate
entry	Piratia pua
entry	Piraumbu
entry	Pirela
entry	Piretro
entry	Pirigara tetrapetala
entry	Piriguao
entry	Piriri-mabé
entry	Pirolle
entry	Pisa pro fonticulis
entry	Pisaille
entry	Pisang
entry	Piscator regis
entry	Piscatrix
entry	Pisciarelli
pb	346	0350	5588527
entry	Piscidia erythrina
entry	Piscine
entry	Piscis
pb	347	0351	5588528
entry	Piscobo
entry	Pise
pb	348	0352	5588529
entry	Pishamin
entry	Pismire
entry	Pisolithes
entry	Pisonia fragrans
entry	Pissa
entry	Pissasphalthe
entry	Pisse
entry	Pissebedden
entry	Pissecan
entry	Pisselaeon
entry	Pissenlit
entry	Pissite
pb	349	0353	5588530
entry	Pissogous
entry	Pistacia
pb	350	0354	5588531
pb	351	0355	5588532
pb	352	0356	5588533
pb	353	0357	5588534
entry	Pistana
pb	354	0358	5588535
entry	Pistazienbaum
entry	Pistia Stratiotes
entry	Pistic
entry	Pistolochia
entry	Pisum
pb	355	0359	5588536
entry	Pita
entry	Pitao
entry	Pitaya
entry	Pitcairnia crystallina
entry	Pitcaithly
entry	Pitcha pullum
entry	Pitchaghedie
entry	Pitckili
entry	Pitelli
entry	Pithawaka
entry	Pithecuse
entry	Pithion
entry	Pithonion
entry	Pithyusa
entry	Piton
entry	Pitoya
entry	Pitpapra
entry	Pitrai
entry	Pitte
pb	356	0360	5588537
entry	Pittosporées
entry	Pittosporum
entry	Pittouer
entry	Pittsburg
entry	Pituina
entry	Pituitaria
entry	Pityides
entry	Pitysorysis
entry	Pityusa
entry	Pivane
entry	Pivert
entry	Pivite
entry	Pivoine
entry	Pivou
entry	Pivoulade
entry	Piwip
entry	Piwoniec
entry	Pix
pb	357	0361	5588538
entry	Pizmo
entry	Piznowa
entry	Pizzardella
entry	Placenta
entry	Placitis
entry	Placnik
entry	Placodes
entry	Plaine (la)
entry	Plana
entry	Planche-minier
entry	Plane
entry	Planètes
entry	Planken flechte
entry	Plano
entry	Plantaggine acquatica
entry	Plantaginastrum
pb	358	0362	5588539
entry	Plantaginées
entry	Plantago
pb	359	0363	5588540
pb	360	0364	5588541
entry	Plantain
entry	Plantanier
entry	Plantano
entry	Plantes
pb	361	0365	5588542
pb	362	0366	5588543
pb	363	0367	5588544
pb	364	0368	5588545
pb	365	0369	5588546
pb	366	0370	5588547
pb	367	0371	5588548
pb	368	0372	5588549
entry	Plany
entry	Plaon-gai
entry	Plaouchu
entry	Plaqueminiers
entry	Plas
entry	Plask
entry	Plata
entry	Platane
entry	Platanus orientalis
pb	369	0373	5588550
entry	Platanillo
entry	Platanoides
entry	Platanos
entry	Plateau
entry	Platessa
entry	Platine
pb	370	0374	5588551
entry	Platre
entry	Platteville
entry	Platuse
entry	Platyceros
entry	Platyphyllos
entry	Plecmon
entry	Plectranthus
entry	Plectronias
entry	Plegorrhiza adstringens
entry	Plesska
entry	Pleu-pleu
entry	Pleurisyroot
entry	Pleuronectes
pb	371	0375	5588552
pb	372	0376	5588553
entry	Plicaria
entry	Plinia pinnata
entry	Pliszka
pb	373	0377	5588554
entry	Plom
entry	Plomb
pb	374	0378	5588555
pb	375	0379	5588556
pb	376	0380	5588557
pb	377	0381	5588558
pb	378	0382	5588559
pb	379	0383	5588560
pb	380	0384	5588561
pb	381	0385	5588562
pb	382	0386	5588563
pb	383	0387	5588564
pb	384	0388	5588565
pb	385	0389	5588566
pb	386	0390	5588567
pb	387	0391	5588568
pb	388	0392	5588569
pb	389	0393	5588570
pb	390	0394	5588571
pb	391	0395	5588572
pb	392	0396	5588573
pb	393	0397	5588574
pb	394	0398	5588575
pb	395	0399	5588576
pb	396	0400	5588577
entry	Plombagine
entry	Plombières
pb	397	0401	5588578
pb	398	0402	5588579
pb	399	0403	5588580
pb	400	0404	5588581
entry	Plombino
entry	Plommières
entry	Plomo
entry	Plon
entry	Plongeon
entry	Plouvier
entry	Plui-plui
pb	401	0405	5588582
entry	Pluie artificielle
entry	Plukenetia volubilis
entry	Plum
entry	Plumbagin
entry	Plumbago
pb	402	0406	5588583
pb	403	0407	5588584
pb	404	0408	5588585
entry	Plumbum
entry	Plumes des oiseaux
pb	405	0409	5588586
entry	Plumiera
entry	Plun-mai
entry	Plutonium
entry	Pluviae avis
entry	Pluviers
entry	Plya
entry	Pneumonanthe
entry	Pneumoniques
entry	Pnigitis
entry	Po
entry	Poa
pb	406	0410	5588587
entry	Poaya
entry	Poalum
entry	Poaz
entry	Pocan
entry	Pocgereba
entry	Pochery
entry	Pckenholz
entry	Poco sempie
entry	Pocsoo
entry	Pocula emetica
entry	Pocumma
entry	Podagra lini
entry	Podagraire
entry	Podbial
entry	Poddeblad
entry	Podkouma
pb	407	0411	5588588
entry	Podocarpus
entry	Podophyllum peltatum
entry	Podrazec
entry	Poederos
entry	Poejo
entry	Poeone
entry	Poerchy
entry	Poerinsii
entry	Poeru
entry	Poesklilja
entry	Poffagre
entry	Poghako
pb	408	0412	5588589
entry	Pogonathus courbina
entry	Pogonias fasciatus
entry	Pogromnaia
entry	Poguy
entry	Pohon upas
entry	Pohum ular
entry	Poibogulu
entry	Poïdka
entry	Poids médicinaux
entry	Poignard
pb	409	0413	5588590
entry	Poignée
entry	Poikilis
entry	Poils
entry	Poinciade
entry	Pointes d'oursin fossiles
entry	Pointiana
entry	Poire
entry	Poireau
entry	Poirée
entry	Poirier
entry	Pois
pb	410	0414	5588591
entry	Poisons
pb	411	0415	5588592
pb	412	0416	5588593
pb	413	0417	5588594
pb	414	0418	5588595
entry	Poissons
pb	415	0419	5588596
pb	416	0420	5588597
pb	417	0421	5588598
pb	418	0422	5588599
entry	Poitou
entry	Poivre
pb	419	0423	5588600
entry	Poix
entry	Poke
entry	Pokkige logelia
entry	Pokko
entry	Pokbzyk ziele
entry	Pokrzywa
entry	Pokrzywsca
entry	Pol (Saint-)
pb	420	0424	5588601
entry	Pola
entry	Polanisia dodecandra
entry	Polché
entry	Poleg
entry	Polémoniacées
entry	Polenta
entry	Poleo
entry	Poley
entry	Poleyartige kalamint
entry	Polghaha
entry	Poligala
pb	421	0425	5588602
entry	Poligola
entry	Polin
entry	Polipodio
entry	Poliste lecheguana
entry	Polium
entry	Pollak
entry	Pollen
entry	Pollénine
entry	Pollokeyu
entry	Polmonaria
entry	Polnj cypris
entry	Polo-mie
entry	Polon
entry	Polson nut
entry	Poly
entry	Polyacanthus
entry	Polyanodynos
entry	Polyanthes
pb	422	0426	5588603
entry	Polychreste
entry	Polycrestes
entry	Polycroite
entry	Polyclonos
entry	Polycnemum
entry	Polycotylédones
pb	423	0427	5588604
entry	Polygala
pb	424	0428	5588605
pb	425	0429	5588606
pb	426	0430	5588607
pb	427	0431	5588608
pb	428	0432	5588609
pb	429	0433	5588610
entry	Polygonatum
entry	Polygonum
pb	430	0434	5588611
pb	431	0435	5588612
pb	432	0436	5588613
pb	433	0437	5588614
pb	434	0438	5588615
pb	435	0439	5588616
pb	436	0440	5588617
entry	Polymnia frondosa
entry	Polynemus
entry	Polynevron
entry	Polypara cochinchinensis
entry	Polypes
entry	Polypharmaques
entry	Polyphoros
entry	Polypiers
entry	Polypodium
pb	437	0441	5588618
pb	438	0442	5588619
pb	439	0443	5588620
pb	440	0444	5588621
pb	441	0445	5588622
pb	442	0446	5588623
pb	443	0447	5588624
pb	444	0448	5588625
entry	Polypores
pb	445	0449	5588626
entry	Polyrrhizon
entry	Polyrrhizos
entry	Polyscias umbellata
entry	Polystichum
entry	Polythric
entry	Polytricha
entry	Polytrichum commune
pb	446	0450	5588627
entry	Polzin
entry	Poma bursdorfiana
entry	Pomacées
entry	Pomaceum
entry	Pomapran
entry	Pomarancz
entry	Pomaret
entry	Pomata
entry	Pomatomus telescopus
entry	Pombal d'anicaes
entry	Pombie
entry	Pome-granate-tree
entry	Poméranie
entry	Pomerans
entry	Pommades
pb	447	0451	5588628
entry	Pomme
pb	448	0452	5588629
entry	Pommette
entry	Pommier
entry	Pomo
entry	Pomoranc
entry	Pomornakow
entry	Pompelmouse
entry	Pompholyx
entry	Pompilus
entry	Pomum
entry	Ponaverie
entry	Ponbroyo
entry	Ponce (Pierre)
entry	Ponceau
entry	Ponchiri
entry	Poncirade
entry	Poncire
entry	Pondaroo
entry	Pondeuse
entry	Ponel
entry	Ponga
entry	Pongaï
entry	Pongam
entry	Pongelion
entry	Pongilopi
entry	Pongolam
pb	449	0453	5588630
entry	Ponnan avarai
entry	Ponnagam
entry	Ponnai-cali
entry	Ponnam-tougera
entry	Ponnampou-maravara
entry	Ponopinito
entry	Pons
entry	Pont-Audemer
entry	Pont-de-Baret
entry	Pont-de-Beauvoisin
entry	Pont-de-Camarets
entry	Pont-Château
entry	Pont-Gibaud
pb	450	0454	5588631
entry	Pont-à-Mousson
entry	Pont-Normand
entry	Pont-de-Royan
entry	Pont-de-Vesle
entry	Pontalesche
entry	Ponte-de-cavez
entry	Pontiane
entry	Pontic rhubarb
entry	Pontische alsem
entry	Pontischer
entry	Pontisk maloert
entry	Pontivy
pb	451	0455	5588632
entry	Pontly
entry	Ponvo
entry	Pooah
entry	Pool
entry	Pooliarax
entry	Pooliarileh kalungon
entry	Poollie
entry	Poomicha carei kalung
entry	Poonaykalie
entry	Poongu marum
entry	Poonjande puttay
entry	Poovandie cottay
entry	Popa
entry	Popelier
entry	Poplar
entry	Poponax
entry	Poponec
entry	Poppel
entry	Poppy
entry	Populage
entry	Populine
entry	Populus
pb	452	0456	5588633
pb	453	0457	5588634
pb	454	0458	5588635
pb	455	0459	5588636
entry	Popuschnik
entry	Poque
entry	Poquel
entry	Por-mari
entry	Porasum verei
entry	Porc
entry	Porcelaine
entry	Porcelet
entry	Porcelin
entry	Porcellana
entry	Porcelletto
entry	Porcellino d'India
entry	Porcellion
entry	Porcellus
entry	Porcetana
entry	Porchin
entry	Porcino
entry	Porcupine
entry	Porcus
entry	Poresma
entry	Poretta
entry	Porion
pb	456	0460	5588637
entry	Porla
entry	Porliera hygrometrica
entry	Pornic
entry	Porono jiwa
entry	Porosenok
entry	Porosja
entry	Porotiques
entry	Porpeisse
entry	Porphyre
entry	Porphyrion
pb	457	0461	5588638
entry	Porraes
entry	Porré
entry	Porrectana
entry	Porreloeg
entry	Porretta
entry	Porreyloox
entry	Porro
entry	Pors
entry	Porselein
entry	Portalaykaitagerei
entry	Portalegre
entry	Porte
entry	Porter
entry	Portigali-névuli
entry	Portlandia hexandra
pb	458	0462	5588639
entry	Portugal
entry	Portulaca
pb	459	0463	5588640
entry	Porus igneus
entry	Porzeczki
entry	Posca
entry	Posed
entry	Posset
entry	Possira arborescens
entry	Post
entry	Postakai
entry	Postyen
pb	460	0464	5588641
entry	Pot-walfisch
entry	Potalia
entry	Potamogeton marinum
entry	Potamophiles
entry	Potassium
pb	461	0465	5588642
pb	462	0466	5588643
pb	463	0467	5588644
pb	464	0468	5588645
pb	465	0469	5588646
pb	466	0470	5588647
pb	467	0471	5588648
pb	468	0472	5588649
pb	469	0473	5588650
pb	470	0474	5588651
pb	471	0475	5588652
pb	472	0476	5588653
pb	473	0477	5588654
pb	474	0478	5588655
pb	475	0479	5588656
pb	476	0480	5588657
pb	477	0481	5588658
pb	478	0482	5588659
pb	479	0483	5588660
pb	480	0484	5588661
pb	481	0485	5588662
pb	482	0486	5588663
pb	483	0487	5588664
pb	484	0488	5588665
pb	485	0489	5588666
pb	486	0490	5588667
pb	487	0491	5588668
pb	488	0492	5588669
pb	489	0493	5588670
entry	Potato-flee
entry	Pote
entry	Potée d'étain
entry	Potelée
entry	Potelet
entry	Potello
entry	Potelot
entry	Potema
entry	Potentilla
pb	490	0494	5588671
pb	491	0495	5588672
pb	492	0496	5588673
entry	Poterium sanguisorba
pb	493	0497	5588674
entry	Pothel
entry	Pothos
entry	Potincoba
pb	494	0498	5588675
entry	Potion
entry	Potiron
entry	Potocznik
entry	Potsdam
entry	Pott-fisch
entry	Pottle uppu travagum
entry	Potus
entry	Pou
entry	Pou-eul
pb	495	0499	5588676
entry	Pouai
entry	Pouve-pieds
entry	Pouch
entry	Poudre
pb	496	0500	5588677
entry	Pouerry-fer
entry	Pougitopi
entry	Pougues
pb	497	0501	5588678
pb	498	0502	5588679
entry	Pouhon
entry	Pouilleux
entry	Pouillon
pb	499	0503	5588680
entry	Poula-ciapina
entry	Poulain
entry	Poularde
entry	Poulcré
entry	Poule
entry	Poulette d'eau
entry	Pouliot
entry	Poulpes
entry	Poumon
entry	Poupart
entry	Poupartia borbonica
entry	Poupée
entry	Pourao
entry	Pourceau
entry	Pourcellane
entry	Pourdelé
entry	Pourpairolle
pb	500	0504	5588681
entry	Pourpter
entry	Pourpre
entry	Pourrain
entry	Pourraquo
entry	Pourretia lanuginosa
entry	Pourrougnangnito
entry	Poursunghai
entry	Poussière fécondante
entry	Poust
entry	Poutaletsje
entry	Poutargue
entry	Poutassou
entry	Poutino
entry	Poutou-laigo
entry	Pouven
entry	Pouzzoles
pb	501	0505	5588682
pb	502	0506	5588683
entry	Povea de coz
entry	Poxhout
entry	Poxos
entry	Poyer
entry	Pozello
entry	Poziemki jagodi
entry	Pozzuoli
pb	503	0507	5588684
entry	Pradelli
entry	Prades
entry	Praecipitatum
entry	Praecocia
entry	Praescriptio
entry	Praesepium
entry	Praesura
entry	Pramnium
entry	Praotodo
entry	Prase
entry	Prasion
entry	Prasinus
entry	Prasius
entry	Prasmocza krew
entry	Praso
entry	Prasum
entry	Prata
entry	Prataiaolo
entry	Pratelles
pb	504	0508	5588685
entry	Prebouisset
entry	Préchac
entry	Précipité
entry	Prègue-Dieu
entry	Prêle
pb	505	0509	5588686
entry	Prémeau
entry	Premna integrifolia
entry	Prenanthes serpentaria
entry	Preneur d'huîtres
entry	Presbourg
entry	Prescriptions médicales
pb	506	0510	5588687
entry	Préservatifs
entry	Presse
entry	Pression atmosphérique
entry	Pressis
entry	Preste (la)
entry	Présure
pb	507	0511	5588688
entry	Pretonou
entry	Pretras
entry	Pretu-morungu
entry	Prévats
entry	Prevenquières
entry	Preventa cavallo
entry	Prezzomolo
entry	Priadela
entry	Priape
entry	Priapus cervi
entry	Priapée
entry	Prickly ash
entry	Primavera
entry	Prime d'améthyste
entry	Primerole
entry	Primevera
entry	Primevère
entry	Primula
pb	508	0512	5588689
entry	Primulacées
entry	Primus metallus
entry	Princard
entry	Principe
pb	509	0513	5588690
pb	510	0514	5588691
pb	511	0515	5588692
entry	Prinos verticillata
pb	512	0516	5588693
entry	Prinzhofen
entry	Prionus cervicornis
entry	Priscey
entry	Prisco
entry	Prisselbeere
entry	Priusch
entry	Privas
entry	Probation
entry	Probaton
entry	Procampylos
entry	Procheton
entry	Prochyma
entry	Proconia alphita
entry	Prodiorna
entry	Produits des végétaux et des animaux
orth	Produits des végétaux
orth	des animaux
entry	Prodziszak
entry	Progné
entry	Prolifiques
entry	Promontorium
entry	Prony
entry	Propedula
entry	Prophylactiques
pb	513	0517	5588694
entry	Propion
entry	Propolis
entry	Propriétés des médicamens
pb	514	0518	5588695
pb	515	0519	5588696
pb	516	0520	5588697
entry	Proquin
entry	Proscarabée
entry	Proserpinaca
entry	Prosperpinalis herba
entry	Proso
entry	Prosopion
entry	Prosopis dubia
entry	Proswurnjak
entry	Proszek koltunowy
entry	Protea
entry	Protéacées
entry	Protée
pb	517	0521	5588698
entry	Protergétique
entry	Protion
entry	Proto
entry	Protogala
entry	Protogonon
entry	Protothalassa
entry	Protoxy-chlorues de calcium
entry	Protoxy-sulfures de calcium
entry	Protoxydes
pb	518	0522	5588699
entry	Prousa en Bithynie
entry	Provence
entry	Provins
pb	519	0523	5588700
entry	Provisor
entry	Prskawecz
entry	Prsnj koren
entry	Pruchawka
entry	Prugnes
entry	Prugno
entry	Prugnolo
entry	Pruin
entry	Prune
pb	520	0524	5588701
entry	Prunella vulgaris
entry	Prunelle
entry	Prunet
entry	Prunier
entry	Prunifera arbor
entry	Prunto
entry	Prunus
pb	521	0525	5588702
pb	522	0526	5588703
pb	523	0527	5588704
pb	524	0528	5588705
entry	Pruse
pb	525	0529	5588706
entry	Prusse
entry	Prusseux
entry	Prussias
entry	Prussiate
entry	Prussique
pb	526	0530	5588707
entry	Prussire
entry	Prustkoeda
entry	Prustworec
entry	Przepiorka
entry	Przestan
entry	Przetacznik
entry	Przymietowe ziele
entry	Przyoccian olowin nieczysty
entry	Psany trank
entry	Pschy
entry	Pseudangastine
entry	Pseudo
entry	Pseudotoxie
entry	Psiadia
pb	527	0531	5588708
entry	Psiapatza
entry	Psida
entry	Psidii
entry	Psidium
pb	528	0532	5588709
entry	Psijerik
entry	Psilleurt
entry	Psilotres
entry	Psinki
entry	Psistus
entry	Psittacus
entry	Psophia crepitans
entry	Psora
entry	Psoralea
pb	529	0533	5588710
entry	Psoricum Galeni
entry	Psorus
entry	Pstros
entry	Psy
entry	Psychagogiques
entry	Psychotria
pb	530	0534	5588711
entry	Psychotrophum
entry	Psyctique
entry	Psyllium
entry	Psylotrion
entry	Ptarmica
entry	Ptarmiques
entry	Ptelea trifoliata
entry	Ptène
entry	Pterigium teres
entry	Pteris
pb	531	0535	5588712
entry	Pterocarpus
pb	532	0536	5588713
pb	533	0537	5588714
entry	Pterococcus aphyllus
entry	Pthora
entry	Ptisane
entry	Ptyalagogues
entry	Ptysmagogues
entry	Pu-tao
entry	Puant
entry	Pubula
entry	Puccoon
entry	Puce
entry	Pucelage
entry	Pucelle
entry	Puchanavie
entry	Pucho
entry	Pucière
entry	Pucki-andjing
entry	Pudina
entry	Pudis
entry	Puech-laumet
entry	Puerca
entry	Puerco epino
entry	Puerto-llano 
pb	534	0538	5588715
entry	Puerto-llano
entry	Puette
entry	Puffinus
entry	Pug
entry	Puggepeber
entry	Pugio
entry	Puhacz
entry	Puimsteen
entry	Puit de la pège
entry	Pujet-theniers
entry	Puksana
entry	Pul-colli
entry	Pulang-kilunggu
entry	Pulchella
entry	Pulcino
entry	Pulée
entry	Puleggio
entry	Puleja
entry	Pulex
entry	Pulgueira
entry	Puli
entry	Puliaray
entry	Pulicaria
entry	Puliga
entry	Pulla chinta
entry	Pulla nillu
entry	Pullie
entry	Pullna
pb	535	0539	5588716
entry	Pullon
entry	Pullus
entry	Pulmo marinus
entry	Pulmonaire
entry	Pulmonaria
pb	536	0540	5588717
entry	Pulmoniques
entry	Pulpes
entry	Pulput
entry	Pulque
entry	Pulquin
entry	Pulrosz
entry	Pulsatilla
entry	Pulticula
entry	Pulvis
pb	537	0541	5588718
entry	Pumacuchu
entry	Pumake
entry	Pumaysanca
entry	Pumex
entry	Pumice stone
entry	Pumos
entry	Pumpkin gourd
entry	Punaise
entry	Punaisot
entry	Punaykalie
entry	Pundaroo
entry	Puneermayeh
entry	Pungalu
entry	Pungitopum
entry	Pungjer
pb	538	0542	5588719
entry	Pungola
entry	Punhete
entry	Punica
pb	539	0543	5588720
pb	540	0544	5588721
pb	541	0545	5588722
pb	542	0546	5588723
entry	Punne meranne
pb	543	0547	5588724
entry	Punteri
entry	Pupe
entry	Puppali pullum
entry	Pupula
entry	Pura-au
entry	Puraque
entry	Purgantia
entry	Purgatifs
pb	544	0548	5588725
pb	545	0549	5588726
pb	546	0550	5588727
pb	547	0551	5588728
pb	548	0552	5588729
pb	549	0553	5588730
pb	550	0554	5588731
pb	551	0555	5588732
pb	552	0556	5588733
pb	553	0557	5588734
pb	554	0558	5588735
pb	555	0559	5588736
entry	Purgeer-korn
entry	Purgeerend croton
entry	Purgeerende wegedoorn
entry	Purgeervlasch
entry	Purgierbaum
entry	Purgierender windensaft
entry	Purgierflachs
entry	Purgierholz
entry	Purging
entry	Purgirfingerhut
entry	Purifians
entry	Purioloek
entry	Purl
entry	Purpadagum
entry	Purple
entry	Purpleconed
entry	Purpletopped sage
entry	Purpura
entry	Purpurfingerhurt
entry	Purpurine
pb	556	0560	5588737
entry	Purret
entry	Purse
entry	Purslane
entry	Pusaetha
entry	Puscla
entry	Pusolo
entry	Pusque
entry	Pustech
entry	Pusu
entry	Put-sai
entry	Putamen
entry	Putas
entry	Putchuk
entry	Putchwey
entry	Puteoli
entry	Puter
entry	Putier
entry	Putine
entry	Putois
entry	Putsakaia
entry	Puttakarie
entry	Puttanie
pb	557	0561	5588738
entry	Puttbus
entry	Puttika
entry	Puttirke scipie
entry	Putugue
entry	Puya chiloensis
entry	Puzzichello
entry	Puzzillo
entry	Puzzuolo
entry	Pwonn
entry	Pya
entry	Pycnocomum
entry	Pycnotiques
entry	Pycra
entry	Pygos
entry	Pylstaart
pb	558	0562	5588739
entry	Pyn
entry	Pypkassie
entry	Pyracantha
entry	Pyraceum
entry	Pyraster
entry	Pyrei
entry	Pyrèle
entry	Pyrénacées
entry	Pyrénées
pb	559	0563	5588740
entry	Pyrèthre
entry	Pyrethrum
pb	560	0564	5588741
pb	561	0565	5588742
entry	Pyrétiques
entry	Pyrgita
entry	Pyri martiales
entry	Pyrite
entry	Pyrmont
pb	562	0566	5588743
pb	563	0567	5588744
entry	Pyro
entry	Pyrogonon
entry	Pyrola
pb	564	0568	5588745
entry	Pyropus
entry	Pyros
entry	Pyrote
entry	Pyrothonide
pb	565	0569	5588746
entry	Pyrotiques
entry	Pyrus
pb	566	0570	5588747
entry	Pythecuse
entry	Pythonion
entry	Pyure
entry	Pyxacantha
entry	Pyxos
pb	567	0571	5588748
entry	Q
entry	Q. AE.
entry	Q. Pl.
entry	Q. S.
entry	Qahoueh
entry	Qaly
entry	Qamh
entry	Qantaryan
entry	Qara
entry	Qezazeh
entry	Qoronfl
entry	Qortom
entry	Qott-el-barr
entry	Qotyfeh
entry	Quacara
entry	Quace-cupatli
entry	Quadran
entry	Quadratoria
entry	Quadratulus
entry	Quadrete
entry	Quadria
entry	Quadrifolium
entry	Quadroxalate de potasse
entry	Quadrumanes
entry	Quadrupèdes
entry	Quaglia
entry	Quai-fa
entry	Quai-mao
entry	Qualea
pb	568	0572	5588749
entry	Quamash
entry	Quamoclit
entry	Quanlang
entry	Quapoya pana-pari
entry	Quaquila
entry	Quaramotemo
entry	Quarenna
entry	Quarhmecatl
entry	Quarhyetl
entry	Quariau
entry	Quarrelet
entry	Quartz
entry	Quartzum
entry	Quasab
entry	Quassia
pb	569	0573	5588750
pb	570	0574	5588751
pb	571	0575	5588752
pb	572	0576	5588753
pb	573	0577	5588754
pb	574	0578	5588755
pb	575	0579	5588756
entry	Quassienholz
entry	Quassine
entry	Quatelée
entry	Quatre
pb	576	0580	5588757
entry	Quatreui
entry	Quau
entry	Quauhaychuachili
entry	Quauhyyac ocuilensium
entry	Quauryetl
entry	Quebec
entry	Quebitea guianensis
pb	577	0581	5588758
entry	Quecke
entry	Quecksilber
entry	Quedec
entry	Quedqued
entry	Queen-ja
entry	Queen of the meadows
entry	Quei tscheu
entry	Quelele
entry	Quelghen
entry	Quellgon
entry	Quelli
entry	Quendel
entry	Quenia
entry	Quenipier
entry	Quenot
entry	Quenouillète
entry	Quercia
entry	Quercie
entry	Quercillets
entry	Querciola
entry	Quercitron
entry	Quercitroneneiche
entry	Quercula minor
entry	Querculus
entry	Quercus
pb	578	0582	5588759
pb	579	0583	5588760
pb	580	0584	5588761
pb	581	0585	5588762
pb	582	0586	5588763
pb	583	0587	5588764
pb	584	0588	5588765
pb	585	0589	5588766
pb	586	0590	5588767
pb	587	0591	5588768
pb	588	0592	5588769
pb	589	0593	5588770
pb	590	0594	5588771
entry	Quercy
entry	Querfaa
entry	Querquedula
entry	Querzola
pb	591	0595	5588772
entry	Quesne
entry	Quessac
entry	Quesve
entry	Queue
entry	Queuneron
entry	Queura
entry	Queux
entry	Quibechi
entry	Quick-stertz
entry	Quickgrass
entry	Quicklime
entry	Quicksilfver
entry	Quicoanga
entry	Quicuba
entry	Quienbiendent
entry	Quiebrecourt
entry	Quigombo
entry	Quil
entry	Quila
entry	Quillai
entry	Quillaja
pb	592	0596	5588773
entry	Quillio
entry	Quillobo
entry	Quillu-caspi
entry	Quina
pb	593	0597	5588774
entry	Quinaria lansium
entry	Quinate
entry	Quince
entry	Quinchamali chilense
pb	594	0598	5588775
entry	Quincier
entry	Quingombo
entry	Quingongi
entry	Quinine
pb	595	0599	5588776
pb	596	0600	5588777
pb	597	0601	5588778
pb	598	0602	5588779
pb	599	0603	5588780
pb	600	0604	5588781
pb	601	0605	5588782
pb	602	0606	5588783
pb	603	0607	5588784
pb	604	0608	5588785
pb	605	0609	5588786
pb	606	0610	5588787
pb	607	0611	5588788
pb	608	0612	5588789
pb	609	0613	5588790
pb	610	0614	5588791
pb	611	0615	5588792
pb	612	0616	5588793
pb	613	0617	5588794
pb	614	0618	5588795
pb	615	0619	5588796
entry	Quinique
entry	Quino
entry	Quinoa
entry	Quinoïdine
entry	Quinon
entry	Quinque
entry	Quinquina
pb	616	0620	5588797
pb	617	0621	5588798
pb	618	0622	5588799
pb	619	0623	5588800
pb	620	0624	5588801
pb	621	0625	5588802
pb	622	0626	5588803
pb	623	0627	5588804
pb	624	0628	5588805
pb	625	0629	5588806
pb	626	0630	5588807
pb	627	0631	5588808
pb	628	0632	5588809
pb	629	0633	5588810
pb	630	0634	5588811
pb	631	0635	5588812
pb	632	0636	5588813
pb	633	0637	5588814
pb	634	0638	5588815
pb	635	0639	5588816
pb	636	0640	5588817
pb	637	0641	5588818
pb	638	0642	5588819
pb	639	0643	5588820
pb	640	0644	5588821
pb	641	0645	5588822
pb	642	0646	5588823
pb	643	0647	5588824
pb	644	0648	5588825
pb	645	0649	5588826
pb	646	0650	5588827
pb	647	0651	5588828
pb	648	0652	5588829
pb	649	0653	5588830
pb	650	0654	5588831
pb	651	0655	5588832
pb	652	0656	5588833
pb	653	0657	5588834
pb	654	0658	5588835
pb	655	0659	5588836
pb	656	0660	5588837
entry	Quinsoun
entry	Quintefeuille
entry	Quintescence
entry	Quirin (Saint-)
entry	Quis
entry	Quisafou
entry	Quiscula
entry	Quisqualis indica
entry	Quisquilium
entry	Quiterie (Sainte-)
entry	Quitte
entry	Quity
entry	Quiya
entry	Quoimio
entry	Quothoun
entry	Quoy
entry	Quvhyetl
entry	Qvanne
entry	Qvikketoean
entry	Qvoede
entry	Qvoeseurt
entry	Qweswod
entry	Qwickrot
entry	Qwitten
