pb	sn	0001	7722884
pb	pb	0002	7722885
pb	sn	0003	7722886
pb	sn	0004	7722887
pb	sn	0005	7722888
entry	Première partie. Table par indications thérapeutiques des spécialités figurant dans cet ouvrage
pb	sn	0006	7722889
entry	Table par indications thérapeutiques des spécialités figurant dans cet ouvrage
pb	sn	0007	7722890
entry	I. - Alimentation - Régimes
entry	II. - Antiseptiques - Désinfectants
pb	sn	0008	7722891
entry	III. - Appareil circulatoire
pb	sn	0009	7722892
pb	sn	0010	7722893
pb	sn	0011	7722894
entry	IV. - Appareil digestif et ses annexes
pb	sn	0012	7722895
pb	sn	0013	7722896
pb	sn	0014	7722897
pb	sn	0015	7722898
entry	V. - Appareil génito-urinaire
pb	sn	0016	7722899
entry	VI. - Appareil respiratoire
pb	sn	0017	7722900
pb	sn	0018	7722901
pb	sn	0019	7722902
entry	VII. - Arthritisme - Goutte rhumatisme - Algies diverses
pb	sn	0020	7722903
pb	sn	0021	7722904
entry	VIII. - Dermatoses - Plaies
pb	sn	0022	7722905
pb	sn	0023	7722906
entry	IX. - Gynécologie - Obstétrique
pb	sn	0024	7722907
pb	sn	0025	7722908
entry	X. - Hémostatiques
pb	sn	0026	7722909
entry	XI. - Maladies infectieuses et parasitaires
pb	sn	0027	7722910
entry	XII. - Ophtalmologie
pb	sn	0028	7722911
entry	XIII. - Opothérapie - Vaccinothérapie - produits divers
pb	sn	0029	7722912
entry	XIV. - Oto-rhino-laryngologie
pb	sn	0030	7722913
pb	sn	0031	7722914
entry	XV. - Reconstituants - Recalcifiants - Toniques
pb	sn	0032	7722915
pb	sn	0033	7722916
pb	sn	0034	7722917
entry	XVI. - Stomatologie
pb	sn	0035	7722918
entry	XVII. - Syphilis
pb	sn	0036	7722919
entry	XVIII. - Système nerveux
pb	sn	0037	7722920
pb	sn	0038	7722921
pb	sn	0039	7722922
entry	XX. - Tumeurs - Cancer
pb	sn	0040	7722923
pb	sn	0041	7722924
entry	XIX. - Tuberculose
pb	sn	0042	7722925
pb	sn	0043	7722926
entry	Deuxième partie. Dictionnaire de spécialités pharmaceutiques
pb	pb	0044	7722927
pb	3	0045	7722928
entry	Absuric
entry	Acécoline
pb	4	0046	7722929
entry	Acésine Guillaumin
entry	Acétylarsan
pb	5	0047	7722930
entry	Acétylcholine « Roche »
pb	6	0048	7722931
entry	Acimyl
entry	Acodros
pb	7	0049	7722932
entry	Acolitol
pb	8	0050	7722933
entry	Actine
pb	9	0051	7722934
entry	A. D. Grosjean
pb	10	0052	7722935
entry	Adipolysine
pb	11	0053	7722936
pb	12	0054	7722937
entry	Adoverne « Roche »
pb	13	0055	7722938
entry	Adral
entry	Adrénaline Clin
pb	14	0056	7722939
entry	Adrénaline Invar
entry	Adrénine
pb	15	0057	7722940
entry	Adrénoléine
entry	Adrépatine
pb	16	0058	7722941
entry	Adrialgine
entry	Adrianine
pb	17	0059	7722942
entry	Aérophagyl
entry	Athone
pb	18	0060	7722943
entry	Agamétol
pb	19	0061	7722944
entry	Agarase
pb	20	0062	7722945
entry	Agocholine
pb	21	0063	7722946
entry	Agomensine Ciba
entry	Airoglyce
pb	22	0064	7722947
entry	Airol « Roche »
entry	Albuplast Vigier
pb	23	0065	7722948
entry	Alepsal Genévrier
entry	Alexime. Anciennement « Alexine »
pb	24	0066	7722949
entry	Algatan
entry	Algocratine
pb	25	0067	7722950
entry	Alibourine
pb	26	0068	7722951
entry	Aliment Glaxo
pb	27	0069	7722952
entry	Aliment Tinardon
entry	Allisatine « Sandoz »
pb	28	0070	7722953
entry	Allium Coirre
entry	Allocaïne Lumière
pb	29	0071	7722954
entry	Allochrysine Lumière
pb	30	0072	7722955
entry	Allonal « Roche »
pb	31	0073	7722956
entry	Allophaquina
entry	Aloïne Houdé
pb	32	0074	7722957
entry	Aloplastine
entry	Aloysine
pb	33	0075	7722958
entry	Alucol Wander
entry	Alunozal
pb	34	0076	7722959
entry	Amibiasine
entry	Amidal
pb	35	0077	7722960
entry	Amino-Sel Byla
pb	36	0078	7722961
entry	Amiphène Carron
pb	37	0079	7722962
entry	Ampho-Vaccins Ronchèse
entry	Ampoules Boissy
pb	38	0080	7722963
entry	Ampoules de Digalène « Roche »
entry	Ampoules de Pantopon « Roche »
pb	39	0081	7722964
entry	Ampoules de Sécacornine « Roche »
entry	Ampoules de Spasmalgine « Roche »
pb	40	0082	7722965
entry	Ampoules de Théobryl « Roche »
entry	Ampoules Reipar
pb	41	0083	7722966
entry	Ampoules Suractivantes Leysin dites « Ampoules de survie »
pb	42	0084	7722967
entry	Amunine
entry	Amylodiastase Thépénier
pb	43	0085	7722968
entry	Anaclasine Ranson
pb	44	0086	7722969
entry	Anapeptone Vassal
entry	Anaquintine Lescène
pb	45	0087	7722970
entry	Androstine Ciba
entry	Anégrine
pb	46	0088	7722971
entry	Anéo Leysin
entry	Anexol
pb	47	0089	7722972
entry	Angiolymphe du Docteur Rous
entry	Angioxyl du Docteur Roussel
pb	48	0090	7722973
entry	Aniodol
pb	49	0091	7722974
entry	Anoïde
entry	Antalgol Dalloz
pb	50	0092	7722975
entry	Antasthène
entry	Antasthme Cibrand
pb	51	0093	7722976
entry	Anthéma. Sérum sérique antihémorragique des Docteurs Dufour et Le Hello
entry	Anthraxone-Fornet
pb	52	0094	7722977
entry	Antialgos Christaens
entry	Antiasthme Bengalais
pb	53	0095	7722978
entry	Anti-asthmine Dehaussy
pb	54	0096	7722979
entry	Anti-épileptique de Liège
pb	55	0097	7722980
entry	Antigénines
pb	56	0098	7722981
entry	Antigrippine Midy
entry	Antiphi
pb	57	0099	7722982
entry	Antiphlogistine
entry	Antiphymase « Meurice »
pb	58	0100	7722983
entry	Antiphymique Vadam
entry	Antipsorine
pb	59	0101	7722984
entry	Antirrhoïde
entry	Antisciatique P. Chambon
pb	60	0102	7722985
entry	Antivirus
entry	Antonal
pb	61	0103	7722986
entry	Anusol Mialhe
entry	Anxiol (Comprimés)
pb	62	0104	7722987
entry	Aphloïne Trouette-Perret
entry	Aphosal
pb	63	0105	7722988
entry	Apioline Chapoteaut
entry	Appetyl
pb	64	0106	7722989
entry	Aquintol Petit-Mialhe
entry	Arachise
pb	65	0107	7722990
entry	Ardogène
entry	Argybil
pb	66	0108	7722991
entry	Argycuprol
pb	67	0109	7722992
entry	Arhémapectine Gallier
pb	68	0110	7722993
entry	Arhéol
entry	Arhine Lambiotte Frères
pb	69	0111	7722994
entry	Arquéritol Lesure
entry	Arrhénal Adrian
pb	70	0112	7722995
entry	Arrhénomartiol
entry	Arrhénuclène Bergevin
pb	71	0113	7722996
entry	Arsaminol
entry	Arsébényl Meurice
pb	72	0114	7722997
entry	Arsénicaux Bouty
entry	Arséniode Buriat
pb	73	0115	7722998
entry	Arsi-Strychnal Longuet
entry	Arsycodile
pb	74	0116	7722999
entry	Arsylène « Roche »
pb	75	0117	7723000
entry	Artérion Vincardi
entry	Artério-Veinine
pb	76	0118	7723001
entry	Artoradine
entry	Ascéine
pb	77	0119	7723002
entry	Asclérosol
entry	Ascoléine Rivier
pb	78	0120	7723003
entry	Aseptone
entry	Aseptoradol
pb	79	0121	7723004
entry	Asthmylose
entry	Athérolysine
pb	80	0122	7723005
entry	Atolysan
entry	Atophan-Cruet
pb	81	0123	7723006
entry	Atophanyl
entry	Atoquinol Ciba
pb	82	0124	7723007
entry	Atural
pb	83	0125	7723008
entry	Auto-inhalation Legras
entry	Avanazol Couturieux
pb	84	0126	7723009
entry	Azotyl
entry	Azufrol
pb	85	0127	7723010
entry	Azym
pb	86	0128	7723011
entry	Babeurre Nutricia
entry	Backérine
pb	87	0129	7723012
entry	Bacté-Phages du Professeur d'Hérelle
pb	88	0130	7723013
pb	89	0131	7723014
pb	90	0132	7723015
entry	Bactériophages Leclerc
pb	91	0133	7723016
entry	Bactioxyne
entry	Bain carbogazeux Wolo
pb	92	0134	7723017
entry	Bain Carré
entry	Bains médicamenteux du Docteur Fayès
pb	93	0135	7723018
entry	Baldisédan
pb	94	0136	7723019
entry	Ballotyl
entry	Balmiga
pb	95	0137	7723020
entry	Balsamol Lescène
entry	Balsoforme
pb	96	0138	7723021
entry	Baume Antex
entry	Baume Aroma
pb	97	0139	7723022
entry	Baume Bengué
entry	Baume Boeglin
pb	98	0140	7723023
entry	Baume Delacour
entry	Baume de la maternité
pb	99	0141	7723024
entry	Baume du Docteur Baissade
pb	100	0142	7723025
entry	Baume Duret
entry	Baume Rhodia
pb	101	0143	7723026
entry	Baume Saint-Antoine
entry	Baume Sélénia au sélénium colloïdal
pb	102	0144	7723027
entry	Baume Suelta
entry	Baumolacpinine
pb	103	0145	7723028
entry	Béatol
pb	104	0146	7723029
entry	Beef Lavoix ou Vin de Lavoix
entry	Belhémine
pb	105	0147	7723030
entry	Belladénal « Sandoz »
entry	Bellafoline « Sandoz »
pb	106	0148	7723031
entry	Bemax
pb	107	0149	7723032
entry	Benzo-Bismuth Millot
pb	108	0150	7723033
entry	Benzoflorine Julien
entry	Benzo-Iodhydrine (Capsules de)
pb	109	0151	7723034
entry	Benzolactol
entry	Benzophosphine Christiaens
pb	110	0152	7723035
entry	Benzoquinol
entry	Benzyanyl
pb	111	0153	7723036
entry	Benzylol
entry	Berkendyl « Meurice »
pb	112	0154	7723037
entry	Béryl du Docteur Fayès
entry	Bétul-Ol Midy
pb	113	0155	7723038
entry	Bexinine
entry	Biarsol
pb	114	0156	7723039
entry	Biazan
entry	Bi-Citrol Marinier
pb	115	0157	7723040
entry	Bicollyre
entry	Bilexabol
pb	116	0158	7723041
entry	Biléyl Fournier
entry	Biliase Raby
pb	117	0159	7723042
entry	Bilifluine du Docteur L. Bignon
entry	Biliogastrine Chevillon
pb	118	0160	7723043
entry	Bilirhéïne
entry	Bilivaccin
pb	119	0161	7723044
entry	Bilivaccin anticolibacillaire
entry	Biocalcine
pb	120	0162	7723045
entry	Biocalcose
entry	Biodermyl Monal
pb	121	0163	7723046
entry	Biodynamine
pb	122	0164	7723047
entry	Bioentérase
entry	Biogastrine
pb	123	0165	7723048
entry	Biogénol Demasles
pb	124	0166	7723049
entry	Biolactyl Fournier
pb	125	0167	7723050
entry	Bionergyl
entry	Biophorine Girard
pb	126	0168	7723051
entry	Biophytol
pb	127	0169	7723052
entry	Bioplasmyl
entry	Biopulmol
pb	128	0170	7723053
entry	Biotrigon
entry	Biquinyl Meurice
pb	129	0171	7723054
entry	Biscols
entry	Bisermol Vigier
pb	130	0172	7723055
entry	Bis-ka-ma
entry	Bismhydral
pb	131	0173	7723056
entry	Bismusodine
entry	Bismutartrol
pb	132	0174	7723057
entry	Bismuth (Crème de) du Docteur Quesneville
pb	133	0175	7723058
entry	Bismuth Desleaux
entry	Bismuthion Couturieux
pb	134	0176	7723059
entry	Bismuthoïdol
entry	Bismuth Tulasne
pb	135	0177	7723060
entry	Bismuthyl Meurice
entry	Bivatol
pb	136	0178	7723061
entry	Blédine Jacquemaire
pb	137	0179	7723062
entry	Blennosine-Fornet
entry	Blocs « Vécor »
pb	138	0180	7723063
entry	Boldine Houdé
entry	Boldolactol
pb	139	0181	7723064
entry	Boldorhéine
entry	Boldo Verne
pb	140	0182	7723065
entry	Boléase Monal
entry	Boricine Meissonnier
pb	141	0183	7723066
entry	Borosodine Lumière
entry	Borostyrol Schlatter
pb	142	0184	7723067
entry	Bouchon - Bouteille - Tubes radioactifs « Emana »
pb	143	0185	7723068
entry	Boues radioactives Emania
entry	Boules Quiès
pb	144	0186	7723069
entry	Brides-les-Bains (Savoie)
pb	145	0187	7723070
entry	Broméine Montagu
entry	Bromiase
pb	146	0188	7723071
entry	Bromogastrine
entry	Bromogénol Pépin
pb	147	0189	7723072
entry	Bromo-Maïsine
entry	Bromone Robin
pb	148	0190	7723073
entry	Bromovose
entry	Bromures Souffron
pb	149	0191	7723074
entry	Bronchitol
entry	Bronchodermine
pb	150	0192	7723075
entry	Bucmine
entry	Bulgarine Thépénier
pb	151	0193	7723076
entry	C 40
entry	Cachets Cy-Troène
pb	152	0194	7723077
entry	Cachet du Docteur Boveil
entry	Cachets Gau
pb	153	0195	7723078
entry	Cachets Kapytan
entry	Cachets « Roche » de Thiocol
pb	154	0196	7723079
entry	Cacodyle Gonnon
pb	155	0197	7723080
entry	Cacodyline Jammes
entry	Cafacétyl Codéiné Boeglin
pb	156	0198	7723081
entry	Caféine Invar
entry	Calcional (Comprimés)
pb	157	0199	7723082
entry	« Calcium-Sandoz »
entry	Calcoléol
pb	158	0200	7723083
entry	Calcozymase
entry	Calmitol
pb	159	0201	7723084
entry	Calmosuppos sédatifs. Calmosuppos antithermiques
pb	160	0202	7723085
entry	Camphostyl
entry	Camphro-Salyl Fraisse
pb	161	0203	7723086
entry	Camphydryl Robin
entry	Cantéïne Bouteille
pb	162	0204	7723087
entry	Caparlem
entry	Capillairal
pb	163	0205	7723088
entry	Capsellase
pb	164	0206	7723089
entry	Capsules Bardet
pb	165	0207	7723090
entry	Capsules Bruel
entry	Capsules Dartois
pb	166	0208	7723091
entry	Capsules de Morrhuïne Puy
entry	Capsules et sirop Préga
pb	167	0209	7723092
entry	Capsules Joret et Homolle
entry	Capsules Noguès
pb	168	0210	7723093
entry	Capsules Raquin
entry	Capsules Taetz
pb	169	0211	7723094
entry	Carbalcaloïdes
pb	170	0212	7723095
entry	Carbatropine
entry	Carbocitrol
pb	171	0213	7723096
entry	Carbolactyl simple. Carbolactyl bilié
pb	172	0214	7723097
entry	Carbonate de bismuth
entry	Carbos
pb	173	0215	7723098
entry	Carbosanis
entry	Cardibaïne
pb	174	0216	7723099
entry	Cardiosthénine
entry	Cardyl
pb	175	0217	7723100
entry	Carminol
entry	Carnine Lefrancq
pb	176	0218	7723101
entry	Cascara Midy
entry	Cascarine Leprince
pb	177	0219	7723102
entry	Cataplasme du Docteur Lelièvre
entry	Cateményl
pb	178	0220	7723103
entry	Cephoémétine
pb	179	0221	7723104
entry	Céréales-bébé Favrichon
pb	180	0222	7723105
entry	Céréaline Tulivet
entry	Cérébrine Fournier
pb	181	0223	7723106
entry	Cérébroïl Leysin et sève cérébratose Leysin
entry	Cérébrosthénine Dalin
pb	182	0224	7723107
entry	Céréossine Dehaussy
pb	183	0225	7723108
entry	Céréossine irradiée. Céréossine méthylarsinée
entry	Céréossine gaïacolée
pb	184	0226	7723109
entry	Cérinil
pb	185	0227	7723110
entry	Cériomine
pb	186	0228	7723111
entry	Cétémol
pb	187	0229	7723112
entry	Céthocal du Docteur P. Lemay
pb	188	0230	7723113
entry	Cétrarose Gigon
entry	Charbon Fraudin
pb	189	0231	7723114
entry	Charbon Tissot
entry	Chardyl Meurice
pb	190	0232	7723115
entry	Chéloïdine
entry	Chenanthol
pb	191	0233	7723116
entry	Chloral Bromuré du Docteur Dubois
entry	Chloral-Geranie
pb	192	0234	7723117
entry	Chloralosane
entry	Chloramine Freyssinge
pb	193	0235	7723118
entry	Chloréthyle Bengué
entry	Chlorhydropeptine
pb	194	0236	7723119
entry	Chlorinol
entry	Chlormagnésium Fisch
pb	195	0237	7723120
entry	Chlorobacilline
entry	Chlorobyl
pb	196	0238	7723121
entry	Chloro-Calcion
pb	197	0239	7723122
entry	Chloro-Magnésion
entry	Chlorosulfol Vigier
pb	198	0240	7723123
entry	Cholécystine
entry	Choléine Camus
pb	199	0241	7723124
entry	Choléine lactique
entry	Cholélyse Carbou
pb	200	0242	7723125
entry	Choléo-Combretol boldinisé
entry	Choléokinase
pb	201	0243	7723126
entry	Choléo-Lactol Daguin. Formule du Docteur L.-G. Mary
entry	Cholergine
pb	202	0244	7723127
entry	Choline « Roche »
entry	Chophytol
pb	203	0245	7723128
entry	Chrysémine
pb	204	0246	7723129
entry	Cibalgine
entry	Cimatryl
pb	205	0247	7723130
entry	Cinalose
pb	206	0248	7723131
entry	Cinnozyl
entry	Cipromarol
pb	207	0249	7723132
entry	Citrocarbine
entry	Citrofluyl
pb	208	0250	7723133
entry	Citrolargol
entry	Citropaïne du Docteur Fontal
pb	209	0251	7723134
entry	Citrosodine Longuet
entry	Clisémine Longuet
pb	210	0252	7723135
entry	Clonazone Daufresne
pb	211	0253	7723136
entry	Clupeyl
entry	Cocaïne Midy
pb	212	0254	7723137
entry	Codoforme
entry	Colchi-Sal Midy
pb	213	0255	7723138
entry	Colitique
entry	Colloïdes Amicros
pb	214	0256	7723139
entry	Colloïdine Laleuf
pb	215	0257	7723140
entry	Colloïdogénine du Docteur Bayle
pb	216	0258	7723141
entry	Colluborine Dupuy
entry	Collyres Chibret
pb	217	0259	7723142
entry	Comitiol
pb	218	0260	7723143
entry	Complexes colloïdaux du Docteur Riquoir
pb	219	0261	7723144
entry	Complextraits
entry	Comprimés Adrian
pb	220	0262	7723145
entry	Comprimés Aqua Pura
entry	Comprimés Chéralys
pb	221	0263	7723146
entry	Comprimés d'Alibour
entry	Comprimés de Pantolaxine du Docteur Boveil
pb	222	0264	7723147
entry	Comprimés Guillaumin
entry	Comprimés Maver
pb	223	0265	7723148
entry	Comprimés « Roche » de Thiocol
entry	Comprimés Salvé
pb	224	0266	7723149
entry	Comprimés Vichy-État
entry	Conjonctol
pb	225	0267	7723150
entry	Coramine Ciba
pb	226	0268	7723151
entry	Coréine
pb	227	0269	7723152
pb	228	0270	7723153
entry	Crataegine
entry	Crédone Dehaussy
pb	229	0271	7723154
entry	Crème résolutive du Docteur Rap
entry	Créoline Péarson
pb	230	0272	7723155
entry	Créosal Dubois
entry	Créosoforme Lambiotte Frères
pb	231	0273	7723156
entry	Crescol
pb	232	0274	7723157
entry	Crésentyl
pb	233	0275	7723158
entry	Crésopirine de G. Carrière et E. Gérard
entry	Crésyl Jeyes
pb	234	0276	7723159
entry	Crisalbine
entry	Cristolax Wander
pb	235	0277	7723160
entry	Cryogénine Lumière
entry	Cryptargol Lumière
pb	236	0278	7723161
entry	Crypthiol
pb	237	0279	7723162
entry	Crysiodal du Docteur Et. Maigre
pb	238	0280	7723163
entry	Curatine Brunet
pb	239	0281	7723164
entry	Curatoxine
pb	240	0282	7723165
entry	Curiode. Curiode Arsénié
pb	241	0283	7723166
entry	Curiosan
entry	Curogène
pb	242	0284	7723167
entry	Curoxyure
entry	Cyanhermine
pb	243	0285	7723168
entry	Cytobiase
pb	244	0286	7723169
entry	Cyto-Manganol Corbière
entry	Cyto-sérum Corbière
pb	245	0287	7723170
entry	Déclonal
entry	Decorpa
pb	246	0288	7723171
entry	Delbiase
entry	Dépuratif Kromelinck
pb	247	0289	7723172
entry	Dépuratif-Rob Lechaux
pb	248	0290	7723173
entry	Dépuriode du Docteur Roger Weber
pb	249	0291	7723174
entry	Dermofagine
entry	Dermo-Plastol Dumesnil
pb	250	0292	7723175
entry	Dermoradol
pb	251	0293	7723176
entry	Dermo-Stalys du Docteur Wagon
pb	252	0294	7723177
entry	Désensibilysine
entry	Desitin
pb	253	0295	7723178
entry	Détergine du Docteur Bourdeau
entry	Diabétifuge
pb	254	0296	7723179
entry	Diabétuline
entry	Diadermine
pb	255	0297	7723180
entry	Dialacétine Ciba
entry	Dial Ciba
pb	256	0298	7723181
entry	Dialyl
pb	257	0299	7723182
entry	Diasana
pb	258	0300	7723183
entry	Diasclérol
pb	259	0301	7723184
entry	Diases Progil
pb	260	0302	7723185
entry	Diastogène Dehaussy
pb	261	0303	7723186
entry	Diasto-Pepsine Richepin
entry	Diathermie
pb	262	0304	7723187
entry	Dicaliode
pb	263	0305	7723188
entry	Didial Ciba
entry	Diénol
pb	264	0306	7723189
entry	Digalène « Roche »
pb	265	0307	7723190
entry	Digestif Harvey
entry	Digestonic
pb	266	0308	7723191
entry	Digibaïne
pb	267	0309	7723192
entry	Digifoline Ciba
entry	Digimialbaïne
pb	268	0310	7723193
entry	Digitaline cristallisée Mialhe-Petit
entry	Digitaline Invar
pb	269	0311	7723194
entry	Digitaline Nativelle
entry	Dioradin
pb	270	0312	7723195
entry	Dioséine Prunier
pb	271	0313	7723196
entry	Dismine Favrot
pb	272	0314	7723197
entry	Diurégine
entry	Diurène
pb	273	0315	7723198
entry	Diurocalcine Gros
entry	Dmelcos
pb	274	0316	7723199
entry	Doloma. Professeurs Dubard et Voisenet. Doloma injectable
pb	275	0317	7723200
entry	Dolophos
entry	Dolysine
pb	276	0318	7723201
entry	Dragée Adrian au chlorure de magnésium
entry	Dragées Bengué au menthol
pb	277	0319	7723202
entry	Dragées de Mastophile Annic
entry	Dragées du Docteur Gélineau
pb	278	0320	7723203
entry	Dragées Elkin. Granulés Elkin
entry	Dragées ferro-ergotées Mannet
pb	279	0321	7723204
entry	Dragées Hecquet
entry	Dragées Lebrun toni-cardiaques
pb	280	0322	7723205
entry	Dragées Lumeval
entry	Dragées névrosthéniques « Yse »
pb	281	0323	7723206
entry	Dryco
entry	Dyspeptine Hepp
pb	282	0324	7723207
entry	Edistol
entry	Édo-Vaccins
pb	283	0325	7723208
entry	Ektogan Bocquillon
entry	Élatine Bouin
pb	284	0326	7723209
entry	Elbon Ciba
entry	Électrargol
pb	285	0327	7723210
entry	Électrocuprol
entry	Électromartiol
pb	286	0328	7723211
entry	Électrosélénium
entry	Éléodermine
pb	287	0329	7723212
entry	Elgine Julien
entry	Élixir Bonjean
pb	288	0330	7723213
entry	Élixir Déret
entry	Élixir de Virginie Nyrdahl
pb	289	0331	7723214
entry	Élixir Duchamp
entry	Élixir Ducro
pb	290	0332	7723215
entry	Élixir du Docteur Mialhe
entry	Élixir Dussaud
pb	291	0333	7723216
entry	Elixir eupeptique Tisy
entry	Élixir ferro-ergoté Mannet
pb	292	0334	7723217
entry	Elixir Grez
entry	Élixir Hymel
pb	293	0335	7723218
entry	Élixir iodépuratif Pépin
entry	Elixir Spark
pb	294	0336	7723219
entry	Élixir Spes du Docteur Guiraud
entry	Elixir thiogaïacolé Arquevaux
pb	295	0337	7723220
entry	Elkin
pb	296	0338	7723221
entry	Elzévir-Dentition
pb	297	0339	7723222
entry	Emerson's Bromo-Seltzer
pb	298	0340	7723223
entry	Emgé Lumière
entry	Emplâtres Roge-Cavaillès
pb	299	0341	7723224
entry	Endocalcase
entry	Endopancrine
pb	300	0342	7723225
entry	Enésol
entry	Eniode Lefebvre
pb	301	0343	7723226
entry	Ennego
entry	Entériode
pb	302	0344	7723227
entry	Entéro-Antigènes
pb	303	0345	7723228
entry	Enterobyl Dehaussy
pb	304	0346	7723229
entry	Entérohépatine
entry	Entérovaccin Lumière
pb	305	0347	7723230
entry	Entéroxin Leclerc
pb	306	0348	7723231
entry	Enzypan
entry	Épholéine
pb	307	0349	7723232
entry	Epicral
pb	308	0350	7723233
entry	Eranol
pb	309	0351	7723234
entry	Ercerhinol
entry	Ergotine Lamante
pb	310	0352	7723235
entry	Esculéol
entry	Eubiol
pb	311	0353	7723236
entry	Eucalyptine Le Brun
pb	312	0354	7723237
entry	Euchol
pb	313	0355	7723238
entry	Eucytol
entry	Eudynol
pb	314	0356	7723239
entry	Eugynol Grandval
entry	Eumictine
pb	315	0357	7723240
entry	Euonymine Paul Thibault
pb	316	0358	7723241
entry	Eupatorine (Gouttes). Eupatorine (Pilules)
pb	317	0359	7723242
entry	Eupaveryl Pachaut
entry	Euphon
pb	318	0360	7723243
entry	Euphoryl
pb	319	0361	7723244
entry	Euphytose
pb	320	0362	7723245
entry	Eupnine Vernade
entry	Eupnogénol
pb	321	0363	7723246
entry	Eurectol
entry	Euronal
pb	322	0364	7723247
entry	Eusomnine Bélières
pb	323	0365	7723248
entry	Eutensyl Grémy
pb	324	0366	7723249
entry	Évine
entry	Évolaxine
pb	325	0367	7723250
entry	Evonyl
entry	Extrait de céréales Adrian
pb	326	0368	7723251
entry	Extrait de malt français Déjardin
entry	Extrait Surrénal « Meurice »
pb	327	0369	7723252
entry	Facmine Longuet
entry	Fango Fisch et Compagnie
pb	328	0370	7723253
entry	Farine de malt Heudebert
pb	329	0371	7723254
entry	Farines de régime Bloch
pb	330	0372	7723255
entry	Farine lactée diastasée « Salvy »
entry	Félamine « Sandoz »
pb	331	0373	7723256
entry	Fénugrène
pb	332	0374	7723257
entry	Fer Bravais
pb	333	0375	7723258
entry	Fer Larcade
entry	Fer ovarine Vitalis
pb	334	0376	7723259
entry	Feroxal Buisson
entry	Ferrocodile et ferricodile
pb	335	0377	7723260
entry	Ferrophytine Ciba
entry	Fixase
pb	336	0378	7723261
entry	Fludiose à l'iodure de manganèse
pb	337	0379	7723262
entry	Fluobyl
pb	338	0380	7723263
entry	Fluodyle
pb	339	0381	7723264
entry	Fluosalyl Beaugourdon
pb	340	0382	7723265
entry	Fluxine (gouttes)
entry	Folliculine Choay
pb	341	0383	7723266
entry	Forcival
entry	Foriod
pb	342	0384	7723267
entry	Formadermine
entry	Formine Adrian
pb	343	0385	7723268
entry	Formocarbine
pb	344	0386	7723269
entry	Formo-Vaccins ou Vaccins Lucinia
entry	Formyl
pb	345	0387	7723270
entry	Fornose
entry	Fortossan Ciba
pb	346	0388	7723271
entry	Fortossan irradié
entry	Forxol
pb	347	0389	7723272
entry	Fosfoxyl Carron
pb	348	0390	7723273
entry	Fosyls Carron
pb	349	0391	7723274
entry	Francoplaste
entry	Freinix
pb	350	0392	7723275
entry	Fucobiline
entry	Fucosine
pb	351	0393	7723276
entry	Furonculase
pb	352	0394	7723277
entry	Gaduamine
pb	353	0395	7723278
entry	Gaduase
pb	354	0396	7723279
entry	Galabactéine
entry	Galactogil
pb	355	0397	7723280
entry	Galform Lambiotte Frères
entry	Galyl
pb	356	0398	7723281
entry	Gambéol
pb	357	0399	7723282
entry	Ganderma
entry	Gardénal
pb	358	0400	7723283
entry	Gastricine du Docteur E. Duhourcau
entry	Gastrocalcine
pb	359	0401	7723284
entry	Gastrocaol
pb	360	0402	7723285
entry	Gastropansement du Docteur Zizine
pb	361	0403	7723286
entry	Gastropeptyl
entry	Gastrophytol
pb	362	0404	7723287
entry	Gastro-Sodine
entry	Gaurol
pb	363	0405	7723288
entry	Gaze Néolée
entry	Gelagar
pb	364	0406	7723289
entry	Gélobarine
entry	Gélogastrine Licardy
pb	365	0407	7723290
entry	Gélo-pansement Byla
entry	Gélo-pansements Gastro-intestinaux
pb	366	0408	7723291
entry	Gélor
entry	Gélotanin
pb	367	0409	7723292
entry	Gélotube 29
entry	Génacide
pb	368	0410	7723293
entry	Génatropine
entry	Génergosine
pb	369	0411	7723294
entry	Génésérine
entry	Genhyoscyamine
pb	370	0412	7723295
entry	Génoscopolamine
entry	Genosthéniques
pb	371	0413	7723296
entry	Génostrychnine
entry	Germoclasine
pb	372	0414	7723297
entry	Germose
pb	373	0415	7723298
entry	Glandocalcyl
pb	374	0416	7723299
entry	Globugénol Chanal
pb	375	0417	7723300
entry	Globules Fumouze
entry	Globules Romon
pb	376	0418	7723301
entry	Glottyl
entry	Glycérophosphate Dalloz
pb	377	0419	7723302
entry	Glycérophosphate Robin
entry	Glycocarpine
pb	378	0420	7723303
entry	Glyco-Lactimase
pb	379	0421	7723304
entry	Glyco-M.
pb	380	0422	7723305
entry	Glyctone phosphatée Charrière
pb	381	0423	7723306
entry	Glykolaïne Robin
entry	Glyphospher
pb	382	0424	7723307
entry	Gobérol
entry	Golarsyl « Meurice »
pb	383	0425	7723308
entry	Goménol
entry	Gonacrine
pb	384	0426	7723309
entry	Gonagone
entry	Gosiérine Dalloz
pb	385	0427	7723310
entry	Gouttes de Sérû
entry	Gouttes Halogènes du Docteur Bern. Ovules Halogènes du Docteur Bern
pb	386	0428	7723311
entry	Gouttes livoniennes de Trouette-Perret
entry	Gouttes Magalo
pb	387	0429	7723312
entry	Gouttes Malone du Docteur Guesne
pb	388	0430	7723313
entry	Gouttes Nican
pb	389	0431	7723314
entry	Gouttes Pilka (Pilka Golaz ou Thymipin)
entry	Gouttes scandinaves
pb	390	0432	7723315
entry	Goyl « Meurice »
pb	pb	0433	7723316
pb	392	0434	7723317
entry	Grains céphalgifuges
pb	393	0435	7723318
entry	Grains de Vals
pb	394	0436	7723319
entry	Grains d'Évian
pb	395	0437	7723320
entry	Granions
pb	396	0438	7723321
entry	Granulé Caresmel
entry	Granules de Pantofort du Docteur Boveil
pb	397	0439	7723322
entry	Granules des Vosges
entry	Granules 3 Cachets au phosphore de zinc
pb	398	0440	7723323
entry	Grassyl
entry	Graumanyl « Meurice »
pb	399	0441	7723324
entry	Grippol-Fornet
entry	Guéthural
pb	400	0442	7723325
entry	Gui Byla
entry	Guipsine
pb	401	0443	7723326
entry	Guitose
entry	Gynergène Sandoz
pb	402	0444	7723327
entry	Gynocalcion
entry	Gynopausine
pb	403	0445	7723328
entry	Haemaboeol
entry	Hamaméline Roya
pb	404	0446	7723329
entry	Hamaméliode
pb	405	0447	7723330
entry	Hamamélis Grandval
entry	Hectargyre
pb	406	0448	7723331
entry	Hectine
entry	Hélénine de Korab
pb	407	0449	7723332
entry	Héliostérine
entry	Hémagène Tailleur
pb	408	0450	7723333
entry	Hémagénine Giraud
entry	Hématoquina Trantoul
pb	409	0451	7723334
entry	Hémaxol
entry	Hémoantitoxine « Sofos » de l'Institut du Professeur E. Maragliano
pb	410	0452	7723335
entry	Hémo-Cyto-sérum
entry	Hémodrome
pb	411	0453	7723336
entry	Hémoductyl
entry	Hémofixine Branchu
pb	412	0454	7723337
entry	Hémoglobine Deschiens
pb	413	0455	7723338
entry	Hémopanbiline
pb	414	0456	7723339
entry	Hémopausine
entry	Hémopectal
pb	415	0457	7723340
entry	Hémo-Phagostyl
entry	Hémoplase Lumière
pb	416	0458	7723341
entry	Hémorroïdine gouttes
entry	Hémorroïdine pommade
pb	417	0459	7723342
entry	Hémostyl du Docteur Roussel
pb	418	0460	7723343
pb	419	0461	7723344
entry	Hémotonine
entry	Hemypnal Ciba
pb	420	0462	7723345
entry	Hépanème
entry	Hépaphos
pb	421	0463	7723346
entry	Héparmone
entry	Hépatismine
pb	422	0464	7723347
entry	Hépato-Byl
entry	Hépatolax
pb	423	0465	7723348
entry	Hépatosodine
entry	Hépatozyl Caldo
pb	424	0466	7723349
entry	Hépatrol
entry	Héracléol
pb	425	0467	7723350
entry	Hergénol
entry	Hermophényl Lumière
pb	426	0468	7723351
entry	Héxachol-Boeglin
entry	Hexotal
pb	427	0469	7723352
entry	Hipposarcine Roy
entry	Hirudinase
pb	428	0470	7723353
entry	Histocalcine
entry	Histogénol
pb	429	0471	7723354
entry	Holos
entry	Holovarine
pb	430	0472	7723355
entry	Hopogan Bocquillon
entry	Hormobiline
pb	431	0473	7723356
entry	Hormocline
entry	Hormotone
pb	432	0474	7723357
entry	Hormovarine Byla
entry	Huile Crolas
pb	433	0475	7723358
entry	Huile Gallina
entry	Huile grise Ergé
pb	434	0476	7723359
entry	Hydralin
entry	Hydroxydase
pb	435	0477	7723360
entry	Hyol
entry	Hyoscyamine Houdé
pb	436	0478	7723361
entry	Hypersan
entry	Hyperstyl
pb	437	0479	7723362
entry	Hypnosédine
entry	Hypnovel Vély
pb	438	0480	7723363
entry	Hypochlorine Pourtal
pb	439	0481	7723364
entry	Hyrganol
pb	440	0482	7723365
entry	« I. A. M. »
pb	441	0483	7723366
entry	Iloglandol « Roche »
pb	442	0484	7723367
entry	Immunizols
pb	443	0485	7723368
entry	Grémy
pb	444	0486	7723369
entry	Immunovaccin antirhumatismal
entry	Indhaméline Lejeune pluriglandulaire
pb	445	0487	7723370
entry	Indhaméline Lejeune simple
entry	Infra-rouges
pb	446	0488	7723371
entry	Inhalation Lancosme
entry	Inhalo-Bol
pb	447	0489	7723372
entry	Inhalol
entry	Inhalone
pb	448	0490	7723373
entry	Inhalo-Sel
entry	Inhaloxyl
pb	449	0491	7723374
entry	Injection et gouttes Clin
pb	450	0492	7723375
entry	Inolène
entry	Inotyol
pb	451	0493	7723376
entry	Insulanol
entry	Insuline
pb	452	0494	7723377
entry	Insuline-buccale Fornet
pb	453	0495	7723378
entry	Insuline Byla
entry	Insuline Rogier
pb	454	0496	7723379
entry	Insulyl du Docteur Roussel
entry	Ioda
pb	455	0497	7723380
entry	Iodalose Galbrun
pb	456	0498	7723381
entry	Iodamélis Logeais
pb	457	0499	7723382
entry	Iodarsenic Guiraud ou Gouttes Paidophiles du Docteur Guiraud
entry	Iodaseptine Cortial
pb	458	0500	7723383
entry	Iodéïne Montagu
entry	Iodentérol
pb	459	0501	7723384
entry	Iode organique Boissy
pb	460	0502	7723385
entry	Iodex
pb	461	0503	7723386
entry	Iodhéma
entry	Iodine Médol
pb	462	0504	7723387
entry	Iodinjectol Jammes
entry	Iodo-Bismuthate de quinine Fraisse
pb	463	0505	7723388
entry	Iodo-Bismuth Ercé
entry	Iodocalcium
pb	464	0506	7723389
entry	Iodogénol Pépin
pb	465	0507	7723390
entry	Iodo-Maïsine
pb	466	0508	7723391
entry	Iodométine
entry	Iodone Robin
pb	467	0509	7723392
entry	Iodonucléol
pb	468	0510	7723393
entry	Iodostarine « Roche »
pb	469	0511	7723394
entry	Iodo-Thyroïdine Catillon
entry	Iodo-Vitasine
pb	470	0512	7723395
entry	Iodurase
entry	Iodure d'Amidon Lumière
pb	471	0513	7723396
entry	Iodures Pachaut
entry	Iodure Philippe
pb	472	0514	7723397
entry	Iodures Souffron
entry	Ionyl
pb	473	0515	7723398
entry	Irénine Gonnon
entry	Irradiol
pb	474	0516	7723399
entry	Irrastérine
pb	475	0517	7723400
entry	Isacène « Roche »
pb	476	0518	7723401
entry	Isotonyl Bouret
pb	477	0519	7723402
entry	Ixium
pb	478	0520	7723403
entry	Ixogyne
pb	479	0521	7723404
entry	Jécol
pb	480	0522	7723405
entry	Jemalt Wander
entry	Juglane
pb	481	0523	7723406
entry	Kalmobrol
entry	Kaobrol
pb	482	0524	7723407
entry	Kaolinase
entry	Kénol
pb	483	0525	7723408
entry	Kerlactine
entry	Kerlol
pb	484	0526	7723409
entry	Kidoline
entry	Kinectine
pb	485	0527	7723410
entry	Kipsol
entry	Kluchol Remeaud
pb	486	0528	7723411
entry	Koch-I-Cide Leysin
pb	487	0529	7723412
pb	488	0530	7723413
entry	Kola granulée Astier
pb	489	0531	7723414
entry	Kolatinés
pb	490	0532	7723415
entry	Kreptol
entry	Kydalose
pb	491	0533	7723416
entry	Kymosine Rogier
pb	492	0534	7723417
entry	Lab lacto ferment Mialhe
entry	Laccodermes
pb	493	0535	7723418
entry	Lachésine
entry	Lacpinine
pb	494	0536	7723419
entry	Lacrenile « Meurice »
entry	Lactaris
pb	495	0537	7723420
entry	Lacticholéine Tulivet
entry	Lactimase
pb	496	0538	7723421
entry	Lactobacilline
entry	Lactobyl
pb	497	0539	7723422
entry	Lactochol
entry	Lactolaxine Fydau
pb	498	0540	7723423
entry	Lactyl « Meurice »
pb	499	0541	7723424
entry	Lait de magnésie Phillips
pb	500	0542	7723425
entry	Lait en poudre Guigoz
pb	501	0543	7723426
entry	Lait Mont Blanc
pb	502	0544	7723427
entry	Lait sec Lo-Lo
entry	Lansoyl
pb	503	0545	7723428
entry	Lantol
pb	504	0546	7723429
entry	Larosan « Roche »
pb	505	0547	7723430
entry	Laurénol médicinal
entry	Laxadiase
pb	506	0548	7723431
entry	Laxamalt
entry	Laxamer
pb	507	0549	7723432
entry	Laxatifs Miraton Chatel-Guyon
entry	Laxaul
pb	508	0550	7723433
entry	Laxocholéine Tulivet
entry	Laxogélose Tulivet
pb	509	0551	7723434
entry	Laxopeptine Girard
entry	Laxor
pb	510	0552	7723435
entry	Lénicure-Vichy
pb	511	0553	7723436
entry	Léniforme
entry	Leucagine
pb	512	0554	7723437
entry	Leucoseptyl
pb	513	0555	7723438
entry	Levulose Rogier
entry	Levure B-17 de H. Boulard
pb	514	0556	7723439
entry	Levure Fraiche Mycéta
entry	Levurine extractive
pb	515	0557	7723440
entry	Leysin
entry	Limol Churchill
pb	516	0558	7723441
entry	Limonade Godfrin
entry	Linadéline. Poudre du bon Docteur
pb	517	0559	7723442
entry	Lin-Tarin
pb	518	0560	7723443
entry	Lipiodol Lafay
entry	Lipocérébrine Chevretin
pb	519	0561	7723444
entry	Lipodéterpénol
pb	520	0562	7723445
entry	Lipoïdes Iscovesco. Lipoïdes associés
pb	521	0563	7723446
entry	Lipoiodine Ciba
entry	Liposeptine
pb	522	0564	7723447
entry	Liposplénine du Docteur Groc
pb	523	0565	7723448
pb	524	0566	7723449
entry	Liqueur Laville
entry	Liqueur Talobre
pb	525	0567	7723450
entry	Listose Vicario
entry	Lobuline
pb	526	0568	7723451
entry	Loraga
pb	527	0569	7723452
entry	Lual
entry	Luarsyl
pb	528	0570	7723453
entry	Lucodal
pb	529	0571	7723454
entry	Ludin
pb	530	0572	7723455
entry	Lusoforme
pb	531	0573	7723456
entry	Magnésie Bismurée
entry	Magnésie lourde de Durel
pb	532	0574	7723457
entry	Magnésium Hardy
entry	Magnétone-Sélamon
pb	533	0575	7723458
entry	Magol Churchill
entry	Malarsan
pb	534	0576	7723459
entry	« Maltase Fanta »
entry	Malt Barley
pb	535	0577	7723460
entry	Maltea Moser cristallisée
entry	Malt français Dejardin (Extrait de)
pb	536	0578	7723461
entry	Maltosan
entry	Malt pailleté Progil
pb	537	0579	7723462
pb	538	0580	7723463
entry	Malt Wander ou Gloma. Gloma pur
entry	Iodo-Gloma
entry	Malt Wander ou Gloma. Gaya Gloma
pb	539	0581	7723464
entry	Glycéro-Gloma
entry	Calcio-Gloma
pb	540	0582	7723465
entry	Mamelline « Meurice »
entry	Mancobène
pb	541	0583	7723466
entry	Mangaïne
pb	542	0584	7723467
entry	Mangano Phosphal Julien
pb	543	0585	7723468
entry	Mangarsenic
entry	Marinol
pb	544	0586	7723469
entry	Marrubène
entry	Marrubiase
pb	545	0587	7723470
entry	Maté Douglas
entry	Medicoferment
pb	546	0588	7723471
entry	Ménatol
entry	Ménosédine
pb	547	0589	7723472
entry	Ménovarine
pb	548	0590	7723473
entry	Mensuosédyl
pb	549	0591	7723474
entry	Mésoforme
pb	550	0592	7723475
entry	Mésothorium Buisson
pb	551	0593	7723476
entry	Métacuprol
entry	Métalase
pb	552	0594	7723477
entry	Méta-Titane
entry	Méta-Vaccin
pb	553	0595	7723478
entry	Métritols
entry	Mialbaïne
pb	554	0596	7723479
entry	Micelliode
pb	555	0597	7723480
pb	556	0598	7723481
entry	Mictasol
pb	557	0599	7723482
entry	Mictoseptol
entry	Minergil
pb	558	0600	7723483
entry	Miroxyl
entry	Moranyl
pb	559	0601	7723484
entry	Morisland irradié
entry	Moroïdol Ch. Gautier
pb	560	0602	7723485
entry	Morrhualène Gautier
entry	Morrhuétine Jungken
pb	561	0603	7723486
entry	Morrhuol
entry	Morrhuxine
pb	562	0604	7723487
entry	Morubiase
entry	Moruxase
pb	563	0605	7723488
entry	Mucicarbos
entry	Mucilaxine
pb	564	0606	7723489
entry	Mucinum (Comprimés de)
entry	Mucosodine
pb	565	0607	7723490
entry	Musculogenol
entry	Musculosine Byla
pb	566	0608	7723491
entry	Muthanol
entry	Mycolysine du Docteur Doyen
pb	567	0609	7723492
entry	Myoden
pb	568	0610	7723493
entry	Naiodine Logeais
pb	569	0611	7723494
entry	Naphtocarbine
entry	Narcyl
pb	570	0612	7723495
entry	Narsénol
entry	Natibaïne
pb	571	0613	7723496
entry	Natrosyl
entry	Nazophyl Darva
pb	572	0614	7723497
entry	Néoarsite
entry	Néo-Arsycodile
pb	573	0615	7723498
entry	Néo-Calciline
pb	574	0616	7723499
entry	Néo-Collargol
pb	575	0617	7723500
entry	Néoiacol
entry	Néol
pb	576	0618	7723501
entry	Néo-Laxatif Chapotot
pb	577	0619	7723502
entry	Néolyse et Néolyse radioactive
entry	Néopancarpine
pb	578	0620	7723503
entry	Néophage
entry	Néo-physiosthénine. Physiosthénine
pb	579	0621	7723504
entry	Néo-Rhomnol
entry	Néo-Riodine
pb	580	0622	7723505
entry	Néothorium Millot
pb	581	0623	7723506
entry	Néo-Trépol
entry	Néotrophène
pb	582	0624	7723507
entry	Neptal
entry	Nergine Heudebert
pb	583	0625	7723508
entry	Nervocitine Tissot
entry	Nestosyl
pb	584	0626	7723509
entry	Neurène
entry	Neuréol
pb	585	0627	7723510
entry	Neurinase
entry	Neurobore
pb	586	0628	7723511
entry	Neurocalcium
pb	pb	0629	7723512
pb	588	0630	7723513
entry	Neuro-Moka
pb	589	0631	7723514
entry	Neuro Pax
pb	590	0632	7723515
entry	Neuroplasma Fort
entry	Neuroplasma Massif
pb	591	0633	7723516
entry	Neuroplasmine Fort
entry	Neuropol
pb	592	0634	7723517
entry	Neurosine Prunier
entry	Neurotrol
pb	593	0635	7723518
entry	Neurotrophol Byla
pb	594	0636	7723519
entry	Neutralcaol
pb	595	0637	7723520
entry	Névoral Rafey
pb	596	0638	7723521
entry	Névralgine Monsarrat
entry	Névralgol Brossard
pb	597	0639	7723522
entry	Nevrosan
entry	Névrosol
pb	598	0640	7723523
entry	Névrosthénine Freyssinge
entry	Nigérine Vincent
pb	599	0641	7723524
entry	Nisaméline de Trouette-Perret
pb	600	0642	7723525
entry	Nitium Buisson
entry	Nitroyl Leysin injectable
pb	601	0643	7723526
entry	Nopirine Vicario
entry	Normacol
pb	602	0644	7723527
entry	Novacétine Prunier
entry	Novargyre
pb	603	0645	7723528
entry	Novarsénobenzol Billon
entry	Noviode
pb	604	0646	7723529
entry	Novo-Brol
entry	Novolactol Daguin
pb	605	0647	7723530
entry	Nucléarsitol Robin
entry	Nucléatol Robin
pb	606	0648	7723531
entry	Nucléigène
entry	Nucléophorine
pb	607	0649	7723532
entry	Nuclhémose
entry	Nujol
pb	608	0650	7723533
entry	Nutro
entry	Nutrobiase, raisin vivant
pb	609	0651	7723534
entry	Nutromalt
entry	Nyctal
pb	610	0652	7723535
entry	Ocréine Grémy
pb	611	0653	7723536
entry	Odarsol
entry	Odynal Chevalier
pb	612	0654	7723537
entry	Oenophos
entry	Oléocidase
pb	613	0655	7723538
entry	Oléoformine Corbière
entry	Oléo-Mel
pb	614	0656	7723539
entry	Oléthyle-Benzyle
pb	615	0657	7723540
entry	Oliolase Corbière
entry	Onction Angelini
pb	616	0658	7723541
entry	Onction Leysin
entry	Ophtalmine
pb	617	0659	7723542
entry	Opobyl
pb	618	0660	7723543
entry	Opocalcium du Docteur Guersant
pb	619	0661	7723544
entry	Opocalcium irradié du Docteur Guersant
pb	620	0662	7723545
entry	Opochol
pb	621	0663	7723546
entry	Opodermyl
entry	Oponuclyl irradié Trouette-Perret
pb	622	0664	7723547
entry	Opothérapie associée du Docteur Fraysse
pb	623	0665	7723548
entry	Opothérapie Bouty
pb	624	0666	7723549
entry	Opothérapie Byla
pb	625	0667	7723550
pb	626	0668	7723551
entry	Opothérapie Choay
pb	627	0669	7723552
entry	Opothérapie Fournier
pb	628	0670	7723553
entry	Opothérapie « Henning »
pb	629	0671	7723554
entry	« Opothérapie Moncour ». Sphérulines synergiques
entry	Néo-sphérulines Moncour
pb	630	0672	7723555
entry	Opothérapiques Péllissier
pb	631	0673	7723556
entry	Opozones Lumière
entry	Optalidon Sandoz
pb	632	0674	7723557
entry	Orargol Amicros
pb	633	0675	7723558
entry	Orchitine « Meurice »
entry	Orexyl
pb	634	0676	7723559
entry	Ormatol
entry	Ortho-Gastrine
pb	635	0677	7723560
entry	Orthogénol
pb	636	0678	7723561
entry	Osmo-Vaccins P. L.
pb	637	0679	7723562
entry	Osteline
pb	638	0680	7723563
entry	Ostréine
pb	639	0681	7723564
entry	Ouabaïne Arnaud
pb	640	0682	7723565
entry	Ouataplasme du Docteur Ed. Langlebert
entry	Ovaridine « Meurice »
pb	641	0683	7723566
entry	Ovarine « Meurice »
entry	Ovarine Tisy
pb	642	0684	7723567
entry	Ovarnon
entry	Ovo-Lécithine Billon
pb	643	0685	7723568
entry	Ovomaltine
entry	Ovules Chaumel
pb	644	0686	7723569
entry	Ovules Ivula Pearson
entry	Ovules « Roche »
pb	645	0687	7723570
entry	Oxydothyrine Paris
entry	Oxydovarine Paris
pb	646	0688	7723571
entry	Oxygénase
entry	Oxylysine
pb	647	0689	7723572
entry	Oxymenthol Perraudin
entry	Oxymuth Saca
pb	648	0690	7723573
entry	Ozobiase
entry	Ozonair
pb	649	0691	7723574
entry	Pain Essentiel
pb	650	0692	7723575
entry	Pain Redeuil
pb	651	0693	7723576
entry	Pains spéciaux Heudebert
pb	652	0694	7723577
entry	Jus de raisin naturel Pampryl
entry	Panbiase
pb	653	0695	7723578
entry	Panbiline
pb	654	0696	7723579
entry	Pancréanne
entry	Pancréastase Defresne granulée
pb	655	0697	7723580
entry	Pancrépatine Laleuf
entry	Pancrinol du Docteur Debat
pb	656	0698	7723581
entry	Panfébrine
pb	657	0699	7723582
entry	Pangaduine
entry	Pangastrol
pb	658	0700	7723583
entry	Pangestyl Narty
entry	Panglandine
pb	659	0701	7723584
entry	« Panhémol »
pb	660	0702	7723585
entry	Pantopon « Roche »
pb	661	0703	7723586
entry	Papaïne de Trouette-Perret
pb	662	0704	7723587
entry	Papaveryl
entry	Papier Iodogène Eymonnet à l'iode naissant
pb	663	0705	7723588
entry	Paquets Védé
entry	Paradoline
pb	664	0706	7723589
entry	Paralactine Byla
entry	Paralaxol Tulivet
pb	665	0707	7723590
entry	Parathyrocalcine « Moncour »
entry	Parlax
pb	666	0708	7723591
entry	Paroxyl
pb	667	0709	7723592
entry	Passiflorine
pb	668	0710	7723593
entry	Passival
entry	Pastilles Fayès à la sulfocaïne
pb	669	0711	7723594
entry	Pate Mireille
entry	Patholysine
pb	670	0712	7723595
entry	Paxène
entry	Pelévine
pb	671	0713	7723596
entry	Pélospanines
entry	Pelvisédol
pb	672	0714	7723597
entry	Pepsodia
entry	Peptalmine
pb	673	0715	7723598
entry	Peptalmine magnésiée
pb	674	0716	7723599
entry	Pepticol
pb	675	0717	7723600
entry	Peptodiase
pb	676	0718	7723601
entry	Peptogil A. et L.
entry	Pepto Kola Robin
pb	677	0719	7723602
entry	Peptonal
entry	Peptonate de fer Robin
pb	678	0720	7723603
entry	Peptone Vassal
entry	Peptozym
pb	679	0721	7723604
entry	Péraziodol
pb	680	0722	7723605
entry	Percaïne Ciba
pb	681	0723	7723606
entry	Péricols du Docteur Legros
entry	Péristaltine Ciba
pb	682	0724	7723607
entry	Perles Taphosote Lambiotte Frères
entry	Pernaemon
pb	683	0725	7723608
entry	Persodine Lumière
entry	Perubore
pb	684	0726	7723609
entry	Phagosthyl
entry	Phagosthyl Mangané
pb	685	0727	7723610
entry	Phaguryl
entry	Pharmetan « Meurice »
pb	686	0728	7723611
entry	Phélaxine
pb	687	0729	7723612
entry	Phiamine
pb	688	0730	7723613
entry	Phléboguil
entry	Phosoforme
pb	689	0731	7723614
entry	Phosol-Quinet
entry	Phosorine
pb	690	0732	7723615
entry	Phosote Lambiotte Frères
entry	Phospharsol
pb	691	0733	7723616
entry	Phosphates du Docteur Pinard
pb	692	0734	7723617
entry	Phosphate Vital de Jacquemaire
pb	693	0735	7723618
entry	Phosphobrom
entry	Phospho-Fluor Beynet
pb	694	0736	7723619
entry	Phosphogaiacol Mary
pb	695	0737	7723620
entry	Phosphogène Favrichon
pb	696	0738	7723621
entry	Phospholéose Demasles
entry	Phosphopinal-Juin
pb	697	0739	7723622
entry	Phostaniol
entry	Phostyl
pb	698	0740	7723623
entry	Phusasmine
entry	Phylactone Byla
pb	699	0741	7723624
entry	Physiosoyamine
pb	700	0742	7723625
entry	Physiosthénine. Néo-Physiosthénine
entry	Phytinate de quinine Ciba
pb	701	0743	7723626
entry	Phytine Ciba
entry	Phytogénine Byla
pb	702	0744	7723627
entry	Phytosplénol Plé
entry	Pilules de Blancard
pb	703	0745	7723628
entry	Pilules de Moussette
entry	Pilules du Docteur Debouzy
pb	704	0746	7723629
entry	Pilules du Docteur Sejournet
entry	Pilules héléniennes Naud
pb	705	0747	7723630
entry	Pilules Hémabione
pb	706	0748	7723631
entry	Pilules Lémary
pb	707	0749	7723632
entry	Pilules Lithuranées du Docteur Boveil
entry	Pilules Philippe
pb	708	0750	7723633
entry	Pipérazine Midy
entry	Pituilobine Byla
pb	709	0751	7723634
entry	Plagéine Soulas
pb	710	0752	7723635
entry	Plasma de Quinton
pb	711	0753	7723636
pb	712	0754	7723637
entry	Pléxorine Vély
entry	Plurion Couturieux
pb	713	0755	7723638
entry	Pneumogéine Renard
pb	714	0756	7723639
entry	Pneumo-Lipase
entry	Pneumostyl Daguin
pb	715	0757	7723640
entry	Poliol Churchill
entry	Polybromure Gonnon
pb	716	0758	7723641
entry	Polyferments Laleuf
entry	Polyiodure Gonnon
pb	717	0759	7723642
entry	Polyminéral Fort
pb	718	0760	7723643
entry	Pommade au Nestosyl
pb	719	0761	7723644
entry	Pommade Fornet à l'insuline Fornet
entry	Pommade Lenoir à la Cinnamoléine
pb	720	0762	7723645
entry	Pommade Logeais
entry	Pommade Midy
pb	721	0763	7723646
entry	Pommade Noelline
entry	Pommades ophtalmiques Chibret Optima
pb	722	0764	7723647
entry	Poudre anti-épileptique Cassarini
entry	Poudre Escouflaire
pb	723	0765	7723648
entry	Poudre et cigarettes Zani
entry	Poudre et pommade d'insuline Phyloze
pb	724	0766	7723649
entry	Poudre laxative de Vichy du Docteur Léonce Souligoux
entry	Poudre Noelline
pb	725	0767	7723650
entry	Poudre Paterson
entry	Poudre Satine
pb	726	0768	7723651
entry	Précikase
entry	Prévalidine
pb	727	0769	7723652
entry	Préventyl
entry	Prezymase
pb	728	0770	7723653
entry	Prises Delqué
entry	Produits Pennès
pb	729	0771	7723654
entry	Propidex
entry	Propidon
pb	730	0772	7723655
entry	Prosthénase Galbrun
entry	Protéobiol
pb	731	0773	7723656
entry	Protiodyne
pb	732	0774	7723657
entry	Protiodyne dragées
entry	Protolysine Ch. Gautier
pb	733	0775	7723658
entry	Proveinase Midy
pb	734	0776	7723659
entry	Proxytol. Proxytases
pb	735	0777	7723660
entry	Psothanol
entry	Pulmocardine
pb	736	0778	7723661
entry	Pulmogyl
entry	Pulmosérum
pb	737	0779	7723662
entry	Pulsamone
pb	738	0780	7723663
entry	Pulvéol
entry	Purganol Daguin
pb	739	0781	7723664
entry	Pyo-Amphogel Ronchèse
entry	Pyoformine
pb	740	0782	7723665
entry	Pyratone
entry	Pyrélaine Collas
pb	741	0783	7723666
entry	Pyréthane
pb	742	0784	7723667
entry	Pyroléol Edet
pb	743	0785	7723668
entry	Quassia-Kina Rabot
entry	Quassine Houdé
pb	744	0786	7723669
entry	Quergémol
entry	Quina Baron
pb	745	0787	7723670
entry	Quinarsol antianémique. Extrait de quinquina Grandval associé aux strychno-phospharsinates
entry	Quinarsol Fébrifuge. Extrait de quinquina à haut titre alcaloïdique avec fer et arsenic assimilable
pb	746	0788	7723671
entry	Quinby et Quinby soluble (Quinio-Bismuth. Formule Aubry)
pb	747	0789	7723672
entry	Quinéine
entry	Quinicardine
pb	748	0790	7723673
entry	Quinimuthol Saca
entry	Quinio-Goyl Meurice
pb	749	0791	7723674
entry	Quinio-Stovarsol
entry	Quinobrome
pb	750	0792	7723675
entry	Quinoforme Lacroix
entry	Quinoïdine Duriez
pb	751	0793	7723676
entry	Quino-Thorium
pb	752	0794	7723677
entry	Quinsal
pb	753	0795	7723678
entry	Quinthéryl
entry	Quotidien
pb	754	0796	7723679
entry	Radiobaume Adrian
entry	Radiolysine
pb	755	0797	7723680
entry	Radiopaque Heudebert
entry	Radiotétrane Gérard
pb	756	0798	7723681
entry	Radiotropine
pb	757	0799	7723682
entry	Réalphène
pb	758	0800	7723683
entry	Réargon
entry	Reconstituant Mary
pb	759	0801	7723684
entry	Rectagine
entry	Rectoline
pb	760	0802	7723685
entry	Rectopanbiline
pb	761	0803	7723686
entry	Régyl. « Régulateur de l'estomac »
pb	762	0804	7723687
entry	Rénaleptine
pb	763	0805	7723688
entry	Resurrex (tablettes)
pb	764	0806	7723689
entry	Résyl
pb	765	0807	7723690
entry	Réthragine
pb	766	0808	7723691
entry	Révulsif Milko
entry	Révulsif Procipha
pb	767	0809	7723692
entry	Rhagadine Bracquemond
entry	Rhéantine Lumière
pb	768	0810	7723693
entry	Rhéothymine Ch. Gautier
entry	Rhésal Vicario
pb	769	0811	7723694
entry	Rhinadrol
pb	770	0812	7723695
entry	Rhinhistol
pb	771	0813	7723696
entry	Rhino-Liposeptine
entry	Rhizotanin Chapotot
pb	772	0814	7723697
entry	Rhodarsan
entry	Rhodazil
pb	773	0815	7723698
entry	Rhoféine
entry	Rhomnol
pb	774	0816	7723699
entry	Ricéyl Billault
pb	775	0817	7723700
entry	Ricigel
entry	Ricomalt
pb	776	0818	7723701
entry	Riodine
entry	Rob Oberlin
pb	777	0819	7723702
entry	Royérine Dupuy
entry	Rozoderme
pb	778	0820	7723703
entry	Rubyl
entry	Rutonal
pb	779	0821	7723704
entry	Rythmosystol
pb	780	0822	7723705
entry	Salantale
pb	781	0823	7723706
entry	Salène Ciba (et Salénal Ciba)
entry	Salicéral
pb	782	0824	7723707
entry	Salsanos
entry	Salubrine Phénix
pb	783	0825	7723708
entry	Salvatyl
pb	784	0826	7723709
entry	Salvenase Legoux
pb	785	0827	7723710
entry	Salyptol Narty
entry	Salysérum du Docteur Jules Sejournet
pb	786	0828	7723711
entry	Sambul
pb	787	0829	7723712
entry	Sanas
pb	788	0830	7723713
entry	Sandoptal
entry	Sanédrine
pb	789	0831	7723714
entry	Sanex-Inhalant
pb	790	0832	7723715
entry	Sanguil
pb	791	0833	7723716
entry	Sanguine irradiée
entry	Sanluol
pb	792	0834	7723717
entry	Sanoformine
entry	Sanogyl. Sanoram
pb	793	0835	7723718
entry	Santal-Midy
entry	Santal Monal
pb	794	0836	7723719
entry	Santhéose
entry	Sapolan
pb	795	0837	7723720
entry	Sarcoptol
entry	Sarcosérum Iscovesco
pb	796	0838	7723721
entry	Saturol
entry	Savon Pérusol
pb	797	0839	7723722
entry	Savons A°. Mollard
entry	Scillarène « Sandoz »
pb	798	0840	7723723
entry	Sclérosérol
entry	Sclérosérum
pb	799	0841	7723724
entry	Scléroveine Hardy
entry	Scurocaïne
pb	800	0842	7723725
entry	Scuroforme
pb	801	0843	7723726
entry	Sécacornine « Roche »
pb	802	0844	7723727
entry	Sédatine Christiaens
entry	Sédatose
pb	803	0845	7723728
entry	Sédatuline
pb	804	0846	7723729
entry	Sédobrol « Roche »
pb	805	0847	7723730
entry	Sédogastrine
pb	806	0848	7723731
entry	Sédol
pb	pb	0849	7723732
pb	808	0850	7723733
entry	Sédoneurol Dehaussy
pb	809	0851	7723734
pb	810	0852	7723735
entry	Sédorhinol
pb	811	0853	7723736
entry	Sédormid « Roche »
pb	812	0854	7723737
entry	Sédosine
pb	813	0855	7723738
entry	Selamon. Sel de Hunt
pb	814	0856	7723739
entry	Sel d'Ewald
entry	Séléniol
pb	815	0857	7723740
entry	Sel hépatique U. N. Arquevaux
pb	816	0858	7723741
entry	Sels du Jura
pb	817	0859	7723742
entry	Selunic
pb	818	0860	7723743
entry	Septicémine Cortial
pb	819	0861	7723744
entry	Séro-comprimés Mérieux
pb	820	0862	7723745
entry	Séroma Rey
pb	821	0863	7723746
entry	Séroquinol injectable
pb	822	0864	7723747
entry	Séro-sérum Rivier
pb	823	0865	7723748
entry	Sérum anti-asthmatique de Heckel
entry	Sérum Ferrugineux Fraisse
pb	824	0866	7723749
entry	Sérum hypotensif Fraisse
entry	Sérum névrosthénique Fraisse
pb	825	0867	7723750
entry	Sérum Normet
pb	826	0868	7723751
entry	Sérum-Végétal du Docteur Cuguilliere
pb	827	0869	7723752
entry	Sicopion
entry	Sidérarsan
pb	828	0870	7723753
entry	Silguine
pb	829	0871	7723754
entry	Silicyl
pb	830	0872	7723755
entry	Silisode
entry	Sinahin
pb	831	0873	7723756
entry	Sinaplasme. Cataplasme sinapisé instantané du Docteur Jean Faure
entry	Sirop Brahma
pb	832	0874	7723757
entry	Sirop composé aux hypophosphites « Fellows »
entry	Sirop de Blancard
pb	833	0875	7723758
entry	Sirop de la maternité
entry	Sirop de Lovel
pb	834	0876	7723759
entry	Sirop de Sirtal
entry	Sirop du Docteur Gélineau
pb	835	0877	7723760
entry	Sirop Famel
entry	Sirop Gribell
pb	836	0878	7723761
entry	Sirop Iodermol Vigier
entry	Sirop Lanchat
pb	837	0879	7723762
entry	Sirop Laxatif Gobey
entry	Sirop Maver
pb	838	0880	7723763
entry	Sirop minéral sulfureux Crosnier
pb	839	0881	7723764
entry	Sirop Mireille
pb	840	0882	7723765
entry	Sirop Nevra
entry	Sirop Noguès
pb	841	0883	7723766
entry	Sirop Phénique Vial
entry	Sirop « Roche » au Thiocol
pb	842	0884	7723767
entry	Sirop Teyssèdre
entry	Sirop Tinardon
pb	843	0885	7723768
entry	Sistomensine Ciba
entry	Soderséïne
pb	844	0886	7723769
entry	Sodolactine
pb	845	0887	7723770
entry	Sodothiol
pb	846	0888	7723771
entry	Solmuth
entry	Solubaïne
pb	847	0889	7723772
entry	Solucalcine
entry	Solucamphre Delalande
pb	848	0890	7723773
entry	Soluprotine Roche
pb	849	0891	7723774
entry	Solurol
pb	850	0892	7723775
entry	Solution Bardet à l'extrait sec de Quinquina
pb	851	0893	7723776
entry	Solution Coirré au chlorhydrophosphate de chaux
entry	Solution Laroyenne
pb	852	0894	7723777
entry	Solution Pautauberge
entry	Solutions du Docteur Clin
pb	853	0895	7723778
entry	Solvosclérose
entry	Solvuric
pb	854	0896	7723779
entry	Somnifène « Roche »
pb	855	0897	7723780
entry	Somnothyril
pb	856	0898	7723781
entry	Sonéryl
entry	Soporalose
pb	857	0899	7723782
entry	Soporigène Delqué
entry	Sornyal
pb	858	0900	7723783
entry	Source Saint-Aré
entry	Spasmacol (Normacol atropiné)
pb	859	0901	7723784
entry	Spasmalgine « Roche »
pb	860	0902	7723785
entry	Spasmine Jolly
pb	861	0903	7723786
entry	Spasmosédine
pb	862	0904	7723787
entry	Spécifique Bejean
pb	863	0905	7723788
entry	Spectrol
pb	864	0906	7723789
entry	Splénarmone
entry	Spléno-magnésium
pb	865	0907	7723790
entry	Spyrolides
pb	866	0908	7723791
entry	Stal-Kosal
entry	Stalysine
pb	867	0909	7723792
entry	Stanion
entry	Stannoxyl
pb	868	0910	7723793
entry	Staphylagone
entry	Staphylase du Docteur Doyen
pb	869	0911	7723794
entry	Staphylocide Audras
entry	Staphylo-coccine Fraquet
pb	870	0912	7723795
entry	Staphylothanol
entry	Stéramine
pb	871	0913	7723796
entry	Stérinase Vincent
entry	Stérogyl
pb	872	0914	7723797
entry	Sthénoléine
pb	873	0915	7723798
entry	Stomal
entry	Stomarine Billault
pb	874	0916	7723799
entry	Stoméol-Vichy
entry	Stomobrol
pb	875	0917	7723800
entry	Stomophile
entry	Stovaïne
pb	876	0918	7723801
entry	Stovarsol
pb	877	0919	7723802
entry	Strophantine Catillon
pb	878	0920	7723803
entry	Strychnal Longuet
entry	Strychnarsitol Robin
pb	879	0921	7723804
entry	Stupho
entry	Sucroquinine Ch. Gautier
pb	880	0922	7723805
entry	Sulfarsinol Lefèvre
entry	Sulfarsiode
pb	881	0923	7723806
entry	Sulfobyl
pb	882	0924	7723807
entry	Sulfocrème Liless
entry	Sulfoïdol Robin
pb	883	0925	7723808
entry	Sulfoléine du Docteur E. Rozet
entry	Sulfo-Rhinol Fayès
pb	884	0926	7723809
entry	Sulfureux concentré Dax
pb	885	0927	7723810
entry	Sulfureux Pouillet
pb	886	0928	7723811
entry	Sulfurine du Docteur Langlebert
entry	Sulfurion
pb	887	0929	7723812
entry	Sulfuryl Monal
entry	Supernucléine Legrand
pb	888	0930	7723813
entry	Suppargyres du Docteur Faucher
entry	Suppo-Gynals
pb	889	0931	7723814
entry	Suppositoires à l'Esculéol
entry	Suppositoires Anugéol-Boeglin
pb	890	0932	7723815
entry	Suppositoires Chaumel
entry	Suppositoires Corbière
pb	891	0933	7723816
entry	Suppositoires Gonnon
entry	Suppositoires Hymel
pb	892	0934	7723817
entry	Suppositoires Logeais
entry	Suppositoires Midy
pb	893	0935	7723818
entry	Suppositoires Pepet
entry	Suppositoires Pyrax
pb	894	0936	7723819
entry	Suppositoires Rocav
entry	Sylcase. Silicium-Calcium. Formule du Docteur Cretin
pb	895	0937	7723820
entry	Sylvol
entry	Sympathyl
pb	896	0938	7723821
entry	Syncaïne
entry	Synergyl Vadam
pb	897	0939	7723822
entry	Synthaline B
pb	898	0940	7723823
entry	Tablettes Hova (ou Hovalettes)
entry	Tablettes Perroud
pb	899	0941	7723824
entry	Tablettes Zéva
entry	Taburol Monal
pb	900	0942	7723825
entry	Taenifuge Bardet
pb	901	0943	7723826
entry	Taenifuge du Docteur Jacquème
pb	902	0944	7723827
entry	Taenifuge français du Docteur E. Duhourcau
entry	Taenifuge Kirn
pb	903	0945	7723828
entry	Tampol « Roche »
pb	904	0946	7723829
entry	Tapo
pb	905	0947	7723830
entry	Tartrate Borico-potassique Pachaut
entry	Taxol
pb	906	0948	7723831
entry	Tébéphaguine-Fornet
entry	Técarine
pb	907	0949	7723832
entry	Terkal Monal
entry	Terpine Gonnon
pb	908	0950	7723833
entry	Tétranitrol Roussel
entry	Thalassotonine Vadam
pb	909	0951	7723834
entry	Thaolaxine
entry	Thébaïl
pb	910	0952	7723835
entry	Théinol
entry	Théisine Dubat
pb	911	0953	7723836
entry	Themsaline
entry	Théobromine Invar
pb	912	0954	7723837
entry	Théobromose Dumesnil
pb	913	0955	7723838
entry	Théobryl « Roche »
pb	914	0956	7723839
entry	Théosalvose
entry	Théosol
pb	915	0957	7723840
entry	Théoxanthine
entry	Thigénol « Roche »
pb	916	0958	7723841
entry	Thiocol « Roche »
pb	917	0959	7723842
entry	Thiophyl
entry	Thiorine
pb	918	0960	7723843
entry	Thiosote
entry	Thio-Terpine Dalin
pb	919	0961	7723844
entry	Thoroxyl
entry	Thyroïdine Meurice
pb	920	0962	7723845
entry	Thyroxine « Roche »
pb	921	0963	7723846
entry	Tiodine Cognet
entry	Tochlorine
pb	922	0964	7723847
entry	Tonicardine Gonnon
pb	923	0965	7723848
entry	Tonikéine Chevretin
entry	Tonique Gonnon
pb	924	0966	7723849
entry	Tonique « Roche »
pb	925	0967	7723850
entry	Tonudol
entry	Tonyol « F »
pb	926	0968	7723851
entry	Topique Nasal A.B.C (Néfitol)
pb	927	0969	7723852
entry	Total-Tonic
pb	928	0970	7723853
entry	Tot'Hamelis
pb	929	0971	7723854
entry	Tréparsénans
pb	930	0972	7723855
entry	Tréparsol
pb	931	0973	7723856
entry	Tréphonyl du Docteur Roussel
entry	Trépol
pb	932	0974	7723857
entry	Tribromure Gigon
pb	933	0975	7723858
entry	Tricalcine
pb	934	0976	7723859
entry	Tridigestine Dalloz
entry	Triganol Vigier
pb	935	0977	7723860
entry	Trinitrine caféinée Dubois
entry	Trinitrine Roussel
pb	936	0978	7723861
entry	Triradol
entry	Triseptine
pb	937	0979	7723862
entry	Trisodyl Rozet
pb	938	0980	7723863
entry	Trousses Dosurine
pb	939	0981	7723864
entry	Trynol
entry	Tryparsamide
pb	940	0982	7723865
entry	Trypsogen
entry	Tubercuséïne Leysin
pb	941	0983	7723866
entry	Tubérol
pb	942	0984	7723867
entry	Tubes du Docteur Guiraud
pb	943	0985	7723868
entry	Tubes Dulcis
pb	944	0986	7723869
entry	Tubes ophtalmologiques Ferlux
entry	Tulle gras Lumière au Baume du Pérou
pb	945	0987	7723870
entry	Uclarsyl
entry	Ulcéobalnéine
pb	946	0988	7723871
entry	Ulcéoplaque - Ulcéobande
entry	Ulcéosine
pb	947	0989	7723872
entry	Ulcéosol-pommade. Ulcéosol-poudre
pb	948	0990	7723873
entry	Ulcérophile Nosan
pb	949	0991	7723874
entry	Ulmarène Gigon
entry	Ultracao Laurençon
pb	950	0992	7723875
entry	Ultra-Levure
entry	Ultra-Violets
pb	951	0993	7723876
entry	Ultravitamine 4
entry	Uracétose
pb	952	0994	7723877
entry	Uralysol
entry	Uraseptine Rogier
pb	953	0995	7723878
entry	Urazine
entry	Urénile « Meurice » effervescent
pb	954	0996	7723879
entry	Uricémine
entry	Uriclarine
pb	955	0997	7723880
entry	Urisanine
entry	Urobuccol Malmanche
pb	956	0998	7723881
entry	Uroformine Gobey
pb	957	0999	7723882
entry	Uroïodine
pb	958	1000	7723883
entry	Urométine Lambiotte Frères
entry	Uromil
pb	959	1001	7723884
entry	Urophile
pb	960	1002	7723885
entry	Urosalyl. Urosalyl méthylé
pb	961	1003	7723886
entry	Urosan Dufayard
entry	Utéramine
pb	962	1004	7723887
entry	Uvargol
pb	963	1005	7723888
entry	Uvé
pb	964	1006	7723889
entry	Uvéstérol
pb	965	1007	7723890
entry	Vaccin anti-asthmatique du Professeur Minet. Vaccin anti-pneumonique du Professeur Minet
entry	Vaccin anti-grippal du Professeur Minet
pb	966	1008	7723891
entry	Vaccin de Weill et Dufourt
pb	967	1009	7723892
entry	Vaccinothérapie atoxique Cépède
pb	968	1010	7723893
entry	Vaccins (Bruschettini)
pb	969	1011	7723894
entry	Vaccins atoxiques stabilisés
entry	Vaccins bactériens I. O. D.
pb	970	1012	7723895
entry	Vaccins Clin
pb	pb	1013	7723896
pb	972	1014	7723897
entry	Vaccins-Ronchèse. Ampho-Vaccins
pb	973	1015	7723898
pb	974	1016	7723899
pb	975	1017	7723900
entry	Vaccins « Sténé »
pb	976	1018	7723901
entry	Vaclydun
pb	977	1019	7723902
pb	978	1020	7723903
entry	Vacuoline
entry	Valbornine Rogier
pb	979	1021	7723904
entry	Valbrol
entry	Valéral Puy
pb	980	1022	7723905
entry	Valérianate Grignon à odeur dissimulée
entry	Valérianate Pierlot
pb	981	1023	7723906
entry	Valériane Byla
entry	Valériane Pachaut
pb	982	1024	7723907
entry	Valérianose Gigon
entry	Valérinodor Malmanche
pb	983	1025	7723908
entry	Valérium Paul Thibault
entry	Valéromenthol
pb	984	1026	7723909
entry	Valéronal
entry	Valthène
pb	985	1027	7723910
entry	Vanadarsine Guillaumin
pb	986	1028	7723911
entry	Vanadine Chevrier
entry	Vanucléol
pb	987	1029	7723912
entry	Varilaxine
entry	Varisclérine
pb	988	1030	7723913
entry	Vascurol
entry	Vasolaxine
pb	989	1031	7723914
entry	Vaso-Neurine
entry	Végéphos
pb	990	1032	7723915
entry	Végétol externe
entry	Veinofluine
pb	991	1033	7723916
entry	Veinoposine
entry	Veinosérum
pb	992	1034	7723917
entry	Veinosine
entry	Veinotrope
pb	993	1035	7723918
entry	Velledol Adrian
pb	994	1036	7723919
entry	Vénecine
pb	995	1037	7723920
entry	Véralgine
entry	Vériane Buriat
pb	996	1038	7723921
entry	Vermirène Audibert
entry	Vernis à la Diachusine
pb	997	1039	7723922
entry	Vérocodal-Boeglin
entry	Véronidia Buisson
pb	998	1040	7723923
entry	Verrulyse
pb	999	1041	7723924
entry	Verticurine
entry	Vigardyne
pb	1000	1042	7723925
entry	Vin de Baudon
entry	Vin de Bugeaud
pb	1001	1043	7723926
entry	Vin de Chassaing à la pepsine et à la diastase
entry	Vin et sirop Nourry
pb	1002	1044	7723927
entry	Vin Girard
entry	Vioforme Ciba (et ovules au Vioforme)
pb	1003	1045	7723928
entry	Viosten
entry	Vioxyl Mouneyrat
pb	1004	1046	7723929
entry	Visco-sérum
entry	Viscum Zyma
pb	1005	1047	7723930
entry	Vitacalcine « Moncour »
entry	Vitadone
pb	1006	1048	7723931
entry	Vitamine Rogier
entry	Vitaminol
pb	1007	1049	7723932
entry	Vitamorrhuine
entry	Vitargyl
pb	1008	1050	7723933
entry	Vitastérol
pb	1009	1051	7723934
entry	Vitergomine
pb	1010	1052	7723935
entry	Vivoléol
pb	1011	1053	7723936
entry	Vulcase
entry	Vulnérine du Docteur Bergen
pb	1012	1054	7723937
entry	Yaourtine
entry	Yo-Androl
pb	1013	1055	7723938
entry	Zohol
pb	1014	1056	7723939
entry	Zomine du Professeur Ch. Richet
pb	1015	1057	7723940
entry	Zomo-musculosine Byla
pb	1016	1058	7723941
entry	Zymatine Lescène. Zymatine irradiée
pb	1017	1059	7723942
entry	Zymogastrine Kervan
pb	pb	1060	7723943
pb	sn	1061	7723944
entry	3e Partie. Nomenclature nominale des spécialités pharmaceutiques médicales avec les adresses de leurs fabricants
pb	pb	1062	7723945
pb	1021	1063	7723946
entry	A
pb	1022	1064	7723947
pb	1023	1065	7723948
pb	1024	1066	7723949
pb	1025	1067	7723950
pb	1026	1068	7723951
pb	1027	1069	7723952
entry	B
pb	1028	1070	7723953
pb	1029	1071	7723954
pb	1030	1072	7723955
pb	1031	1073	7723956
pb	1032	1074	7723957
pb	1033	1075	7723958
entry	C
pb	1034	1076	7723959
pb	1035	1077	7723960
pb	1036	1078	7723961
pb	1037	1079	7723962
pb	1038	1080	7723963
pb	1039	1081	7723964
pb	1040	1082	7723965
entry	D
pb	1041	1083	7723966
pb	1042	1084	7723967
pb	1043	1085	7723968
pb	1044	1086	7723969
entry	E
pb	1045	1087	7723970
pb	1046	1088	7723971
pb	1047	1089	7723972
pb	1048	1090	7723973
entry	F
pb	1049	1091	7723974
pb	1050	1092	7723975
pb	1051	1093	7723976
entry	G
pb	1052	1094	7723977
pb	1053	1095	7723978
pb	1054	1096	7723979
pb	1055	1097	7723980
pb	1056	1098	7723981
entry	H
pb	1057	1099	7723982
pb	1058	1100	7723983
pb	1059	1101	7723984
entry	I
pb	1060	1102	7723985
pb	1061	1103	7723986
pb	1062	1104	7723987
entry	J
pb	1063	1105	7723988
entry	K
pb	1064	1106	7723989
entry	L
pb	1065	1107	7723990
pb	1066	1108	7723991
pb	1067	1109	7723992
entry	M
pb	1068	1110	7723993
pb	1069	1111	7723994
pb	1070	1112	7723995
pb	1071	1113	7723996
entry	N
pb	1072	1114	7723997
pb	1073	1115	7723998
pb	1074	1116	7723999
entry	O
pb	1075	1117	7724000
pb	1076	1118	7724001
pb	1077	1119	7724002
entry	P
pb	1078	1120	7724003
pb	1079	1121	7724004
pb	1080	1122	7724005
pb	1081	1123	7724006
pb	1082	1124	7724007
pb	1083	1125	7724008
pb	1084	1126	7724009
pb	1085	1127	7724010
pb	1086	1128	7724011
entry	Q
pb	1087	1129	7724012
entry	R
pb	1088	1130	7724013
pb	1089	1131	7724014
entry	S
pb	1090	1132	7724015
pb	1091	1133	7724016
pb	1092	1134	7724017
pb	1093	1135	7724018
pb	1094	1136	7724019
pb	1095	1137	7724020
pb	1096	1138	7724021
pb	1097	1139	7724022
pb	1098	1140	7724023
entry	T
pb	1099	1141	7724024
pb	1100	1142	7724025
pb	1101	1143	7724026
pb	1102	1144	7724027
entry	U
pb	1103	1145	7724028
entry	V
pb	1104	1146	7724029
pb	1105	1147	7724030
pb	1106	1148	7724031
pb	1107	1149	7724032
entry	W
entry	X
entry	Y
pb	1108	1150	7724033
entry	Z
pb	pb	1151	7724034
pb	sn	1152	7724035
