pb	[s. pag.]	0001	5556919
entry	[Page de faux-titre]	0	
pb	[s. pag.]	0002	5556920
pb	[s. pag.]	0003	405317
entry	[Page de titre]	0	
pb	[s. pag.]	0004	5556921
pb	1	0005	405318
entry	corps	1	
orth	corps		
pb	2	0006	405319
entry	corps étrangers	67	
orth	corps étrangers		
pb	3	0007	405320
pb	4	0008	405321
pb	5	0009	405322
pb	6	0010	405323
pb	7	0011	405324
pb	8	0012	405325
pb	9	0013	405326
pb	10	0014	405327
pb	11	0015	405328
pb	12	0016	405329
pb	13	0017	405330
pb	14	0018	405331
pb	15	0019	405332
pb	16	0020	405333
pb	17	0021	405334
pb	18	0022	405335
pb	19	0023	405336
pb	20	0024	405337
pb	21	0025	405338
pb	22	0026	405339
pb	23	0027	405340
pb	24	0028	405341
pb	25	0029	405342
pb	26	0030	405343
pb	27	0031	405344
pb	28	0032	405345
pb	29	0033	405346
pb	30	0034	405347
pb	31	0035	405348
pb	32	0036	405349
pb	33	0037	405350
pb	34	0038	405351
pb	35	0039	405352
pb	36	0040	405353
pb	37	0041	405354
pb	38	0042	405355
pb	39	0043	405356
pb	40	0044	405357
pb	41	0045	405358
pb	42	0046	405359
pb	43	0047	405360
pb	44	0048	405361
pb	45	0049	405362
pb	46	0050	405363
pb	47	0051	405364
pb	48	0052	405365
pb	49	0053	405366
pb	50	0054	405367
pb	51	0055	405368
pb	52	0056	405369
pb	53	0057	405370
pb	54	0058	405371
pb	55	0059	405372
pb	56	0060	405373
pb	57	0061	405374
pb	58	0062	405375
pb	59	0063	405376
pb	60	0064	405377
pb	61	0065	405378
pb	62	0066	405379
pb	63	0067	405380
pb	64	0068	405381
pb	65	0069	405382
pb	66	0070	405383
pb	67	0071	405384
pb	68	0072	405385
pb	69	0073	405386
entry	corps fibreux de la matrice	18	
orth	corps fibreux de la matrice		
pb	70	0074	405387
pb	71	0075	405388
pb	72	0076	405389
pb	73	0077	405390
pb	74	0078	405391
pb	75	0079	405392
pb	76	0080	405393
pb	77	0081	405394
pb	78	0082	405395
pb	79	0083	405396
pb	80	0084	405397
pb	81	0085	405398
pb	82	0086	405399
pb	83	0087	405400
pb	84	0088	405401
pb	85	0089	405402
pb	86	0090	405403
pb	87	0091	405404
entry	corps (habitude extérieure du)	17	
orth	corps (habitude extérieure du)		
pb	88	0092	405405
pb	89	0093	405406
pb	90	0094	405407
pb	91	0095	405408
pb	92	0096	405409
pb	93	0097	405410
pb	94	0098	405411
pb	95	0099	405412
pb	96	0100	405413
pb	97	0101	405414
pb	98	0102	405415
pb	99	0103	405416
pb	100	0104	405417
pb	101	0105	405418
pb	102	0106	405419
pb	103	0107	405420
pb	104	0108	405421
entry	corpulence	3	
orth	corpulence		
pb	105	0109	405422
pb	106	0110	405423
pb	107	0111	405424
entry	corpuscule	1	
orth	corpuscule		
pb	108	0112	405425
entry	correctif	1	
orth	correctif		
pb	109	0113	405426
entry	corroborant	1	
orth	corroborant		
pb	110	0114	405427
pb	111	0115	405428
entry	corroboration	0	
orth	corroboration		
entry	corrodant	0	
orth	corrodant		
entry	corrosif	2	
orth	corrosif		
pb	112	0116	405429
pb	113	0117	405430
entry	corrugateur	0	
orth	corrugateur		
entry	corrugation	1	
orth	corrugation		
pb	114	0118	405431
entry	corruption	3	
orth	corruption		
pb	115	0119	405432
pb	116	0120	405433
pb	117	0121	405434
entry	corset	7	
orth	corset		
pb	118	0122	405435
pb	119	0123	405436
pb	120	0124	405437
pb	121	0125	405438
pb	122	0126	405439
pb	123	0127	405440
pb	124	0128	405441
entry	cortical	0	
orth	cortical		
entry	corybantiasme	1	
orth	corybantiasme		
pb	125	0129	405442
entry	corymbifères	1	
orth	corymbifères		
pb	126	0130	405443
entry	coryza	2	
orth	coryza		
pb	127	0131	405444
pb	128	0132	405445
entry	cosmétique	6	
orth	cosmétique		
pb	129	0133	405446
pb	130	0134	405447
pb	131	0135	405448
pb	132	0136	405449
pb	133	0137	405450
pb	134	0138	405451
entry	costal	0	
orth	costal		
entry	costo-abdominal	0	
orth	costo-abdominal		
entry	costus	1	
orth	costus		
pb	135	0139	405452
entry	cote	15	
orth	cote		
pb	136	0140	405453
pb	137	0141	405454
pb	138	0142	405455
pb	139	0143	405456
pb	140	0144	405457
pb	141	0145	405458
pb	142	0146	405459
pb	143	0147	405460
pb	144	0148	405461
pb	145	0149	405462
pb	146	0150	405463
pb	147	0151	405464
pb	148	0152	405465
pb	149	0153	405466
pb	150	0154	405467
entry	cotyloide	2	
orth	cotyloide		
pb	151	0155	405468
pb	152	0156	405469
entry	cou	0	
orth	cou		
entry	couches optiques	0	
orth	couches optiques		
entry	couche	18	
orth	couche		
pb	153	0157	405470
pb	154	0158	405471
pb	155	0159	405472
pb	156	0160	405473
pb	157	0161	405474
pb	158	0162	405475
pb	159	0163	405476
pb	160	0164	405477
pb	161	0165	405478
pb	162	0166	405479
pb	163	0167	405480
pb	164	0168	405481
pb	165	0169	405482
pb	166	0170	405483
pb	167	0171	405484
pb	168	0172	405485
pb	169	0173	405486
pb	170	0174	405487
entry	coucher	6	
orth	coucher		
pb	171	0175	405488
pb	172	0176	405489
pb	173	0177	405490
pb	174	0178	405491
pb	175	0179	405492
pb	176	0180	405493
entry	coude	1	
orth	coude		
pb	177	0181	405494
entry	coude-pied	2	
orth	coude-pied		
pb	178	0182	405495
pb	179	0183	405496
entry	couenne	8	
orth	couenne		
pb	180	0184	405497
pb	181	0185	405498
pb	182	0186	405499
pb	183	0187	405500
pb	184	0188	405501
pb	185	0189	405502
pb	186	0190	405503
pb	187	0191	405504
entry	couleur	8	
orth	couleur		
pb	188	0192	405505
pb	189	0193	405506
pb	190	0194	405507
pb	191	0195	405508
pb	192	0196	405509
pb	193	0197	405510
pb	194	0198	405511
pb	195	0199	405512
entry	couloir	23	
orth	couloir		
pb	196	0200	405513
pb	197	0201	405514
pb	198	0202	405515
pb	199	0203	405516
pb	200	0204	405517
pb	201	0205	405518
pb	202	0206	405519
pb	203	0207	405520
pb	204	0208	405521
pb	205	0209	405522
pb	206	0210	405523
pb	207	0211	405524
pb	208	0212	405525
pb	209	0213	405526
pb	210	0214	405527
pb	211	0215	405528
pb	212	0216	405529
pb	213	0217	405530
pb	214	0218	405531
pb	215	0219	405532
pb	216	0220	405533
pb	217	0221	405534
pb	218	0222	405535
entry	coupure	0	
orth	coupure		
entry	courage	1	
orth	courage		
pb	219	0223	405536
pb	220	0224	405537
entry	courante	0	
orth	courante		
entry	courbaril	0	
orth	courbaril		
entry	courbature	1	
orth	courbature		
pb	221	0225	405538
entry	courbure	1	
orth	courbure		
pb	222	0226	405539
entry	couronne	0	
orth	couronne		
entry	couronnement	1	
orth	couronnement		
pb	223	0227	405540
entry	cours de ventre	0	
orth	cours de ventre		
entry	course	4	
orth	course		
pb	224	0228	405541
pb	225	0229	405542
pb	226	0230	405543
pb	227	0231	405544
entry	courte-haleine	0	
orth	courte-haleine		
entry	cousin	1	
orth	cousin		
pb	228	0232	405545
entry	coussinet	0	
orth	coussinet		
entry	couteau	2	
orth	couteau		
pb	229	0233	405546
pb	230	0234	405547
pb	[s. pag.]	0235	5556922
pb	[s. pag.]	0236	405548
entry	couteaux : explication de la planche I	0	
orth	couteaux : explication de la planche I		
entry	couteaux de petite dimension	0	
orth	couteaux de petite dimension		
pb	[s. pag.]	0237	405549
entry	couteaux  : planche I	0	
orth	couteaux  : planche I		
pb	[s. pag.]	0238	5556923
pb	[s. pag.]	0239	5556924
pb	[s. pag.]	0240	405550
entry	couteaux : explication de la planche II	0	
orth	couteaux : explication de la planche II		
entry	couteaux de la plus grande dimension	0	
orth	couteaux de la plus grande dimension		
pb	[s. pag.]	0241	405551
entry	couteaux  : planche II	0	
orth	couteaux  : planche II		
pb	[s. pag.]	0242	5556925
pb	231	0243	405552
entry	couteau	0	
orth	couteau		
entry	coutume	6	
orth	coutume		
pb	232	0244	405553
pb	233	0245	405554
pb	234	0246	405555
pb	235	0247	405556
pb	236	0248	405557
pb	237	0249	405558
entry	couture	1	
orth	couture		
pb	238	0250	405559
entry	couturier	0	
orth	couturier		
entry	couvre-chef	1	
orth	couvre-chef		
pb	239	0251	405560
entry	coxal	0	
orth	coxal		
entry	cowpox	6	
orth	cowpox		
pb	240	0252	405561
pb	241	0253	405562
pb	242	0254	405563
pb	243	0255	405564
pb	244	0256	405565
pb	245	0257	405566
entry	crabe	0	
orth	crabe		
entry	crachat	8	
orth	crachat		
pb	246	0258	405567
pb	247	0259	405568
pb	248	0260	405569
pb	249	0261	405570
pb	250	0262	405571
pb	251	0263	405572
pb	252	0264	405573
pb	253	0265	405574
entry	crachement	0	
orth	crachement		
entry	crachotement	1	
orth	crachotement		
pb	254	0266	405575
entry	craie	0	
orth	craie		
entry	crainte	2	
orth	crainte		
pb	255	0267	405576
pb	256	0268	405577
entry	crampe	4	
orth	crampe		
pb	257	0269	405578
pb	258	0270	405579
pb	259	0271	405580
pb	260	0272	405581
entry	crâne	40	
orth	crâne		
pb	261	0273	405582
pb	262	0274	405583
pb	263	0275	405584
pb	264	0276	405585
pb	265	0277	405586
pb	266	0278	405587
pb	267	0279	405588
pb	268	0280	405589
pb	269	0281	405590
pb	270	0282	405591
pb	271	0283	405592
pb	272	0284	405593
pb	273	0285	405594
pb	274	0286	405595
pb	275	0287	405596
pb	276	0288	405597
pb	277	0289	405598
pb	278	0290	405599
pb	279	0291	405600
pb	280	0292	405601
pb	281	0293	405602
pb	282	0294	405603
pb	283	0295	405604
pb	284	0296	405605
pb	285	0297	405606
pb	286	0298	405607
pb	287	0299	405608
pb	288	0300	405609
pb	289	0301	405610
pb	290	0302	405611
pb	291	0303	405612
pb	292	0304	405613
pb	293	0305	405614
pb	294	0306	405615
pb	295	0307	405616
pb	296	0308	405617
pb	297	0309	405618
pb	298	0310	405619
pb	299	0311	405620
pb	300	0312	405621
entry	cranioscopie	19	
orth	cranioscopie		
pb	301	0313	405622
pb	302	0314	405623
pb	303	0315	405624
pb	304	0316	405625
pb	305	0317	405626
pb	306	0318	405627
pb	307	0319	405628
pb	308	0320	405629
pb	309	0321	405630
pb	310	0322	405631
pb	311	0323	405632
pb	312	0324	405633
pb	313	0325	405634
pb	314	0326	405635
pb	315	0327	405636
pb	316	0328	405637
pb	317	0329	405638
pb	318	0330	405639
pb	319	0331	405640
pb	320	0332	405641
entry	crapaud	1	
orth	crapaud		
pb	321	0333	405642
entry	crapaudine	1	
orth	crapaudine		
pb	322	0334	405643
entry	crapule	4	
orth	crapule		
pb	323	0335	405644
pb	324	0336	405645
pb	325	0337	405646
pb	326	0338	405647
entry	crase	0	
orth	crase		
entry	craspedon	0	
orth	craspedon		
entry	crassamentum	0	
orth	crassamentum		
entry	crassulées	1	
orth	crassulées		
pb	327	0339	405648
entry	cravate	8	
orth	cravate		
pb	328	0340	405649
pb	329	0341	405650
pb	330	0342	405651
pb	331	0343	405652
pb	332	0344	405653
pb	333	0345	405654
pb	334	0346	405655
pb	335	0347	405656
entry	cremason	0	
orth	cremason		
entry	cremaster	0	
orth	cremaster		
entry	crème	1	
orth	crème		
pb	336	0348	405657
entry	crénelure	0	
orth	crénelure		
entry	créole	3	
orth	créole		
pb	337	0349	405658
pb	338	0350	405659
pb	339	0351	405660
entry	crépitation	2	
orth	crépitation		
pb	340	0352	405661
pb	341	0353	405662
entry	crépu	0	
orth	crépu		
entry	cresson	1	
orth	cresson		
pb	342	0354	405663
entry	crète de coq	0	
orth	crète de coq		
pb	343	0355	405664
entry	crétin	3	
orth	crétin		
pb	344	0356	405665
pb	345	0357	405666
pb	346	0358	405667
entry	creux	1	
orth	creux		
pb	347	0359	405668
entry	crevasse	16	
orth	crevasse		
pb	348	0360	405669
pb	349	0361	405670
pb	350	0362	405671
pb	351	0363	405672
pb	352	0364	405673
pb	353	0365	405674
pb	354	0366	405675
pb	355	0367	405676
pb	356	0368	405677
pb	357	0369	405678
pb	358	0370	405679
pb	359	0371	405680
pb	360	0372	405681
pb	361	0373	405682
pb	362	0374	405683
pb	363	0375	405684
entry	criblé	0	
orth	criblé		
entry	cribleux	0	
orth	cribleux		
entry	cribration	0	
orth	cribration		
entry	crico-arytenoidien	0	
orth	crico-arytenoidien		
entry	cricoide	0	
orth	cricoide		
pb	364	0376	405685
entry	crin	0	
orth	crin		
entry	crinal	1	
orth	crinal		
pb	365	0377	405686
entry	crinon	4	
orth	crinon		
pb	366	0378	405687
pb	367	0379	405688
pb	368	0380	405689
pb	369	0381	405690
pb	370	0382	405691
entry	crise	22	
orth	crise		
pb	371	0383	405692
pb	372	0384	405693
pb	373	0385	405694
pb	374	0386	405695
pb	375	0387	405696
pb	376	0388	405697
pb	377	0389	405698
pb	378	0390	405699
pb	379	0391	405700
pb	380	0392	405701
pb	381	0393	405702
pb	382	0394	405703
pb	383	0395	405704
pb	384	0396	405705
pb	385	0397	405706
pb	386	0398	405707
pb	387	0399	405708
pb	388	0400	405709
pb	389	0401	405710
pb	390	0402	405711
pb	391	0403	405712
pb	392	0404	405713
entry	crispation	0	
orth	crispation		
entry	crista galli	0	
orth	crista galli		
entry	cristal	0	
orth	cristal		
entry	cristallin	3	
orth	cristallin		
pb	393	0405	405714
pb	394	0406	405715
pb	395	0407	405716
entry	cristalline	1	
orth	cristalline		
pb	396	0408	405717
entry	cristallisation	2	
orth	cristallisation		
pb	397	0409	405718
pb	398	0410	405719
entry	crithe	0	
orth	crithe		
pb	399	0411	405720
entry	critique	0	
orth	critique		
entry	crochet	3	
orth	crochet		
pb	400	0412	405721
pb	401	0413	405722
pb	402	0414	405723
pb	[s. pag.]	0415	5556926
pb	[s. pag.]	0416	405724
entry	crochet : explication de la planche	0	
orth	crochet : explication de la planche		
pb	[s. pag.]	0417	405725
entry	crochet  : planche	0	
orth	crochet  : planche		
pb	[s. pag.]	0418	5556927
pb	403	0419	405726
entry	crocidisme	0	
orth	crocidisme		
entry	croisette	0	
orth	croisette		
entry	croissance	0	
orth	croissance		
entry	croissans	1	
orth	croissans		
pb	404	0420	405727
entry	croix	1	
orth	croix		
pb	405	0421	405728
entry	crosse de l'aorte	0	
orth	crosse de l'aorte		
entry	crotale	6	
orth	crotale		
pb	406	0422	405729
pb	407	0423	405730
pb	408	0424	405731
pb	409	0425	405732
pb	410	0426	405733
pb	411	0427	405734
entry	crotaphite	0	
orth	crotaphite		
entry	croton	1	
orth	croton		
pb	412	0428	405735
entry	croup	87	
orth	croup		
pb	413	0429	405736
pb	414	0430	405737
pb	415	0431	405738
pb	416	0432	405739
pb	417	0433	405740
pb	418	0434	405741
pb	419	0435	405742
pb	420	0436	405743
pb	421	0437	405744
pb	422	0438	405745
pb	423	0439	405746
pb	424	0440	405747
pb	425	0441	405748
pb	426	0442	405749
pb	427	0443	405750
pb	428	0444	405751
pb	429	0445	405752
pb	430	0446	405753
pb	431	0447	405754
pb	432	0448	405755
pb	433	0449	405756
pb	434	0450	405757
pb	435	0451	405758
pb	436	0452	405759
pb	437	0453	405760
pb	438	0454	405761
pb	439	0455	405762
pb	440	0456	405763
pb	441	0457	405764
pb	442	0458	405765
pb	443	0459	405766
pb	444	0460	405767
pb	445	0461	405768
pb	446	0462	405769
pb	447	0463	405770
pb	448	0464	405771
pb	449	0465	405772
pb	450	0466	405773
pb	451	0467	405774
pb	452	0468	405775
pb	453	0469	405776
pb	454	0470	405777
pb	455	0471	405778
pb	456	0472	405779
pb	457	0473	405780
pb	458	0474	405781
pb	459	0475	405782
pb	460	0476	405783
pb	461	0477	405784
pb	462	0478	405785
pb	463	0479	405786
pb	464	0480	405787
pb	465	0481	405788
pb	466	0482	405789
pb	467	0483	405790
pb	468	0484	405791
pb	469	0485	405792
pb	470	0486	405793
pb	471	0487	405794
pb	472	0488	405795
pb	473	0489	405796
pb	474	0490	405797
pb	475	0491	405798
pb	476	0492	405799
pb	477	0493	405800
pb	478	0494	405801
pb	479	0495	405802
pb	480	0496	405803
pb	481	0497	405804
pb	482	0498	405805
pb	483	0499	405806
pb	484	0500	405807
pb	485	0501	405808
pb	486	0502	405809
pb	487	0503	405810
pb	488	0504	405811
pb	489	0505	405812
pb	490	0506	405813
pb	491	0507	405814
pb	492	0508	405815
pb	493	0509	405816
pb	494	0510	405817
pb	495	0511	405818
pb	496	0512	405819
pb	497	0513	405820
pb	498	0514	405821
pb	499	0515	405822
entry	croute	1	
orth	croute		
pb	500	0516	405823
entry	croute de lait	1	
orth	croute de lait		
pb	501	0517	405824
entry	crouteux	0	
orth	crouteux		
entry	cru	0	
orth	cru		
pb	502	0518	405825
entry	cruciale	2	
orth	cruciale		
pb	503	0519	405826
pb	504	0520	405827
entry	crucifères (famille des)	1	
orth	crucifères (famille des)		
pb	505	0521	405828
entry	cruciforme	0	
orth	cruciforme		
entry	crudité	0	
orth	crudité		
entry	cruor	1	
orth	cruor		
pb	506	0522	405829
entry	crural	7	
orth	crural		
pb	507	0523	405830
pb	508	0524	405831
pb	509	0525	405832
pb	510	0526	405833
pb	511	0527	405834
pb	512	0528	405835
pb	513	0529	405836
pb	514	0530	405837
entry	crustacé	0	
orth	crustacé		
entry	crypsorchis	0	
orth	crypsorchis		
entry	crypte	2	
orth	crypte		
pb	515	0531	405838
pb	516	0532	405839
entry	cryptopyique	0	
orth	cryptopyique		
entry	cubère	0	
orth	cubère		
entry	cubital	2	
orth	cubital		
pb	517	0533	405840
pb	518	0534	405841
entry	cubito-carpien	1	
orth	cubito-carpien		
pb	519	0535	405842
entry	cubitus	6	
orth	cubitus		
pb	520	0536	405843
pb	521	0537	405844
pb	522	0538	405845
pb	523	0539	405846
pb	524	0540	405847
pb	525	0541	405848
entry	cuboide	0	
orth	cuboide		
entry	cucullaire	0	
orth	cucullaire		
entry	cucuphe	0	
orth	cucuphe		
entry	cucurbitacées (famille des)	1	
orth	cucurbitacées (famille des)		
pb	526	0542	405849
entry	cucurbitains	1	
orth	cucurbitains		
pb	527	0543	405850
entry	cuiller	1	
orth	cuiller		
pb	528	0544	405851
entry	cuir	1	
orth	cuir		
pb	529	0545	405852
entry	cuisse	7	
orth	cuisse		
pb	530	0546	405853
pb	531	0547	405854
pb	532	0548	405855
pb	533	0549	405856
pb	534	0550	405857
pb	535	0551	405858
pb	536	0552	405859
entry	cuisson	3	
orth	cuisson		
pb	537	0553	405860
pb	538	0554	405861
pb	539	0555	405862
entry	cuivre	40	
orth	cuivre		
pb	540	0556	405863
pb	541	0557	405864
pb	542	0558	405865
pb	543	0559	405866
pb	544	0560	405867
pb	545	0561	405868
pb	546	0562	405869
pb	547	0563	405870
pb	548	0564	405871
pb	549	0565	405872
pb	550	0566	405873
pb	551	0567	405874
pb	552	0568	405875
pb	553	0569	405876
pb	554	0570	405877
pb	555	0571	405878
pb	556	0572	405879
pb	557	0573	405880
pb	558	0574	405881
pb	559	0575	405882
pb	560	0576	405883
pb	561	0577	405884
pb	562	0578	405885
pb	563	0579	405886
pb	564	0580	405887
pb	565	0581	405888
pb	566	0582	405889
pb	567	0583	405890
pb	568	0584	405891
pb	569	0585	405892
pb	570	0586	405893
pb	571	0587	405894
pb	572	0588	405895
pb	573	0589	405896
pb	574	0590	405897
pb	575	0591	405898
pb	576	0592	405899
pb	577	0593	405900
pb	578	0594	405901
pb	579	0595	405902
entry	culbute	2	
orth	culbute		
pb	580	0596	405903
pb	581	0597	405904
entry	culilawan	0	
orth	culilawan		
entry	culotte	17	
orth	culotte		
pb	582	0598	405905
pb	583	0599	405906
pb	584	0600	405907
pb	585	0601	405908
pb	586	0602	405909
pb	587	0603	405910
pb	588	0604	405911
pb	589	0605	405912
pb	590	0606	405913
pb	591	0607	405914
pb	592	0608	405915
pb	593	0609	405916
pb	594	0610	405917
pb	595	0611	405918
pb	596	0612	405919
pb	597	0613	405920
pb	598	0614	405921
entry	cultrivore	0	
orth	cultrivore		
entry	cumin	1	
orth	cumin		
pb	599	0615	405922
entry	cunéiforme	0	
orth	cunéiforme		
entry	curable	1	
orth	curable		
pb	600	0616	405923
entry	curatif	5	
orth	curatif		
pb	601	0617	405924
pb	602	0618	405925
pb	603	0619	405926
pb	604	0620	405927
pb	605	0621	405928
entry	curation	2	
orth	curation		
pb	606	0622	405929
pb	607	0623	405930
entry	curcuma	0	
orth	curcuma		
entry	cure	10	
orth	cure		
pb	608	0624	405931
pb	609	0625	405932
pb	610	0626	405933
pb	611	0627	405934
pb	612	0628	405935
pb	613	0629	405936
pb	614	0630	405937
pb	615	0631	405938
pb	616	0632	405939
pb	617	0633	405940
entry	cure-dent	0	
orth	cure-dent		
entry	cure-langue	0	
orth	cure-langue		
pb	618	0634	405941
entry	cure-oreille	1	
orth	cure-oreille		
pb	619	0635	405942
entry	curette	1	
orth	curette		
pb	620	0636	405943
entry	cutambule	0	
orth	cutambule		
entry	cutané	3	
orth	cutané		
pb	621	0637	405944
pb	622	0638	405945
pb	623	0639	405946
entry	cuticule	0	
orth	cuticule		
entry	cutubuth	0	
orth	cutubuth		
entry	cyanopathie	0	
orth	cyanopathie		
entry	cyclame	1	
orth	cyclame		
pb	624	0640	405947
entry	cycle	0	
orth	cycle		
entry	cyclique (règle)	11	
orth	cyclique (règle)		
pb	625	0641	405948
pb	626	0642	405949
pb	627	0643	405950
pb	628	0644	405951
pb	629	0645	405952
pb	630	0646	405953
pb	631	0647	405954
pb	632	0648	405955
pb	633	0649	405956
pb	634	0650	405957
pb	635	0651	405958
entry	cyclisce	1	
orth	cyclisce		
pb	636	0652	405959
entry	cyclotome	0	
orth	cyclotome		
entry	cylindre	0	
orth	cylindre		
entry	cylindrique	0	
orth	cylindrique		
entry	cylindroide	0	
orth	cylindroide		
entry	cyllosis	0	
orth	cyllosis		
entry	cynancie	0	
orth	cynancie		
entry	cynanthropie	1	
orth	cynanthropie		
pb	637	0653	405960
entry	cynarocéphales (famille des)	0	
orth	cynarocéphales (famille des)		
entry	cynique	1	
orth	cynique		
pb	638	0654	405961
entry	cynoglosse	1	
orth	cynoglosse		
pb	639	0655	405962
entry	cynorexie	0	
orth	cynorexie		
entry	cynorrhodon	1	
orth	cynorrhodon		
pb	640	0656	405963
entry	cypéracées (famille des)	0	
orth	cypéracées (famille des)		
entry	cyphose	0	
orth	cyphose		
entry	cyprès	1	
orth	cyprès		
pb	641	0657	405964
entry	cyrtoma	0	
orth	cyrtoma		
entry	cyrtosis	0	
orth	cyrtosis		
entry	cystalgie	0	
orth	cystalgie		
entry	cysthépatique	1	
orth	cysthépatique		
pb	642	0658	405965
entry	cystiphlogie	0	
orth	cystiphlogie		
entry	cystique	1	
orth	cystique		
pb	643	0659	405966
entry	cystirrhagie	0	
orth	cystirrhagie		
entry	cystirrhée	0	
orth	cystirrhée		
entry	cystite	24	
orth	cystite		
pb	644	0660	405967
pb	645	0661	405968
pb	646	0662	405969
pb	647	0663	405970
pb	648	0664	405971
pb	649	0665	405972
pb	650	0666	405973
pb	651	0667	405974
pb	652	0668	405975
pb	653	0669	405976
pb	654	0670	405977
pb	655	0671	405978
pb	656	0672	405979
pb	657	0673	405980
pb	658	0674	405981
pb	659	0675	405982
pb	660	0676	405983
pb	661	0677	405984
pb	662	0678	405985
pb	663	0679	405986
pb	664	0680	405987
pb	665	0681	405988
pb	666	0682	405989
pb	667	0683	405990
entry	cystitome	0	
orth	cystitome		
entry	cystobubonocèle	10	
orth	cystobubonocèle		
pb	668	0684	405991
pb	669	0685	405992
pb	670	0686	405993
pb	671	0687	405994
pb	672	0688	405995
pb	673	0689	405996
pb	674	0690	405997
pb	675	0691	405998
pb	676	0692	405999
pb	677	0693	406000
entry	cystocèle	9	
orth	cystocèle		
pb	678	0694	406001
pb	679	0695	406002
pb	680	0696	406003
pb	681	0697	406004
pb	682	0698	406005
pb	683	0699	406006
pb	684	0700	406007
pb	685	0701	406008
pb	686	0702	406009
entry	cystodynie	0	
orth	cystodynie		
entry	cystolithique	0	
orth	cystolithique		
entry	cystomérocèle	1	
orth	cystomérocèle		
pb	687	0703	406010
entry	cystophlegmatique	0	
orth	cystophlegmatique		
entry	cystophlogie	0	
orth	cystophlogie		
entry	cystoplégique	0	
orth	cystoplégique		
entry	cystoplexie	0	
orth	cystoplexie		
entry	cystoptose	0	
orth	cystoptose		
entry	cystopyique	0	
orth	cystopyique		
entry	cystospastique	0	
orth	cystospastique		
entry	cystothromboide	1	
orth	cystothromboide		
pb	688	0704	406011
entry	cystotome	0	
orth	cystotome		
entry	cystotomie	0	
orth	cystotomie		
