pb	[s. pag.]	0001	7316176
entry	[Plat]	0	
pb	[s. pag.]	0002	7316177
entry	[Contreplat]	0	
pb	[s. pag.]	0003	7316178
pb	[s. pag.]	0004	7316179
pb	[s. pag.]	0005	7316180
entry	[Page de faux titre]	0	
pb	[s. pag.]	0006	7316181
pb	[s. pag.]	0007	7316182
entry	[Page de titre]	0	
pb	[s. pag.]	0008	7316183
pb	1	0009	7316184
entry	Dictionnaire Vétérinaire, et des animaux domestiques. C - Contre marque	0	
orth	Dictionnaire Vétérinaire		
orth	Des animaux domestiques. C - Contre marque		
pb	2	0010	7316185
entry	Contre-ongle	0	
orth	Contre-ongle		
entry	Contusion	0	
orth	Contusion		
entry	Coq	24	
orth	Coq		
pb	3	0011	7316186
pb	4	0012	7316187
pb	5	0013	7316188
pb	6	0014	7316189
pb	[s. pag.]	0015	7316190
pb	[s. pag.]	0016	7316191
pb	[s. pag.]	0017	7316192
pb	[s. pag.]	0018	7316193
pb	[s. pag.]	0019	7316194
pb	[s. pag.]	0020	7316195
pb	[s. pag.]	0021	7316196
pb	7	0022	7316197
pb	8	0023	7316198
pb	9	0024	7316199
pb	10	0025	7316200
pb	11	0026	7316201
pb	12	0027	7316202
pb	13	0028	7316203
pb	14	0029	7316204
pb	15	0030	7316205
pb	16	0031	7316206
pb	17	0032	7316207
pb	18	0033	7316208
pb	19	0034	7316209
entry	Coq de Bruyères	3	
orth	Coq de Bruyères		
pb	20	0035	7316210
pb	21	0036	7316211
pb	22	0037	7316212
pb	23	0038	7316213
entry	Cog de Bruyères	0	
orth	Cog de Bruyères		
entry	Coq d'Inde	13	
orth	Coq d'Inde		
pb	24	0039	7316214
pb	[s. pag.]	0040	7316215
pb	[s. pag.]	0041	7316216
pb	[s. pag.]	0042	7316217
pb	[s. pag.]	0043	7316218
pb	25	0044	7316219
pb	26	0045	7316220
pb	27	0046	7316221
pb	28	0047	7316222
pb	29	0048	7316223
pb	30	0049	7316224
pb	31	0050	7316225
pb	32	0051	7316226
entry	Coquillage ou Coquille	12	
orth	Coquillage		
orth	Coquille		
pb	33	0052	7316227
pb	34	0053	7316228
pb	[s. pag.]	0054	7316229
pb	[s. pag.]	0055	7316230
pb	[s. pag.]	0056	7316231
pb	[s. pag.]	0057	7316232
pb	35	0058	7316233
pb	36	0059	7316234
pb	37	0060	7316235
pb	38	0061	7316236
pb	39	0062	7316237
pb	40	0063	7316238
pb	41	0064	7316239
entry	Corbeau	6	
orth	Corbeau		
pb	42	0065	7316240
pb	43	0066	7316241
pb	44	0067	7316242
pb	45	0068	7316243
pb	46	0069	7316244
pb	47	0070	7316245
pb	48	0071	7316246
entry	Corne	2	
orth	Corne		
pb	49	0072	7316247
pb	50	0073	7316248
entry	Corneille	3	
orth	Corneille		
pb	51	0074	7316249
pb	52	0075	7316250
pb	53	0076	7316251
entry	Corps	0	
orth	Corps		
entry	Cors	1	
orth	Cors		
pb	54	0077	7316252
entry	Cou	0	
orth	Cou		
entry	Coucou	6	
orth	Coucou		
pb	55	0078	7316253
pb	56	0079	7316254
pb	57	0080	7316255
pb	58	0081	7316256
pb	59	0082	7316257
pb	60	0083	7316258
entry	Coup	0	
orth	Coup		
entry	Couper - terme de chasse	0	
orth	Couper - terme de chasse		
entry	Couper - châtrer	2	
orth	Couper - châtrer		
pb	61	0084	7316259
pb	62	0085	7316260
entry	Courbature	2	
orth	Courbature		
pb	63	0086	7316261
pb	64	0087	7316262
entry	Courbe	0	
orth	Courbe		
entry	Cousin	6	
orth	Cousin		
pb	65	0088	7316263
pb	66	0089	7316264
pb	67	0090	7316265
pb	68	0091	7316266
pb	69	0092	7316267
pb	70	0093	7316268
entry	Couvée	7	
orth	Couvée		
pb	71	0094	7316269
pb	72	0095	7316270
pb	73	0096	7316271
pb	74	0097	7316272
pb	75	0098	7316273
pb	76	0099	7316274
pb	77	0100	7316275
entry	Couvrir	1	
orth	Couvrir		
pb	78	0101	7316276
entry	Crampon	0	
orth	Crampon		
entry	Crâne	0	
orth	Crâne		
entry	Crapaud	12	
orth	Crapaud		
pb	79	0102	7316277
pb	80	0103	7316278
pb	81	0104	7316279
pb	82	0105	7316280
pb	83	0106	7316281
pb	84	0107	7316282
pb	85	0108	7316283
pb	86	0109	7316284
pb	87	0110	7316285
pb	88	0111	7316286
pb	89	0112	7316287
pb	90	0113	7316288
entry	Crème	0	
orth	Crème		
entry	Crevasse	0	
orth	Crevasse		
entry	Crin	1	
orth	Crin		
pb	91	0114	7316289
entry	Crinière	1	
orth	Crinière		
pb	92	0115	7316290
entry	Crochets ou Crocs	0	
orth	Crochets		
orth	Crocs		
entry	Crochu	0	
orth	Crochu		
entry	Crones	0	
orth	Crones		
entry	Crotins	0	
orth	Crotins		
entry	Croupe	0	
orth	Croupe		
entry	Croupière	1	
orth	Croupière		
pb	93	0116	7316291
entry	Cru	0	
orth	Cru		
entry	Crustacés	1	
orth	Crustacés		
pb	94	0117	7316292
entry	Cure	0	
orth	Cure		
entry	Curée	0	
orth	Curée		
entry	Curepied	1	
orth	Curepied		
pb	95	0118	7316293
entry	Cygne	4	
orth	Cygne		
pb	96	0119	7316294
pb	97	0120	7316295
pb	98	0121	7316296
pb	99	0122	7316297
pb	100	0123	7316298
entry	Dagues	0	
orth	Dagues		
entry	Daguets	0	
orth	Daguets		
entry	Daim	4	
orth	Daim		
pb	101	0124	7316299
pb	102	0125	7316300
pb	103	0126	7316301
pb	104	0127	7316302
entry	Dard	0	
orth	Dard		
entry	Débucher	0	
orth	Débucher		
entry	Déchaperonner	0	
orth	Déchaperonner		
pb	105	0128	7316303
entry	Décousures	0	
orth	Décousures		
entry	Défenses	0	
orth	Défenses		
entry	Démangeaisons	0	
orth	Démangeaisons		
entry	Desergoter	1	
orth	Desergoter		
pb	106	0129	7316304
entry	Dessoler	0	
orth	Dessoler		
entry	Domestique	21	
orth	Domestique		
pb	[s. pag.]	0130	7316305
pb	[s. pag.]	0131	7316306
pb	[s. pag.]	0132	7316307
pb	[s. pag.]	0133	7316308
pb	[s. pag.]	0134	7316309
pb	107	0135	7316310
pb	108	0136	7316311
pb	109	0137	7316312
pb	110	0138	7316313
pb	111	0139	7316314
pb	112	0140	7316315
pb	113	0141	7316316
pb	114	0142	7316317
pb	115	0143	7316318
pb	116	0144	7316319
pb	117	0145	7316320
pb	118	0146	7316321
pb	119	0147	7316322
pb	120	0148	7316323
pb	121	0149	7316324
pb	122	0150	7316325
entry	Dogue	0	
orth	Dogue		
entry	Donzelle	0	
orth	Donzelle		
entry	Dorée	1	
orth	Dorée		
pb	123	0151	7316326
entry	Dragon de mer	2	
orth	Dragon de mer		
pb	124	0152	7316327
pb	125	0153	7316328
entry	Duc	10	
orth	Duc		
pb	126	0154	7316329
pb	127	0155	7316330
pb	128	0156	7316331
pb	129	0157	7316332
pb	130	0158	7316333
pb	131	0159	7316334
pb	132	0160	7316335
pb	133	0161	7316336
pb	134	0162	7316337
pb	135	0163	7316338
entry	Duvet	1	
orth	Duvet		
pb	136	0164	7316339
pb	137	0165	7316340
entry	Ecaille	0	
orth	Ecaille		
entry	Ecrevisse	12	
orth	Ecrevisse		
pb	138	0166	7316341
pb	139	0167	7316342
pb	140	0168	7316343
pb	141	0169	7316344
pb	142	0170	7316345
pb	143	0171	7316346
pb	144	0172	7316347
pb	145	0173	7316348
pb	146	0174	7316349
pb	147	0175	7316350
pb	148	0176	7316351
pb	149	0177	7316352
entry	Ecureuil	3	
orth	Ecureuil		
pb	150	0178	7316353
pb	151	0179	7316354
pb	152	0180	7316355
entry	Ecurie	1	
orth	Ecurie		
pb	153	0181	7316356
entry	Ederdon, ou Edredon	0	
orth	Ederdon		
orth	Edredon		
entry	Elavé	0	
orth	Elavé		
entry	Embur	0	
orth	Embur		
pb	154	0182	7316357
entry	Emerillon	0	
orth	Emerillon		
entry	Empiéter	0	
orth	Empiéter		
pb	155	0183	7316358
entry	Engraisser un animal	5	
orth	Engraisser un animal		
pb	156	0184	7316359
pb	157	0185	7316360
pb	158	0186	7316361
pb	159	0187	7316362
pb	160	0188	7316363
pb	161	0189	7316364
entry	Entrées	0	
orth	Entrées		
entry	Eperlan	0	
orth	Eperlan		
entry	Epervier	3	
orth	Epervier		
pb	162	0190	7316365
pb	163	0191	7316366
pb	164	0192	7316367
pb	165	0193	7316368
entry	Epervier ou Eprevier	1	
orth	Epervier		
orth	Eprevier		
pb	166	0194	7316369
pb	167	0195	7316370
entry	Epizootiques	132	
orth	Epizootiques		
pb	168	0196	7316371
pb	169	0197	7316372
pb	170	0198	7316373
pb	171	0199	7316374
pb	172	0200	7316375
pb	173	0201	7316376
pb	174	0202	7316377
pb	175	0203	7316378
pb	176	0204	7316379
pb	177	0205	7316380
pb	178	0206	7316381
pb	179	0207	7316382
pb	180	0208	7316383
pb	181	0209	7316384
pb	182	0210	7316385
pb	183	0211	7316386
pb	184	0212	7316387
pb	185	0213	7316388
pb	186	0214	7316389
pb	187	0215	7316390
pb	188	0216	7316391
pb	189	0217	7316392
pb	190	0218	7316393
pb	191	0219	7316394
pb	192	0220	7316395
pb	193	0221	7316396
pb	194	0222	7316397
pb	195	0223	7316398
pb	196	0224	7316399
pb	197	0225	7316400
pb	198	0226	7316401
pb	199	0227	7316402
pb	200	0228	7316403
pb	201	0229	7316404
pb	202	0230	7316405
pb	203	0231	7316406
pb	204	0232	7316407
pb	205	0233	7316408
pb	206	0234	7316409
pb	207	0235	7316410
pb	208	0236	7316411
pb	209	0237	7316412
pb	210	0238	7316413
pb	211	0239	7316414
pb	212	0240	7316415
pb	213	0241	7316416
pb	214	0242	7316417
pb	215	0243	7316418
pb	216	0244	7316419
pb	217	0245	7316420
pb	218	0246	7316421
pb	219	0247	7316422
pb	220	0248	7316423
pb	221	0249	7316424
pb	222	0250	7316425
pb	223	0251	7316426
pb	224	0252	7316427
pb	225	0253	7316428
pb	226	0254	7316429
pb	227	0255	7316430
pb	228	0256	7316431
pb	229	0257	7316432
pb	230	0258	7316433
pb	231	0259	7316434
pb	232	0260	7316435
pb	233	0261	7316436
pb	234	0262	7316437
pb	235	0263	7316438
pb	236	0264	7316439
pb	237	0265	7316440
pb	238	0266	7316441
pb	239	0267	7316442
pb	240	0268	7316443
pb	241	0269	7316444
pb	242	0270	7316445
pb	243	0271	7316446
pb	244	0272	7316447
pb	245	0273	7316448
pb	246	0274	7316449
pb	247	0275	7316450
pb	248	0276	7316451
pb	249	0277	7316452
pb	250	0278	7316453
pb	251	0279	7316454
pb	252	0280	7316455
pb	253	0281	7316456
pb	254	0282	7316457
pb	255	0283	7316458
pb	256	0284	7316459
pb	257	0285	7316460
pb	258	0286	7316461
pb	259	0287	7316462
pb	260	0288	7316463
pb	261	0289	7316464
pb	262	0290	7316465
pb	263	0291	7316466
pb	264	0292	7316467
pb	265	0293	7316468
pb	266	0294	7316469
pb	267	0295	7316470
pb	268	0296	7316471
pb	269	0297	7316472
pb	270	0298	7316473
pb	271	0299	7316474
pb	272	0300	7316475
pb	273	0301	7316476
pb	274	0302	7316477
pb	275	0303	7316478
pb	276	0304	7316479
pb	277	0305	7316480
pb	278	0306	7316481
pb	279	0307	7316482
pb	280	0308	7316483
pb	281	0309	7316484
pb	282	0310	7316485
pb	283	0311	7316486
pb	284	0312	7316487
pb	285	0313	7316488
pb	286	0314	7316489
pb	287	0315	7316490
pb	288	0316	7316491
pb	289	0317	7316492
pb	290	0318	7316493
pb	291	0319	7316494
pb	292	0320	7316495
pb	293	0321	7316496
pb	294	0322	7316497
pb	295	0323	7316498
pb	296	0324	7316499
pb	297	0325	7316500
pb	298	0326	7316501
pb	299	0327	7316502
entry	Epouvantail	1	
orth	Epouvantail		
pb	300	0328	7316503
entry	Ergot	0	
orth	Ergot		
entry	Ergoté	0	
orth	Ergoté		
entry	Escarbot ou Scarabée	8	
orth	Escarbot		
orth	Scarabée		
pb	301	0329	7316504
pb	302	0330	7316505
pb	303	0331	7316506
pb	304	0332	7316507
pb	305	0333	7316508
pb	306	0334	7316509
pb	307	0335	7316510
pb	308	0336	7316511
entry	Esclame	0	
orth	Esclame		
entry	Esplanade	0	
orth	Esplanade		
entry	Essaim	0	
orth	Essaim		
pb	309	0337	7316512
entry	Esturgeon	5	
orth	Esturgeon		
pb	310	0338	7316513
pb	311	0339	7316514
pb	312	0340	7316515
pb	313	0341	7316516
pb	314	0342	7316517
entry	Etable	0	
orth	Etable		
entry	Etalière	0	
orth	Etalière		
entry	Etang	7	
orth	Etang		
pb	315	0343	7316518
pb	316	0344	7316519
pb	317	0345	7316520
pb	318	0346	7316521
pb	319	0347	7316522
pb	320	0348	7316523
pb	321	0349	7316524
entry	Etourneau	3	
orth	Etourneau		
pb	322	0350	7316525
pb	323	0351	7316526
pb	324	0352	7316527
entry	Ecurier	0	
orth	Ecurier		
entry	Excrément	1	
orth	Excrément		
pb	325	0353	7316528
pb	326	0354	7316529
entry	Faisan	12	
orth	Faisan		
pb	327	0355	7316530
pb	328	0356	7316531
pb	329	0357	7316532
pb	330	0358	7316533
pb	331	0359	7316534
pb	332	0360	7316535
pb	333	0361	7316536
pb	334	0362	7316537
pb	335	0363	7316538
pb	336	0364	7316539
pb	337	0365	7316540
pb	338	0366	7316541
entry	Fan ou Faon	0	
orth	Fan		
orth	Faon		
entry	Farcin	17	
orth	Farcin		
pb	339	0367	7316542
pb	340	0368	7316543
pb	341	0369	7316544
pb	342	0370	7316545
pb	343	0371	7316546
pb	344	0372	7316547
pb	345	0373	7316548
pb	346	0374	7316549
pb	347	0375	7316550
pb	348	0376	7316551
pb	349	0377	7316552
pb	350	0378	7316553
pb	351	0379	7316554
pb	352	0380	7316555
pb	353	0381	7316556
pb	354	0382	7316557
pb	355	0383	7316558
entry	Faucon	6	
orth	Faucon		
pb	356	0384	7316559
pb	357	0385	7316560
pb	358	0386	7316561
pb	359	0387	7316562
pb	360	0388	7316563
pb	361	0389	7316564
entry	Fauconnerie	52	
orth	Fauconnerie		
pb	362	0390	7316565
pb	363	0391	7316566
pb	364	0392	7316567
pb	365	0393	7316568
pb	366	0394	7316569
pb	367	0395	7316570
pb	368	0396	7316571
pb	369	0397	7316572
pb	370	0398	7316573
pb	371	0399	7316574
pb	372	0400	7316575
pb	373	0401	7316576
pb	374	0402	7316577
pb	375	0403	7316578
pb	376	0404	7316579
pb	377	0405	7316580
pb	378	0406	7316581
pb	379	0407	7316582
pb	380	0408	7316583
pb	381	0409	7316584
pb	382	0410	7316585
pb	383	0411	7316586
pb	384	0412	7316587
pb	385	0413	7316588
pb	386	0414	7316589
pb	387	0415	7316590
pb	388	0416	7316591
pb	389	0417	7316592
pb	390	0418	7316593
pb	391	0419	7316594
pb	392	0420	7316595
pb	393	0421	7316596
pb	394	0422	7316597
pb	395	0423	7316598
pb	396	0424	7316599
pb	397	0425	7316600
pb	398	0426	7316601
pb	399	0427	7316602
pb	400	0428	7316603
pb	401	0429	7316604
pb	402	0430	7316605
pb	403	0431	7316606
pb	404	0432	7316607
pb	405	0433	7316608
pb	406	0434	7316609
pb	407	0435	7316610
pb	408	0436	7316611
pb	409	0437	7316612
pb	410	0438	7316613
pb	411	0439	7316614
pb	412	0440	7316615
pb	413	0441	7316616
entry	Fauconnier	0	
orth	Fauconnier		
pb	414	0442	7316617
entry	Fauve	0	
orth	Fauve		
entry	Fauvette	2	
orth	Fauvette		
pb	415	0443	7316618
pb	416	0444	7316619
entry	Feu	2	
orth	Feu		
pb	417	0445	7316620
pb	418	0446	7316621
entry	Fiente	0	
orth	Fiente		
entry	Filets	15	
orth	Filets		
pb	419	0447	7316622
pb	420	0448	7316623
pb	421	0449	7316624
pb	422	0450	7316625
pb	423	0451	7316626
pb	424	0452	7316627
pb	425	0453	7316628
pb	426	0454	7316629
pb	427	0455	7316630
pb	428	0456	7316631
pb	429	0457	7316632
pb	430	0458	7316633
pb	431	0459	7316634
pb	432	0460	7316635
pb	433	0461	7316636
entry	Filet	0	
orth	Filet		
entry	Flatrer	0	
orth	Flatrer		
entry	Folilets	1	
orth	Folilets		
pb	434	0462	7316637
entry	Fond	1	
orth	Fond		
pb	435	0463	7316638
entry	Forceau	0	
orth	Forceau		
entry	Forest	1	
orth	Forest		
pb	436	0464	7316639
entry	Forhu	0	
orth	Forhu		
entry	Forhuir	0	
orth	Forhuir		
entry	Forlancer	0	
orth	Forlancer		
entry	Forme	0	
orth	Forme		
entry	Fossette	1	
orth	Fossette		
pb	437	0465	7316640
pb	438	0466	7316641
entry	Fouine	9	
orth	Fouine		
pb	439	0467	7316642
pb	440	0468	7316643
pb	441	0469	7316644
pb	442	0470	7316645
pb	443	0471	7316646
pb	444	0472	7316647
pb	445	0473	7316648
pb	446	0474	7316649
entry	Foulées	0	
orth	Foulées		
entry	Fourchette	1	
orth	Fourchette		
pb	447	0475	7316650
entry	Fourmi	11	
orth	Fourmi		
pb	448	0476	7316651
pb	449	0477	7316652
pb	450	0478	7316653
pb	451	0479	7316654
pb	452	0480	7316655
pb	453	0481	7316656
pb	454	0482	7316657
pb	455	0483	7316658
pb	456	0484	7316659
pb	457	0485	7316660
pb	458	0486	7316661
entry	Fourmillon	8	
orth	Fourmillon		
pb	459	0487	7316662
pb	460	0488	7316663
pb	461	0489	7316664
pb	462	0490	7316665
pb	463	0491	7316666
pb	464	0492	7316667
pb	465	0493	7316668
pb	466	0494	7316669
entry	Fourage	41	
orth	Fourage		
pb	467	0495	7316670
pb	468	0496	7316671
pb	469	0497	7316672
pb	470	0498	7316673
pb	471	0499	7316674
pb	472	0500	7316675
pb	473	0501	7316676
pb	474	0502	7316677
pb	475	0503	7316678
pb	476	0504	7316679
pb	477	0505	7316680
pb	478	0506	7316681
pb	479	0507	7316682
pb	480	0508	7316683
pb	481	0509	7316684
pb	482	0510	7316685
pb	483	0511	7316686
pb	484	0512	7316687
pb	485	0513	7316688
pb	486	0514	7316689
pb	487	0515	7316690
pb	488	0516	7316691
pb	489	0517	7316692
pb	490	0518	7316693
pb	491	0519	7316694
pb	492	0520	7316695
pb	493	0521	7316696
pb	494	0522	7316697
pb	495	0523	7316698
pb	496	0524	7316699
pb	497	0525	7316700
pb	498	0526	7316701
pb	499	0527	7316702
pb	500	0528	7316703
pb	501	0529	7316704
pb	502	0530	7316705
pb	503	0531	7316706
pb	504	0532	7316707
pb	505	0533	7316708
pb	506	0534	7316709
pb	507	0535	7316710
entry	Fromage	16	
orth	Fromage		
pb	508	0536	7316711
pb	509	0537	7316712
pb	510	0538	7316713
pb	511	0539	7316714
pb	512	0540	7316715
pb	513	0541	7316716
pb	514	0542	7316717
pb	515	0543	7316718
pb	516	0544	7316719
pb	517	0545	7316720
pb	518	0546	7316721
pb	519	0547	7316722
pb	520	0548	7316723
pb	521	0549	7316724
pb	522	0550	7316725
pb	523	0551	7316726
entry	Fuite	0	
orth	Fuite		
pb	524	0552	7316727
entry	Fumées	0	
orth	Fumées		
entry	Fumer	0	
orth	Fumer		
entry	Fumier	1	
orth	Fumier		
pb	525	0553	7316728
entry	Furet	3	
orth	Furet		
pb	526	0554	7316729
pb	527	0555	7316730
pb	528	0556	7316731
entry	Fusil	1	
orth	Fusil		
pb	529	0557	7316732
entry	Futé	0	
orth	Futé		
pb	530	0558	7316733
entry	Gabot ou Javot	0	
orth	Gabot		
orth	Javot		
entry	Gale	3	
orth	Gale		
pb	531	0559	7316734
pb	532	0560	7316735
pb	533	0561	7316736
entry	Gardes	0	
orth	Gardes		
entry	Garenne à lapins	1	
orth	Garenne à lapins		
pb	534	0562	7316737
entry	Garenne à poisson	1	
orth	Garenne à poisson		
pb	535	0563	7316738
entry	Garre, crier garre	0	
orth	Garre		
orth	Crier garre		
entry	Garum	0	
orth	Garum		
entry	Geay	4	
orth	Geay		
pb	536	0564	7316739
pb	537	0565	7316740
pb	538	0566	7316741
pb	539	0567	7316742
entry	Gelée	4	
orth	Gelée		
pb	540	0568	7316743
pb	541	0569	7316744
pb	542	0570	7316745
pb	543	0571	7316746
entry	Gelinote	2	
orth	Gelinote		
pb	544	0572	7316747
pb	545	0573	7316748
entry	Gerfault	1	
orth	Gerfault		
pb	546	0574	7316749
entry	Gibecière	0	
orth	Gibecière		
entry	Gibier	1	
orth	Gibier		
pb	547	0575	7316750
entry	Giboyer	0	
orth	Giboyer		
entry	Gigotté	0	
orth	Gigotté		
entry	Gille	0	
orth	Gille		
pb	548	0576	7316751
entry	Gite	0	
orth	Gite		
entry	Glandée	0	
orth	Glandée		
entry	Glu	2	
orth	Glu		
pb	549	0577	7316752
pb	550	0578	7316753
entry	Gluaux	3	
orth	Gluaux		
pb	551	0579	7316754
pb	552	0580	7316755
pb	553	0581	7316756
entry	Gord ou Gort	0	
orth	Gord		
orth	Gort		
entry	Gorge rouge	1	
orth	Gorge rouge		
pb	554	0582	7316757
entry	Goujon	3	
orth	Goujon		
pb	555	0583	7316758
pb	556	0584	7316759
pb	557	0585	7316760
entry	Goulet	0	
orth	Goulet		
entry	Graisse	0	
orth	Graisse		
entry	Grêle	0	
orth	Grêle		
entry	Grenouille	21	
orth	Grenouille		
pb	558	0586	7316761
pb	559	0587	7316762
pb	560	0588	7316763
pb	561	0589	7316764
pb	562	0590	7316765
pb	563	0591	7316766
pb	564	0592	7316767
pb	565	0593	7316768
pb	566	0594	7316769
pb	567	0595	7316770
pb	568	0596	7316771
pb	569	0597	7316772
pb	570	0598	7316773
pb	571	0599	7316774
pb	572	0600	7316775
pb	573	0601	7316776
pb	574	0602	7316777
pb	575	0603	7316778
pb	576	0604	7316779
pb	577	0605	7316780
pb	578	0606	7316781
entry	Grez	0	
orth	Grez		
entry	Gribouri	2	
orth	Gribouri		
pb	579	0607	7316782
pb	580	0608	7316783
entry	Grillon	2	
orth	Grillon		
pb	581	0609	7316784
pb	582	0610	7316785
entry	Grillon taupe, ou Taupe grillon, Courtilliere	6	
orth	Grillon taupe		
orth	Taupe grillon		
orth	Courtilliere		
pb	583	0611	7316786
pb	584	0612	7316787
pb	585	0613	7316788
pb	586	0614	7316789
pb	587	0615	7316790
pb	588	0616	7316791
entry	Grimpereau	1	
orth	Grimpereau		
pb	589	0617	7316792
entry	Grive	6	
orth	Grive		
pb	590	0618	7316793
pb	591	0619	7316794
pb	592	0620	7316795
pb	593	0621	7316796
pb	594	0622	7316797
pb	595	0623	7316798
entry	Gros bec	1	
orth	Gros bec		
pb	596	0624	7316799
entry	Grue	4	
orth	Grue		
pb	597	0625	7316800
pb	598	0626	7316801
pb	599	0627	7316802
pb	600	0628	7316803
entry	Gruyer	0	
orth	Gruyer		
entry	Guêpe	3	
orth	Guêpe		
pb	601	0629	7316804
pb	602	0630	7316805
pb	603	0631	7316806
entry	Gueule	0	
orth	Gueule		
entry	Guide ou Guède	0	
orth	Guide		
orth	Guède		
entry	Guignard ou Petit pluvier	1	
orth	Guignard		
orth	Petit pluvier		
pb	604	0632	7316807
pb	605	0633	7316808
entry	Hachée	0	
orth	Hachée		
entry	Hallier	0	
orth	Hallier		
entry	Hallots	0	
orth	Hallots		
entry	Hameçon	1	
orth	Hameçon		
pb	606	0634	7316809
entry	Hanches	0	
orth	Hanches		
entry	Hangard	0	
orth	Hangard		
entry	Hanneton	2	
orth	Hanneton		
pb	607	0635	7316810
pb	608	0636	7316811
entry	Harang	14	
orth	Harang		
pb	609	0637	7316812
pb	610	0638	7316813
pb	611	0639	7316814
pb	612	0640	7316815
pb	613	0641	7316816
pb	614	0642	7316817
pb	615	0643	7316818
pb	616	0644	7316819
pb	617	0645	7316820
pb	618	0646	7316821
pb	619	0647	7316822
pb	620	0648	7316823
pb	621	0649	7316824
pb	622	0650	7316825
entry	Haras	3	
orth	Haras		
pb	623	0651	7316826
pb	624	0652	7316827
pb	625	0653	7316828
entry	Harassé	0	
orth	Harassé		
entry	Harbon	0	
orth	Harbon		
entry	Harde	0	
orth	Harde		
entry	Harder les chiens dans l'ordre	0	
orth	Harder les chiens dans l'ordre		
entry	Hardées	0	
orth	Hardées		
entry	Hardois	0	
orth	Hardois		
entry	Harle	2	
orth	Harle		
pb	626	0654	7316829
pb	627	0655	7316830
entry	Harnacher	0	
orth	Harnacher		
entry	Harnois	0	
orth	Harnois		
entry	Harout-aly	0	
orth	Harout-aly		
entry	Harpail	0	
orth	Harpail		
entry	Harpe	1	
orth	Harpe		
pb	628	0656	7316831
entry	Hary, Harry	0	
orth	Hary		
orth	Harry		
entry	Hase	0	
orth	Hase		
entry	Haye	0	
orth	Haye		
entry	Herigoté	0	
orth	Herigoté		
entry	Hérisson	4	
orth	Hérisson		
pb	629	0657	7316832
pb	630	0658	7316833
pb	631	0659	7316834
pb	632	0660	7316835
entry	Héron	4	
orth	Héron		
pb	633	0661	7316836
pb	634	0662	7316837
pb	635	0663	7316838
pb	636	0664	7316839
entry	Héronnier	0	
orth	Héronnier		
entry	Hibou	0	
orth	Hibou		
entry	Hippotaure ou Jumart	0	
orth	Hippotaure		
orth	Jumart		
entry	Hirondelle	2	
orth	Hirondelle		
pb	637	0665	7316840
pb	638	0666	7316841
pb	637	0667	7316842
entry	Ho, Lolo, Loloo, Lolooo	0	
orth	Ho		
orth	Lolo		
orth	Loloo		
orth	Lolooo		
entry	Hochequeue	0	
orth	Hochequeue		
entry	Homas	0	
orth	Homas		
entry	Hongre	0	
orth	Hongre		
entry	Hou, Hou, Après l'ami	0	
orth	Hou		
orth	Hou		
orth	Après l'ami		
entry	Houlette	0	
orth	Houlette		
entry	Houper	0	
orth	Houper		
entry	Houraillis	0	
orth	Houraillis		
entry	Houzures	0	
orth	Houzures		
entry	Huan	0	
orth	Huan		
entry	Huée	0	
orth	Huée		
pb	640	0668	7316843
entry	Huitre	0	
orth	Huitre		
entry	Huppe	0	
orth	Huppe		
entry	Hure	0	
orth	Hure		
pb	[s. pag.]	0669	7316844
pb	[s. pag.]	0670	7316845
pb	[s. pag.]	0671	7316846
entry	[Contreplat]	0	
pb	[s. pag.]	0672	7316847
entry	[Plat]	0	
