pb	[s. pag.]	0001	4518303
entry	[Page de faux-titre]	0	
pb	[s. pag.]	0002	4518304
pb	[s. pag.]	0003	4518305
entry	[Page de titre]	0	
pb	[s. pag.]	0004	4518306
pb	1	0005	4518307
entry	Datura	0	
entry	Datura. Applications thérapeutiques [Ernest Labbée]	27	
orth	Datura. Applications thérapeutiques		
pb	2	0006	4518308
pb	3	0007	4518309
pb	4	0008	4518310
pb	5	0009	4518311
pb	6	0010	4518312
pb	7	0011	4518313
pb	8	0012	4518314
pb	9	0013	4518315
pb	10	0014	4518316
pb	11	0015	4518317
pb	12	0016	4518318
pb	13	0017	4518319
pb	14	0018	4518320
pb	15	0019	4518321
pb	16	0020	4518322
pb	17	0021	4518323
pb	18	0022	4518324
pb	19	0023	4518325
pb	20	0024	4518326
pb	21	0025	4518327
pb	22	0026	4518328
pb	23	0027	4518329
pb	24	0028	4518330
pb	25	0029	4518331
pb	26	0030	4518332
pb	27	0031	4518333
pb	28	0032	4518334
pb	29	0033	4518335
entry	Datura. Applications thérapeutiques [Ernest Labbée] (bibliographie)	1	
orth	Datura. Applications thérapeutiques		
pb	30	0034	4518336
entry	Daturine	0	
entry	Daturine. Chimie [Ernest Labbée]	2	
orth	Daturine. Chimie		
pb	31	0035	4518337
pb	32	0036	4518338
entry	Daturine. Action physiologique [Ernest Labbée]	5	
orth	Daturine. Action physiologique		
pb	33	0037	4518339
pb	34	0038	4518340
pb	35	0039	4518341
pb	36	0040	4518342
pb	37	0041	4518343
entry	Daturine. Emploi médical [Ernest Labbée]	1	
orth	Daturine. Emploi médical		
pb	38	0042	4518344
pb	39	0043	4518345
entry	Daturine. Emploi médical [Ernest Labbée] (bibliographie)	1	
orth	Daturine. Emploi médical		
pb	40	0044	4518346
entry	Daubenton (Louis-Jean-Marie) [A. Chéreau]	1	
orth	Daubenton (Louis-Jean-Marie)		
pb	41	0045	4518347
pb	42	0046	4518348
entry	Daubenton (Louis-Jean-Marie) [A. Chéreau] (bibliographie)	0	
orth	Daubenton (Louis-Jean-Marie)		
entry	Daubeny (Charles-Giles-B.) [L. Hahn]	0	
orth	Daubeny (Charles-Giles-B.)		
pb	43	0047	4518349
entry	Daubeny (Charles-Giles-B.) [L. Hahn] (bibliographie)	0	
orth	Daubeny (Charles-Giles-B.)		
entry	Daucum [Ed. Lefèvre]	0	
orth	Daucum		
entry	Daucus [Ed. Lefèvre]	0	
orth	Daucus		
pb	44	0048	4518350
entry	Daucus [Ed. Lefèvre] (bibliographie)	0	
orth	Daucus		
entry	Daucus de Crète [Ed. Lefèvre]	0	
orth	Daucus de Crète		
entry	Daudin (François-Marie) [L. Hahn]	0	
orth	Daudin (François-Marie)		
entry	Daullontas [Ed. Lefèvre]	0	
orth	Daullontas		
entry	Daupès (Jean-Frédéric) [L. Hahn]	1	
orth	Daupès (Jean-Frédéric)		
pb	45	0049	4518351
entry	Dauphin [E. Oustalet]	1	
orth	Dauphin		
pb	46	0050	4518352
entry	Dauphinelle [G. Planchon]	0	
orth	Dauphinelle		
entry	Daurade	0	
entry	Daurade. Zool. [E. Oustalet]	1	
orth	Daurade. Zool.		
pb	47	0051	4518353
entry	Bot. [Ed. Lefèvre]	0	
orth	Bot.		
entry	Daval (Jean) [A. Chéreau] (bibliographie)	0	
orth	Daval (Jean)		
entry	Davames [Amédée Dechambre]	0	
orth	Davames		
entry	David (Jean-Pierre) [A. Chéreau]	0	
orth	David (Jean-Pierre)		
pb	48	0052	4518354
entry	David (Jean-Pierre) [A. Chéreau] (bibliographie)	0	
orth	David (Jean-Pierre)		
entry	David (Jehan) [L. Hahn]	0	
orth	David (Jehan)		
entry	David de Pomis [L. Hahn]	0	
orth	David de Pomis		
pb	49	0053	4518355
entry	David de Pomis [L. Hahn] (bibliographie)	0	
orth	David de Pomis		
entry	Davidge (John-Beale) [L. Hahn]	0	
orth	Davidge (John-Beale)		
entry	Davidson (William) [Amédée Dechambre]	0	
orth	Davidson (William)		
entry	Davie (John-Christopher) [L. Hahn]	0	
orth	Davie (John-Christopher)		
pb	50	0054	4518356
entry	Davie (John-Christopher) [L. Hahn] (bibliographie)	0	
orth	Davie (John-Christopher)		
entry	Daviel (Jacques) [L. Hahn]	0	
orth	Daviel (Jacques)		
pb	51	0055	4518357
entry	Daviel (Jacques) [L. Hahn] (bibliographie)	0	
orth	Daviel (Jacques)		
entry	Davier [Amédée Dechambre]	1	
orth	Davier		
pb	52	0056	4518358
entry	Davies (Les) [L. Hahn] (bibliographie)	1	
orth	Davies (Les)		
pb	53	0057	4518359
entry	Davila (Don Pedro-Franco) [L. Hahn]	0	
orth	Davila (Don Pedro-Franco)		
entry	Davilla [Ed. Lefèvre]	0	
orth	Davilla		
entry	Davini (Giovanni-Battista) [L. Hahn]	0	
orth	Davini (Giovanni-Battista)		
pb	54	0058	4518360
entry	Davini (Giovanni-Battista) [L. Hahn] (bibliographie)	0	
orth	Davini (Giovanni-Battista)		
entry	Davis (Les) [L. Hahn]	0	
orth	Davis (Les)		
pb	55	0059	4518361
entry	Davis (Les) [L. Hahn] (bibliographie)	0	
orth	Davis (Les)		
entry	Davy (Les) [L. Hahn]	0	
orth	Davy (Les)		
pb	56	0060	4518362
entry	Davy (Les) [L. Hahn] (bibliographie)	2	
orth	Davy (Les)		
pb	57	0061	4518363
pb	58	0062	4518364
entry	Davyum [Ed. Willm]	0	
orth	Davyum		
entry	Dawkes (Thomas) [L. Hahn]	0	
orth	Dawkes (Thomas)		
pb	59	0063	4518365
entry	Dawkes (Thomas) [L. Hahn] (bibliographie)	0	
orth	Dawkes (Thomas)		
entry	Dawson (Les) [L. Hahn]	0	
orth	Dawson (Les)		
entry	Dawul [Amédée Dechambre]	0	
orth	Dawul		
entry	Dax (Eaux minérales, boues et station hivernale) [A. Rotureau]	6	
orth	Dax (Eaux minérales, boues et station hivernale)		
pb	60	0064	4518366
pb	61	0065	4518367
pb	62	0066	4518368
pb	63	0067	4518369
pb	64	0068	4518370
pb	65	0069	4518371
pb	66	0070	4518372
entry	Dax (Eaux minérales, boues et station hivernale) [A. Rotureau] (bibliographie)	0	
orth	Dax (Eaux minérales, boues et station hivernale)		
entry	Day (Les deux) [L. Hahn]	0	
orth	Day (Les deux)		
pb	67	0071	4518373
entry	Day (Les deux) [L. Hahn] (bibliographie)	0	
orth	Day (Les deux)		
entry	Dayaks de Bornéo	0	
ref	Malaisie		
entry	Daysous (Les)	0	
ref	Nègres		
entry	Daza (Alonso-Diez) [L. Hahn]	0	
orth	Daza (Alonso-Diez)		
entry	Daza ou Daça Chacon (Dionisio) [L. Hahn]	0	
orth	Daza ou Daça Chacon (Dionisio)		
pb	68	0072	4518374
entry	Daza ou Daça Chacon (Dionisio) [L. Hahn] (bibliographie)	0	
orth	Daza ou Daça Chacon (Dionisio)		
entry	Dazille (Jean-Barthélemy) [A. Chéreau]	0	
orth	Dazille (Jean-Barthélemy)		
pb	69	0073	4518375
entry	Dazille (Jean-Barthélemy) [A. Chéreau] (bibliographie)	0	
orth	Dazille (Jean-Barthélemy)		
entry	Deagostini (Antonio) [L. Hahn]	0	
orth	Deagostini (Antonio)		
entry	Deane (Edmund) [A. Dureau]	0	
orth	Deane (Edmund)		
entry	Dease (William) [A. Dureau]	0	
orth	Dease (William)		
pb	70	0074	4518376
entry	Deauville (Station marine) [A. Rotureau]	0	
orth	Deauville (Station marine)		
entry	Débardeurs, Déchargeurs de bateaux (Hygiène) [Alexandre Layet]	2	
orth	Débardeurs, Déchargeurs de bateaux (Hygiène)		
pb	71	0075	4518377
pb	72	0076	4518378
pb	73	0077	4518379
entry	Débardeurs, Déchargeurs de bateaux (Hygiène) [Alexandre Layet] (bibliographie)	0	
orth	Débardeurs, Déchargeurs de bateaux (Hygiène)		
entry	De Beunnie (Jean-Baptiste) [L. Hahn]	0	
orth	De Beunnie (Jean-Baptiste)		
entry	Débilité [Amédée Dechambre]	0	
orth	Débilité		
entry	De Block (Guillaume-Joseph) [L. Hahn]	1	
orth	De Block (Guillaume-Joseph)		
pb	74	0078	4518380
entry	Déboisement [J. Mahé]	39	
orth	Déboisement		
pb	75	0079	4518381
pb	76	0080	4518382
pb	77	0081	4518383
pb	78	0082	4518384
pb	79	0083	4518385
pb	80	0084	4518386
pb	81	0085	4518387
pb	82	0086	4518388
pb	83	0087	4518389
pb	84	0088	4518390
pb	85	0089	4518391
pb	86	0090	4518392
pb	87	0091	4518393
pb	88	0092	4518394
pb	89	0093	4518395
pb	90	0094	4518396
pb	91	0095	4518397
pb	92	0096	4518398
pb	93	0097	4518399
pb	94	0098	4518400
pb	95	0099	4518401
pb	96	0100	4518402
pb	97	0101	4518403
pb	98	0102	4518404
pb	99	0103	4518405
pb	100	0104	4518406
pb	101	0105	4518407
pb	102	0106	4518408
pb	103	0107	4518409
pb	104	0108	4518410
pb	105	0109	4518411
pb	106	0110	4518412
pb	107	0111	4518413
pb	108	0112	4518414
pb	109	0113	4518415
pb	110	0114	4518416
pb	111	0115	4518417
pb	112	0116	4518418
pb	113	0117	4518419
pb	114	0118	4518420
entry	Déboisement [J. Mahé] (bibliographie)	1	
orth	Déboisement		
pb	115	0119	4518421
entry	De Bourges	0	
ref	Bourges		
entry	Débourreurs (Hygiène industrielle) [Alexandre Layet]	0	
orth	Débourreurs (Hygiène industrielle)		
pb	116	0120	4518422
entry	Débourreurs (Hygiène industrielle) [Alexandre Layet] (bibliographie)	0	
orth	Débourreurs (Hygiène industrielle)		
entry	Debout (Émile) [A. Chéreau]	0	
orth	Debout (Émile)		
pb	117	0121	4518423
entry	Debout (Émile) [A. Chéreau] (bibliographie)	0	
orth	Debout (Émile)		
entry	Debreyne (Pierre-Jean-Corneille) [L. Hahn]	0	
orth	Debreyne (Pierre-Jean-Corneille)		
entry	Débridement [Servier]	4	
orth	Débridement		
pb	118	0122	4518424
pb	119	0123	4518425
pb	120	0124	4518426
pb	121	0125	4518427
entry	Decadia [H. Baillon] (bibliographie)	0	
orth	Decadia		
entry	Décantation [Amédée Dechambre]	2	
orth	Décantation		
pb	122	0126	4518428
pb	123	0127	4518429
entry	Décapage (Hygiène industrielle) [Alexandre Layet]	2	
orth	Décapage (Hygiène industrielle)		
pb	124	0128	4518430
pb	125	0129	4518431
entry	Décapodes [Ed. Lefèvre]	8	
orth	Décapodes		
pb	126	0130	4518432
pb	127	0131	4518433
pb	128	0132	4518434
pb	129	0133	4518435
pb	130	0134	4518436
pb	131	0135	4518437
pb	132	0136	4518438
pb	133	0137	4518439
pb	134	0138	4518440
entry	Décapodes [Ed. Lefèvre] (bibliographie)	1	
orth	Décapodes		
pb	135	0139	4518441
entry	Decembrio (Angelo) [L. Hahn]	0	
orth	Decembrio (Angelo)		
entry	Decenylène [Amédée Dechambre]	0	
orth	Decenylène		
entry	Décès [Bertillon]	0	
orth	Décès		
pb	136	0140	4518442
entry	Décès [Jacques Bertillon]	14	
orth	Décès		
pb	137	0141	4518443
pb	138	0142	4518444
pb	139	0143	4518445
pb	140	0144	4518446
pb	141	0145	4518447
pb	142	0146	4518448
pb	143	0147	4518449
pb	144	0148	4518450
pb	145	0149	4518451
pb	146	0150	4518452
pb	147	0151	4518453
pb	148	0152	4518454
pb	149	0153	4518455
pb	150	0154	4518456
pb	151	0155	4518457
entry	Décès [Bertillon]	0	
orth	Décès		
entry	Déchaussoir [Amédée Dechambre]	0	
orth	Déchaussoir		
entry	Déchireurs de bateaux	0	
ref	Débardeurs		
entry	Déchirure [Amédée Dechambre]	0	
orth	Déchirure		
entry	Decima (Angelo Conte dalla) [L. Hahn] (bibliographie)	0	
orth	Decima (Angelo Conte dalla)		
entry	Decker (Les)	0	
ref	Dekker		
entry	Deckmann (Christian-Gottlieb) [L. Hahn]	0	
orth	Deckmann (Christian-Gottlieb)		
pb	152	0156	4518458
entry	Deckmann (Christian-Gottlieb) [L. Hahn] (bibliographie)	0	
orth	Deckmann (Christian-Gottlieb)		
entry	Déclaration [Amédée Dechambre]	0	
orth	Déclaration		
entry	Déclin [Amédée Dechambre]	0	
orth	Déclin		
entry	Décoction, Décoctum [Amédée Dechambre]	3	
orth	Décoction, Décoctum		
pb	153	0157	4518459
pb	154	0158	4518460
pb	155	0159	4518461
entry	Décollation	0	
ref	Supplices		
entry	Décollement [Amédée Dechambre]	1	
orth	Décollement		
pb	156	0160	4518462
entry	Décoloration [Amédée Dechambre]	0	
orth	Décoloration		
entry	Décortication [Amédée Dechambre]	1	
orth	Décortication		
pb	157	0161	4518463
entry	Decroix (L.-J.) [L. Hahn] (bibliographie)	0	
orth	Decroix (L.-J.)		
entry	Décroso (Louis-Marie) [L. Hahn]	0	
orth	Décroso (Louis-Marie)		
entry	Décubitus [Amédée Dechambre]	20	
orth	Décubitus		
pb	158	0162	4518464
pb	159	0163	4518465
pb	160	0164	4518466
pb	161	0165	4518467
pb	162	0166	4518468
pb	163	0167	4518469
pb	164	0168	4518470
pb	165	0169	4518471
pb	166	0170	4518472
pb	167	0171	4518473
pb	168	0172	4518474
pb	169	0173	4518475
pb	170	0174	4518476
pb	171	0175	4518477
pb	172	0176	4518478
pb	173	0177	4518479
pb	174	0178	4518480
pb	175	0179	4518481
pb	176	0180	4518482
pb	177	0181	4518483
pb	178	0182	4518484
entry	Décubitus [Amédée Dechambre] (bibliographie)	0	
orth	Décubitus		
entry	Décussation [Amédée Dechambre]	0	
orth	Décussation		
entry	Décylène [Amédée Dechambre]	0	
orth	Décylène		
pb	179	0183	4518485
entry	Dedekind (Johann-Julius-Wilhelm) [A. Dureau] (bibliographie)	0	
orth	Dedekind (Johann-Julius-Wilhelm)		
entry	Dedu [L. Hahn]	0	
orth	Dedu		
entry	Dee (Arthur) [A. Dureau]	0	
orth	Dee (Arthur)		
entry	Deering (Charles) [L. Hahn]	0	
orth	Deering (Charles)		
pb	180	0184	4518486
entry	Deering (Charles) [L. Hahn] (bibliographie)	0	
orth	Deering (Charles)		
entry	Défaillance [Amédée Dechambre]	0	
orth	Défaillance		
entry	Défécation (Physiologie) [J. Aubry]	4	
orth	Défécation (Physiologie)		
pb	181	0185	4518487
pb	182	0186	4518488
pb	183	0187	4518489
pb	184	0188	4518490
entry	Défécation (Pharmacie) [Amédée Dechambre]	0	
orth	Défécation (Pharmacie)		
entry	Déférent (Canal)	0	
ref	Spermatiques (Voies)		
ref	Testicule		
entry	Déflexion [Amédée Dechambre]	0	
orth	Déflexion		
entry	Défloration	0	
ref	Viol		
entry	Déformation [Amédée Dechambre]	1	
orth	Déformation		
pb	185	0189	4518491
entry	Déformations [E. Dally]	14	
orth	Déformations		
pb	186	0190	4518492
pb	187	0191	4518493
pb	188	0192	4518494
pb	189	0193	4518495
pb	190	0194	4518496
pb	191	0195	4518497
pb	192	0196	4518498
pb	193	0197	4518499
pb	194	0198	4518500
pb	195	0199	4518501
pb	196	0200	4518502
pb	197	0201	4518503
pb	198	0202	4518504
pb	199	0203	4518505
entry	Défrichement (Drainage, dessèchements, irrigations, engrais naturels) [J. Mahé]	11	
orth	Défrichement (Drainage, dessèchements, irrigations, engrais naturels)		
pb	200	0204	4518506
pb	201	0205	4518507
pb	202	0206	4518508
pb	203	0207	4518509
pb	204	0208	4518510
pb	205	0209	4518511
pb	206	0210	4518512
pb	207	0211	4518513
pb	208	0212	4518514
pb	209	0213	4518515
pb	210	0214	4518516
pb	211	0215	4518517
entry	Défrichement (Drainage, dessèchements, irrigations, engrais naturels) [J. Mahé] (bibliographie)	0	
orth	Défrichement (Drainage, dessèchements, irrigations, engrais naturels)		
entry	Defrutum [Amédée Dechambre]	0	
orth	Defrutum		
entry	Degen (August-Friedrich-Ernst) [L. Hahn]	0	
orth	Degen (August-Friedrich-Ernst)		
entry	Degener ou Degner (Les) [L. Hahn]	0	
orth	Degener ou Degner (Les)		
pb	212	0216	4518518
entry	Degener ou Degner (Les) [L. Hahn] (bibliographie)	0	
orth	Degener ou Degner (Les)		
entry	Dégénération	0	
ref	Dégénérescence		
entry	Dégénérescence	0	
entry	Dégénérescence. Biologie anthropologique [E. Dally]	15	
orth	Dégénérescence. Biologie anthropologique		
pb	213	0217	4518519
pb	214	0218	4518520
pb	215	0219	4518521
pb	216	0220	4518522
pb	217	0221	4518523
pb	218	0222	4518524
pb	219	0223	4518525
pb	220	0224	4518526
pb	221	0225	4518527
pb	222	0226	4518528
pb	223	0227	4518529
pb	224	0228	4518530
pb	225	0229	4518531
pb	226	0230	4518532
pb	227	0231	4518533
entry	Dégénérescence. Anatomie pathologique [Ch. Robin]	7	
orth	Dégénérescence. Anatomie pathologique		
pb	228	0232	4518534
pb	229	0233	4518535
pb	230	0234	4518536
pb	231	0235	4518537
pb	232	0236	4518538
pb	233	0237	4518539
pb	234	0238	4518540
entry	Degland (Jean-Vincent-Yves) [L. Hahn] (bibliographie)	0	
orth	Degland (Jean-Vincent-Yves)		
entry	Déglutition [Arloing]	32	
orth	Déglutition		
pb	235	0239	4518541
pb	236	0240	4518542
pb	237	0241	4518543
pb	238	0242	4518544
pb	239	0243	4518545
pb	240	0244	4518546
pb	241	0245	4518547
pb	242	0246	4518548
pb	243	0247	4518549
pb	244	0248	4518550
pb	245	0249	4518551
pb	246	0250	4518552
pb	247	0251	4518553
pb	248	0252	4518554
pb	249	0253	4518555
pb	250	0254	4518556
pb	251	0255	4518557
pb	252	0256	4518558
pb	253	0257	4518559
pb	254	0258	4518560
pb	255	0259	4518561
pb	256	0260	4518562
pb	257	0261	4518563
pb	258	0262	4518564
pb	259	0263	4518565
pb	260	0264	4518566
pb	261	0265	4518567
pb	262	0266	4518568
pb	263	0267	4518569
pb	264	0268	4518570
pb	265	0269	4518571
pb	266	0270	4518572
pb	267	0271	4518573
entry	Déglutition [Arloing] (bibliographie)	1	
orth	Déglutition		
pb	268	0272	4518574
entry	Degner	0	
ref	Degener		
entry	De Gorris	0	
ref	Gorris		
entry	Dégradation	0	
ref	Dégénérescence		
entry	Dégraisseurs (Hygiène industrielle) [Alexandre Layet]	2	
orth	Dégraisseurs (Hygiène industrielle)		
pb	269	0273	4518575
pb	270	0274	4518576
pb	271	0275	4518577
entry	Dégraisseurs (Hygiène industrielle) [Alexandre Layet] (bibliographie)	0	
orth	Dégraisseurs (Hygiène industrielle)		
pb	272	0276	4518578
entry	Deguise (Les deux) [A. Chéreau] (bibliographie)	0	
orth	Deguise (Les deux)		
entry	Dehne (Johann-Christian-Conrad) [L. Hahn]	0	
orth	Dehne (Johann-Christian-Conrad)		
pb	273	0277	4518579
entry	Dehne (Johann-Christian-Conrad) [L. Hahn] (bibliographie)	0	
orth	Dehne (Johann-Christian-Conrad)		
entry	Dehns (Peter) [L. Hahn]	0	
orth	Dehns (Peter)		
entry	Deidier (Les deux) [L. Hahn]	0	
orth	Deidier (Les deux)		
pb	274	0278	4518580
entry	Deidier (Les deux) [L. Hahn] (bibliographie)	0	
orth	Deidier (Les deux)		
entry	Deiman (Joannes Rudolf) [A. Dureau]	0	
orth	Deiman (Joannes Rudolf)		
pb	275	0279	4518581
entry	Deiman (Joannes Rudolf) [A. Dureau] (bibliographie)	0	
orth	Deiman (Joannes Rudolf)		
entry	Deinope	0	
ref	Araignée		
entry	Deisch (Johann-Andreas) [L. Hahn]	0	
orth	Deisch (Johann-Andreas)		
pb	276	0280	4518582
entry	Deisch (Johann-Andreas) [L. Hahn] (bibliographie)	0	
orth	Deisch (Johann-Andreas)		
entry	Deiters (Otto-Friedrich-Carl) [L. Hahn]	0	
orth	Deiters (Otto-Friedrich-Carl)		
entry	Dejean (Les) [L. Hahn]	0	
orth	Dejean (Les)		
pb	277	0281	4518583
entry	Dejean (Les) [L. Hahn] (bibliographie)	0	
orth	Dejean (Les)		
entry	Déjection [Amédée Dechambre]	4	
orth	Déjection		
pb	278	0282	4518584
pb	279	0283	4518585
pb	280	0284	4518586
pb	281	0285	4518587
entry	Dekan, Dekhan	0	
ref	Hindoustan		
entry	Dekkers (Les) [L. Hahn] (bibliographie)	1	
orth	Dekkers (Les)		
pb	282	0286	4518588
entry	Delabarre (Les deux) [L. Hahn]	0	
orth	Delabarre (Les deux)		
pb	283	0287	4518589
entry	Delabarre (Les deux) [L. Hahn] (bibliographie)	0	
orth	Delabarre (Les deux)		
entry	De la Berge (Alexandre-Louis) [A. Chéreau]	0	
orth	De la Berge (Alexandre-Louis)		
pb	284	0288	4518590
entry	De la Berge (Alexandre-Louis) [A. Chéreau] (bibliographie)	0	
orth	De la Berge (Alexandre-Louis)		
entry	Delacoux (Les) [L. Hahn]	1	
orth	Delacoux (Les)		
pb	285	0289	4518591
entry	De Lacroix (Demetrius) [A. Chéreau]	0	
orth	De Lacroix (Demetrius)		
entry	Delafond (Henri-Mamert-Onésius) [L. Hahn]	0	
orth	Delafond (Henri-Mamert-Onésius)		
pb	286	0290	4518592
entry	Delafond (Henri-Mamert-Onésius) [L. Hahn] (bibliographie)	0	
orth	Delafond (Henri-Mamert-Onésius)		
entry	Delafosse (Gabriel) [L. Hahn]	0	
orth	Delafosse (Gabriel)		
pb	287	0291	4518593
entry	Delafosse (Gabriel) [L. Hahn] (bibliographie)	0	
orth	Delafosse (Gabriel)		
entry	Delalande (Jean-Marie) [L. Hahn]	0	
orth	Delalande (Jean-Marie)		
entry	De Lamotte	0	
ref	Lamotte		
entry	Delaporte (Pierre-Louis) [L. Hahn]	0	
orth	Delaporte (Pierre-Louis)		
pb	288	0292	4518594
entry	Delaporte (Pierre-Louis) [L. Hahn] (bibliographie)	0	
orth	Delaporte (Pierre-Louis)		
entry	Delarbre (Antoine) [L. Hahn]	0	
orth	Delarbre (Antoine)		
entry	Delarive (Les deux) [L. Hahn]	0	
orth	Delarive (Les deux)		
pb	289	0293	4518595
entry	Delarive (Les deux) [L. Hahn] (bibliographie)	1	
orth	Delarive (Les deux)		
pb	290	0294	4518596
entry	Delaroche (Les deux) [L. Hahn]	0	
orth	Delaroche (Les deux)		
pb	291	0295	4518597
entry	Delaroche (Les deux) [L. Hahn] (bibliographie)	1	
orth	Delaroche (Les deux)		
pb	292	0296	4518598
entry	De Larroque	0	
ref	Larroque		
entry	Delarue (François) [L. Hahn]	0	
orth	Delarue (François)		
entry	Delaunay (Claude-Jean-Veau) [L. Hahn]	0	
orth	Delaunay (Claude-Jean-Veau)		
entry	Delawares	0	
ref	Amérique		
entry	Délayants [Amédée Dechambre]	0	
orth	Délayants		
entry	Del Boe	0	
ref	Du Bois		
entry	Deleau (Nicolas) [A. Chéreau]	0	
orth	Deleau (Nicolas)		
pb	293	0297	4518599
entry	Deleau (Nicolas) [A. Chéreau] (bibliographie)	0	
orth	Deleau (Nicolas)		
pb	294	0298	4518600
entry	Delene	0	
ref	Araignées		
entry	Delens (Adrien-Jacques) [A. Chéreau] (bibliographie)	0	
orth	Delens (Adrien-Jacques)		
entry	Deleurye (Les) [A. Chéreau]	0	
orth	Deleurye (Les)		
pb	295	0299	4518601
entry	Deleurye (Les) [A. Chéreau] (bibliographie)	0	
orth	Deleurye (Les)		
entry	Deleuze (Joseph-Philippe-François) [A. Dureau]	0	
orth	Deleuze (Joseph-Philippe-François)		
pb	296	0300	4518602
entry	Deleuze (Joseph-Philippe-François) [A. Dureau] (bibliographie)	0	
orth	Deleuze (Joseph-Philippe-François)		
entry	Delfino (Federigo) [L. Hahn]	0	
orth	Delfino (Federigo)		
entry	Delgado (Les) [L. Hahn]	1	
orth	Delgado (Les)		
pb	297	0301	4518603
entry	Delgras (Mariano) [L. Hahn]	0	
orth	Delgras (Mariano)		
pb	298	0302	4518604
entry	Delia [G. Planchon]	0	
orth	Delia		
entry	Delicado (Francesco) [A. Dureau] (bibliographie)	0	
orth	Delicado (Francesco)		
entry	Déligation [Servier]	12	
orth	Déligation		
pb	299	0303	4518605
pb	300	0304	4518606
pb	301	0305	4518607
pb	302	0306	4518608
pb	303	0307	4518609
pb	304	0308	4518610
pb	305	0309	4518611
pb	306	0310	4518612
pb	307	0311	4518613
pb	308	0312	4518614
pb	309	0313	4518615
pb	310	0314	4518616
pb	311	0315	4518617
entry	Déligation [Servier] (bibliographie)	0	
orth	Déligation		
entry	Delioux de Savignac (Joseph-François-Jacq.-Augustin) [L. Hahn]	1	
orth	Delioux de Savignac (Joseph-François-Jacq.-Augustin)		
pb	312	0316	4518618
pb	313	0317	4518619
entry	Delioux de Savignac (Joseph-François-Jacq.-Augustin) [L. Hahn] (bibliographie)	2	
orth	Delioux de Savignac (Joseph-François-Jacq.-Augustin)		
pb	314	0318	4518620
pb	315	0319	4518621
entry	Délire [B. Ball, Ant. Ritti]	92	
orth	Délire		
pb	316	0320	4518622
pb	317	0321	4518623
pb	318	0322	4518624
pb	319	0323	4518625
pb	320	0324	4518626
pb	321	0325	4518627
pb	322	0326	4518628
pb	323	0327	4518629
pb	324	0328	4518630
pb	325	0329	4518631
pb	326	0330	4518632
pb	327	0331	4518633
pb	328	0332	4518634
pb	329	0333	4518635
pb	330	0334	4518636
pb	331	0335	4518637
pb	332	0336	4518638
pb	333	0337	4518639
pb	334	0338	4518640
pb	335	0339	4518641
pb	336	0340	4518642
pb	337	0341	4518643
pb	338	0342	4518644
pb	339	0343	4518645
pb	340	0344	4518646
pb	341	0345	4518647
pb	342	0346	4518648
pb	343	0347	4518649
pb	344	0348	4518650
pb	345	0349	4518651
pb	346	0350	4518652
pb	347	0351	4518653
pb	348	0352	4518654
pb	349	0353	4518655
pb	350	0354	4518656
pb	351	0355	4518657
pb	352	0356	4518658
pb	353	0357	4518659
pb	354	0358	4518660
pb	355	0359	4518661
pb	356	0360	4518662
pb	357	0361	4518663
pb	358	0362	4518664
pb	359	0363	4518665
pb	360	0364	4518666
pb	361	0365	4518667
pb	362	0366	4518668
pb	363	0367	4518669
pb	364	0368	4518670
pb	365	0369	4518671
pb	366	0370	4518672
pb	367	0371	4518673
pb	368	0372	4518674
pb	369	0373	4518675
pb	370	0374	4518676
pb	371	0375	4518677
pb	372	0376	4518678
pb	373	0377	4518679
pb	374	0378	4518680
pb	375	0379	4518681
pb	376	0380	4518682
pb	377	0381	4518683
pb	378	0382	4518684
pb	379	0383	4518685
pb	380	0384	4518686
pb	381	0385	4518687
pb	382	0386	4518688
pb	383	0387	4518689
pb	384	0388	4518690
pb	385	0389	4518691
pb	386	0390	4518692
pb	387	0391	4518693
pb	388	0392	4518694
pb	389	0393	4518695
pb	390	0394	4518696
pb	391	0395	4518697
pb	392	0396	4518698
pb	393	0397	4518699
pb	394	0398	4518700
pb	395	0399	4518701
pb	396	0400	4518702
pb	397	0401	4518703
pb	398	0402	4518704
pb	399	0403	4518705
pb	400	0404	4518706
pb	401	0405	4518707
pb	402	0406	4518708
pb	403	0407	4518709
pb	404	0408	4518710
pb	405	0409	4518711
pb	406	0410	4518712
pb	407	0411	4518713
pb	408	0412	4518714
entry	Délire [B. Ball, Ant. Ritti] (bibliographie)	0	
orth	Délire		
entry	Délire Aigu [B. Ball, E. Chambard]	24	
orth	Délire Aigu		
pb	409	0413	4518715
pb	410	0414	4518716
pb	411	0415	4518717
pb	412	0416	4518718
pb	413	0417	4518719
pb	414	0418	4518720
pb	415	0419	4518721
pb	416	0420	4518722
pb	417	0421	4518723
pb	418	0422	4518724
pb	419	0423	4518725
pb	420	0424	4518726
pb	421	0425	4518727
pb	422	0426	4518728
pb	423	0427	4518729
pb	424	0428	4518730
pb	425	0429	4518731
pb	426	0430	4518732
pb	427	0431	4518733
pb	428	0432	4518734
pb	429	0433	4518735
pb	430	0434	4518736
pb	431	0435	4518737
pb	432	0436	4518738
pb	433	0437	4518739
entry	Délire Aigu [B. Ball, E. Chambard] (bibliographie)	1	
orth	Délire Aigu		
pb	434	0438	4518740
entry	Délire des persécutions	0	
ref	Persécution		
pb	435	0439	4518741
entry	Delirium Tremens [B. Ball, E. Chambard]	26	
orth	Delirium Tremens		
pb	436	0440	4518742
pb	437	0441	4518743
pb	438	0442	4518744
pb	439	0443	4518745
pb	440	0444	4518746
pb	441	0445	4518747
pb	442	0446	4518748
pb	443	0447	4518749
pb	444	0448	4518750
pb	445	0449	4518751
pb	446	0450	4518752
pb	447	0451	4518753
pb	448	0452	4518754
pb	449	0453	4518755
pb	450	0454	4518756
pb	451	0455	4518757
pb	452	0456	4518758
pb	453	0457	4518759
pb	454	0458	4518760
pb	455	0459	4518761
pb	456	0460	4518762
pb	457	0461	4518763
pb	458	0462	4518764
pb	459	0463	4518765
pb	460	0464	4518766
pb	461	0465	4518767
pb	462	0466	4518768
entry	Delirium Tremens [B. Ball, E. Chambard] (bibliographie)	2	
orth	Delirium Tremens		
pb	463	0467	4518769
pb	464	0468	4518770
entry	Délitescence [Amédée Dechambre]	0	
orth	Délitescence		
entry	Delius (Les deux) [L. Hahn]	0	
orth	Delius (Les deux)		
pb	465	0469	4518771
entry	Delius (Les deux) [L. Hahn] (bibliographie)	1	
orth	Delius (Les deux)		
pb	466	0470	4518772
entry	Délivrance [A. Bouchacourt]	50	
orth	Délivrance		
pb	467	0471	4518773
pb	468	0472	4518774
pb	469	0473	4518775
pb	470	0474	4518776
pb	471	0475	4518777
pb	472	0476	4518778
pb	473	0477	4518779
pb	474	0478	4518780
pb	475	0479	4518781
pb	476	0480	4518782
pb	477	0481	4518783
pb	478	0482	4518784
pb	479	0483	4518785
pb	480	0484	4518786
pb	481	0485	4518787
pb	482	0486	4518788
pb	483	0487	4518789
pb	484	0488	4518790
pb	485	0489	4518791
pb	486	0490	4518792
pb	487	0491	4518793
pb	488	0492	4518794
pb	489	0493	4518795
pb	490	0494	4518796
pb	491	0495	4518797
pb	492	0496	4518798
pb	493	0497	4518799
pb	494	0498	4518800
pb	495	0499	4518801
pb	496	0500	4518802
pb	497	0501	4518803
pb	498	0502	4518804
pb	499	0503	4518805
pb	500	0504	4518806
pb	501	0505	4518807
pb	502	0506	4518808
pb	503	0507	4518809
pb	504	0508	4518810
pb	505	0509	4518811
pb	506	0510	4518812
pb	507	0511	4518813
pb	508	0512	4518814
pb	509	0513	4518815
pb	510	0514	4518816
pb	511	0515	4518817
pb	512	0516	4518818
pb	513	0517	4518819
pb	514	0518	4518820
pb	515	0519	4518821
pb	516	0520	4518822
pb	517	0521	4518823
entry	Délivrance [A. Bouchacourt] (bibliographie)	2	
orth	Délivrance		
pb	518	0522	4518824
pb	519	0523	4518825
entry	Delliarion [G. Planchon]	0	
orth	Delliarion		
entry	Dellon (Gabriel) [A. Chéreau]	0	
orth	Dellon (Gabriel)		
entry	Dellwick (Carl-Issac) [L. Hahn]	0	
orth	Dellwick (Carl-Issac)		
pb	520	0524	4518826
entry	Delmas (Eugène) [L. Hahn] (bibliographie)	0	
orth	Delmas (Eugène)		
entry	Delonnes	0	
ref	Imbert-Delonnes		
entry	Delorme ou De Lorme (Les) [A. Chéreau]	1	
orth	Delorme ou De Lorme (Les)		
pb	521	0525	4518827
entry	Delpech (Les deux) [A. Chéreau]	0	
orth	Delpech (Les deux)		
pb	522	0526	4518828
entry	Delpech (Les deux) [A. Chéreau] (bibliographie)	1	
orth	Delpech (Les deux)		
pb	523	0527	4518829
entry	Delphine, Delphinoïdine, Delphisine	0	
entry	Delphine, Delphinoïdine, Delphisine. Chimie [L. Hahn]	5	
orth	Delphine, Delphinoïdine, Delphisine. Chimie		
pb	524	0528	4518830
pb	525	0529	4518831
pb	526	0530	4518832
pb	527	0531	4518833
pb	528	0532	4518834
entry	Delphine, Delphinoïdine, Delphisine. Action physiologique [L. Hahn]	13	
orth	Delphine, Delphinoïdine, Delphisine. Action physiologique		
pb	529	0533	4518835
pb	530	0534	4518836
pb	531	0535	4518837
pb	532	0536	4518838
pb	533	0537	4518839
pb	534	0538	4518840
pb	535	0539	4518841
pb	536	0540	4518842
pb	537	0541	4518843
pb	538	0542	4518844
pb	539	0543	4518845
pb	540	0544	4518846
pb	541	0545	4518847
entry	Delphine, Delphinoïdine, Delphisine. Emploi médical [L. Hahn] (bibliographie)	2	
orth	Delphine, Delphinoïdine, Delphisine. Emploi médical		
pb	542	0546	4518848
pb	543	0547	4518849
entry	Médecine légale	0	
ref	Staphisaigre		
entry	Delphinium [H. Baillon]	1	
orth	Delphinium		
pb	544	0548	4518850
pb	545	0549	4518851
entry	Delphinium [H. Baillon] (bibliographie)	0	
orth	Delphinium		
entry	Delpit [L. Hahn]	0	
orth	Delpit		
entry	Deltoïde	0	
entry	Deltoïde. Anatomie [A. Le Double]	5	
orth	Deltoïde. Anatomie		
pb	546	0550	4518852
pb	547	0551	4518853
pb	548	0552	4518854
pb	549	0553	4518855
pb	550	0554	4518856
entry	Deltoïde. Physiologie [A. Le Double]	3	
orth	Deltoïde. Physiologie		
pb	551	0555	4518857
pb	552	0556	4518858
pb	553	0557	4518859
entry	Deltoïde. Pathologie [L. du Cazal]	2	
orth	Deltoïde. Pathologie		
pb	554	0558	4518860
pb	555	0559	4518861
pb	556	0560	4518862
entry	Deltoïde. Pathologie [L. du Cazal] (bibliographie)	0	
orth	Deltoïde. Pathologie		
entry	Delvaux de Fenffe (Jean-Ch.-Phil.-Jos.) [L. Hahn]	0	
orth	Delvaux de Fenffe (Jean-Ch.-Phil.-Jos.)		
entry	Delzeuze (Jean-François) [A. Chéreau]	0	
orth	Delzeuze (Jean-François)		
entry	De Machy [A. Chéreau]	0	
orth	De Machy		
pb	557	0561	4518863
entry	Démangeaison	0	
ref	Prurit		
entry	Demangeon (J.-B.) [A. Chéreau] (bibliographie)	0	
orth	Demangeon (J.-B.)		
entry	Demarquay (Jean-Nicolas) [A. Chéreau]	0	
orth	Demarquay (Jean-Nicolas)		
pb	558	0562	4518864
entry	Demarquay (Jean-Nicolas) [A. Chéreau] (bibliographie)	0	
orth	Demarquay (Jean-Nicolas)		
entry	Dématiés [Ed. Lefèvre]	1	
orth	Dématiés		
pb	559	0563	4518865
entry	Démence	0	
entry	Démence. Pathologie [B. Ball, E. Chambard]	44	
orth	Démence. Pathologie		
pb	560	0564	4518866
pb	561	0565	4518867
pb	562	0566	4518868
pb	563	0567	4518869
pb	564	0568	4518870
pb	565	0569	4518871
pb	566	0570	4518872
pb	567	0571	4518873
pb	568	0572	4518874
pb	569	0573	4518875
pb	570	0574	4518876
pb	571	0575	4518877
pb	572	0576	4518878
pb	573	0577	4518879
pb	574	0578	4518880
pb	575	0579	4518881
pb	576	0580	4518882
pb	577	0581	4518883
pb	578	0582	4518884
pb	579	0583	4518885
pb	580	0584	4518886
pb	581	0585	4518887
pb	582	0586	4518888
pb	583	0587	4518889
pb	584	0588	4518890
pb	585	0589	4518891
pb	586	0590	4518892
pb	587	0591	4518893
pb	588	0592	4518894
pb	589	0593	4518895
pb	590	0594	4518896
pb	591	0595	4518897
pb	592	0596	4518898
pb	593	0597	4518899
pb	594	0598	4518900
pb	595	0599	4518901
pb	596	0600	4518902
pb	597	0601	4518903
pb	598	0602	4518904
pb	599	0603	4518905
pb	600	0604	4518906
pb	601	0605	4518907
pb	602	0606	4518908
pb	603	0607	4518909
pb	604	0608	4518910
entry	Démence. Pathologie [B. Ball, E. Chambard] (bibliographie)	1	
orth	Démence. Pathologie		
pb	605	0609	4518911
entry	Démence. Médecine légale [G. Tourdes]	29	
orth	Démence. Médecine légale		
pb	606	0610	4518912
pb	607	0611	4518913
pb	608	0612	4518914
pb	609	0613	4518915
pb	610	0614	4518916
pb	611	0615	4518917
pb	612	0616	4518918
pb	613	0617	4518919
pb	614	0618	4518920
pb	615	0619	4518921
pb	616	0620	4518922
pb	617	0621	4518923
pb	618	0622	4518924
pb	619	0623	4518925
pb	620	0624	4518926
pb	621	0625	4518927
pb	622	0626	4518928
pb	623	0627	4518929
pb	624	0628	4518930
pb	625	0629	4518931
pb	626	0630	4518932
pb	627	0631	4518933
pb	628	0632	4518934
pb	629	0633	4518935
pb	630	0634	4518936
pb	631	0635	4518937
pb	632	0636	4518938
pb	633	0637	4518939
pb	634	0638	4518940
pb	635	0639	4518941
entry	Démence. Médecine légale [G. Tourdes] (bibliographie)	0	
orth	Démence. Médecine légale		
entry	Demery (Antoine) [L. Hahn]	0	
orth	Demery (Antoine)		
entry	Demeste (Jean) [A. Chereau]	0	
orth	Demeste (Jean)		
pb	636	0640	4518942
entry	Demeste (Jean) [A. Chéreau]	0	
orth	Demeste (Jean)		
entry	Demetrium [Amédée Dechambre]	0	
orth	Demetrium		
entry	Démétrius Pépagomène [L. Hahn] (bibliographie)	0	
orth	Démétrius Pépagomène		
entry	Démétrius d'Apamée en Bithynie [L. Hahn]	1	
orth	Démétrius d'Apamée en Bithynie		
pb	637	0641	4518943
entry	De-Michelis (Filippo) [L. Hahn] (bibliographie)	0	
orth	De-Michelis (Filippo)		
entry	Demi-circulaires (Canaux)	0	
ref	Oreille interne		
entry	Demi-membraneux [A. Le Double]	3	
orth	Demi-membraneux		
pb	638	0642	4518944
pb	639	0643	4518945
pb	640	0644	4518946
entry	Demi-métal [Amédée Dechambre]	0	
orth	Demi-métal		
entry	Demiri (Kamal Aldin Abulbaka Mohammed ben Musa) [L. Hahn]	0	
orth	Demiri (Kamal Aldin Abulbaka Mohammed ben Musa)		
entry	Demi-tendineux [A. Le Double]	3	
orth	Demi-tendineux		
pb	641	0645	4518947
pb	642	0646	4518948
pb	643	0647	4518949
entry	Demme (Les deux) [L. Hahn] (bibliographie)	1	
orth	Demme (Les deux)		
pb	644	0648	4518950
entry	Démocède [A. Dureau]	1	
orth	Démocède		
pb	645	0649	4518951
entry	Démocrite [A. Dureau]	0	
orth	Démocrite		
entry	Demodex [A. Laboulbène]	4	
orth	Demodex		
pb	646	0650	4518952
pb	647	0651	4518953
pb	648	0652	4518954
pb	649	0653	4518955
pb	650	0654	4518956
entry	Demodex [A. Laboulbène] (bibliographie)	0	
orth	Demodex		
entry	Démographie, Démologie [Bertillon]	0	
orth	Démographie, Démologie		
pb	651	0655	4518957
entry	Démographie, Démologie [Jacques Bertillon]	8	
orth	Démographie, Démologie		
pb	652	0656	4518958
pb	653	0657	4518959
pb	654	0658	4518960
pb	655	0659	4518961
pb	656	0660	4518962
pb	657	0661	4518963
pb	658	0662	4518964
pb	659	0663	4518965
pb	660	0664	4518966
entry	Démographie, Démologie [Bertillon] (bibliographie)	1	
orth	Démographie, Démologie		
pb	661	0665	4518967
entry	Démon, Ange, Esprit [Amédée Dechambre]	21	
orth	Démon, Ange, Esprit		
pb	662	0666	4518968
pb	663	0667	4518969
pb	664	0668	4518970
pb	665	0669	4518971
pb	666	0670	4518972
pb	667	0671	4518973
pb	668	0672	4518974
pb	669	0673	4518975
pb	670	0674	4518976
pb	671	0675	4518977
pb	672	0676	4518978
pb	673	0677	4518979
pb	674	0678	4518980
pb	675	0679	4518981
pb	676	0680	4518982
pb	677	0681	4518983
pb	678	0682	4518984
pb	679	0683	4518985
pb	680	0684	4518986
pb	681	0685	4518987
pb	682	0686	4518988
entry	Démonomanie [Ant. Ritti]	9	
orth	Démonomanie		
pb	683	0687	4518989
pb	684	0688	4518990
pb	685	0689	4518991
pb	686	0690	4518992
pb	687	0691	4518993
pb	688	0692	4518994
pb	689	0693	4518995
pb	690	0694	4518996
pb	691	0695	4518997
pb	692	0696	4518998
entry	Démonomanie [Ant. Ritti] (bibliographie)	1	
orth	Démonomanie		
pb	693	0697	4518999
entry	Demorcy-Delletre (J.-B.-E.) [A. Chéreau]	0	
orth	Demorcy-Delletre (J.-B.-E.)		
entry	De Morgan (Campbell) [L. Hahn]	0	
orth	De Morgan (Campbell)		
pb	694	0698	4519000
entry	De Morgan (Campbell) [L. Hahn] (bibliographie)	0	
orth	De Morgan (Campbell)		
entry	Démosthène (Les) [L. Hahn]	1	
orth	Démosthène (Les)		
pb	695	0699	4519001
entry	Demours (Pierre) [A. Chéreau] (bibliographie)	0	
orth	Demours (Pierre)		
entry	Démulcents [Amédée Dechambre]	0	
orth	Démulcents		
pb	696	0700	4519002
entry	Dendrocélés [Davaine]	0	
orth	Dendrocélés		
entry	Dendrophide [E. Oustalet]	0	
orth	Dendrophide		
pb	697	0701	4519003
entry	Dendrophide [E. Oustalet] (bibliographie)	0	
orth	Dendrophide		
entry	Dendy (Walter-Cooper) [L. Hahn]	0	
orth	Dendy (Walter-Cooper)		
entry	Déneux (Louis-Charles) [A. Chéreau]	0	
orth	Déneux (Louis-Charles)		
pb	698	0702	4519004
entry	Déneux (Louis-Charles) [A. Chéreau] (bibliographie)	0	
orth	Déneux (Louis-Charles)		
entry	Dengue [J. Mahé]	37	
orth	Dengue		
pb	699	0703	4519005
pb	700	0704	4519006
pb	701	0705	4519007
pb	702	0706	4519008
pb	703	0707	4519009
pb	704	0708	4519010
pb	705	0709	4519011
pb	706	0710	4519012
pb	707	0711	4519013
pb	708	0712	4519014
pb	709	0713	4519015
pb	710	0714	4519016
pb	711	0715	4519017
pb	712	0716	4519018
pb	713	0717	4519019
pb	714	0718	4519020
pb	715	0719	4519021
pb	716	0720	4519022
pb	717	0721	4519023
pb	718	0722	4519024
pb	719	0723	4519025
pb	720	0724	4519026
pb	721	0725	4519027
pb	722	0726	4519028
pb	723	0727	4519029
pb	724	0728	4519030
pb	725	0729	4519031
pb	726	0730	4519032
pb	727	0731	4519033
pb	728	0732	4519034
pb	729	0733	4519035
pb	730	0734	4519036
pb	731	0735	4519037
pb	732	0736	4519038
pb	733	0737	4519039
pb	734	0738	4519040
pb	735	0739	4519041
pb	736	0740	4519042
entry	Dengue [J. Mahé] (bibliographie)	2	
orth	Dengue		
pb	737	0741	4519043
pb	738	0742	4519044
entry	Denis (Les) [A. Chéreau, L. Hahn]	0	
orth	Denis (Les)		
pb	739	0743	4519045
entry	Denis (Les) [A. Chéreau, L. Hahn] (bibliographie)	0	
orth	Denis (Les)		
entry	Denis-lèz-Blois (Saint-) (Eau minérale et station hydrothérapique de) [A. Rotureau]	1	
orth	Denis-lèz-Blois (Saint-) (Eau minérale et station hydrothérapique de)		
pb	740	0744	4519046
pb	741	0745	4519047
entry	Denis-lèz-Blois (Saint-) (Eau minérale et station hydrothérapique de) [A. Rotureau] (bibliographie)	0	
orth	Denis-lèz-Blois (Saint-) (Eau minérale et station hydrothérapique de)		
entry	Denisot (Gérard) [A. Chéreau]	0	
orth	Denisot (Gérard)		
entry	Denman (Thomas) [A. Dureau]	0	
orth	Denman (Thomas)		
pb	742	0746	4519048
entry	Denman (Thomas) [A. Dureau] (bibliographie)	0	
orth	Denman (Thomas)		
entry	Dennison (Les deux) [L. Hahn]	0	
orth	Dennison (Les deux)		
entry	Dénonciation [Amédée Dechambre]	1	
orth	Dénonciation		
pb	743	0747	4519049
entry	Denonvilliers (Charles-Pierre) [A. Chéreau]	0	
orth	Denonvilliers (Charles-Pierre)		
pb	744	0748	4519050
entry	Denonvilliers (Charles-Pierre) [A. Chéreau] (bibliographie)	0	
orth	Denonvilliers (Charles-Pierre)		
entry	Densimètre	0	
ref	Aréomètre		
ref	Densité		
entry	Densité [C.-M. Gariel]	22	
orth	Densité		
pb	745	0749	4519051
pb	746	0750	4519052
pb	747	0751	4519053
pb	748	0752	4519054
pb	749	0753	4519055
pb	750	0754	4519056
pb	751	0755	4519057
pb	752	0756	4519058
pb	753	0757	4519059
pb	754	0758	4519060
pb	755	0759	4519061
pb	756	0760	4519062
pb	757	0761	4519063
pb	758	0762	4519064
pb	759	0763	4519065
pb	760	0764	4519066
pb	761	0765	4519067
pb	762	0766	4519068
pb	763	0767	4519069
pb	764	0768	4519070
pb	765	0769	4519071
pb	766	0770	4519072
pb	767	0771	4519073
entry	Articles contenus dans le vingt-sixième volume (1re série)	1	
pb	768	0772	4519074
