pb	sn	0001	7717864
entry	[Plat]	0	
pb	pb	0002	7717865
pb	sn	0003	7717866
entry	[Page de titre]	0	
pb	pb	0004	7717867
pb	sn	0005	7717868
entry	Introduction	0	
orth	Introduction		
pb	pb	0006	7717869
pb	sn	0007	7717870
entry	1re Partie. Nomenclature nominale des spécialités pharmaceutiques médicales, avec noms et adresses de leurs fabricants	0	
orth	1re Partie. Nomenclature nominale des spécialités pharmaceutiques médicales, avec noms et adresses de leurs fabricants		
pb	pb	0008	7717871
pb	7	0009	7717872
pb	8	0010	7717873
pb	9	0011	7717874
pb	10	0012	7717875
pb	11	0013	7717876
pb	12	0014	7717877
pb	13	0015	7717878
pb	14	0016	7717879
pb	15	0017	7717880
pb	16	0018	7717881
pb	17	0019	7717882
pb	18	0020	7717883
pb	19	0021	7717884
pb	20	0022	7717885
pb	21	0023	7717886
pb	22	0024	7717887
pb	23	0025	7717888
pb	24	0026	7717889
pb	25	0027	7717890
pb	26	0028	7717891
pb	27	0029	7717892
pb	28	0030	7717893
pb	29	0031	7717894
pb	30	0032	7717895
pb	31	0033	7717896
pb	32	0034	7717897
pb	33	0035	7717898
pb	34	0036	7717899
pb	35	0037	7717900
pb	36	0038	7717901
pb	37	0039	7717902
pb	38	0040	7717903
pb	39	0041	7717904
pb	40	0042	7717905
pb	41	0043	7717906
pb	42	0044	7717907
pb	43	0045	7717908
pb	44	0046	7717909
pb	45	0047	7717910
pb	46	0048	7717911
pb	47	0049	7717912
pb	48	0050	7717913
pb	49	0051	7717914
pb	50	0052	7717915
pb	51	0053	7717916
pb	52	0054	7717917
pb	sn	0055	7717918
entry	2e Partie. Dictionnaire de spécialités pharmaceutiques	0	
orth	2e Partie. Dictionnaire de spécialités pharmaceutiques		
pb	pb	0056	7717919
pb	55	0057	7717920
entry	Adrénaline Byla (Syn : adrénamine)	0	
orth	Adrénaline Byla (Syn : adrénamine)		
entry	Adrénaline Clin	0	
orth	Adrénaline Clin		
pb	56	0058	7717921
entry	Aethone	0	
orth	Aethone		
entry	Agaryl Fournier	0	
orth	Agaryl Fournier		
pb	57	0059	7717922
entry	Airol « Roche »	0	
orth	Airol « Roche »		
entry	Albuvore	0	
orth	Albuvore		
pb	58	0060	7717923
entry	Algarine Nyrdahl	0	
orth	Algarine Nyrdahl		
entry	Algolane	0	
orth	Algolane		
pb	59	0061	7717924
entry	Ampoules Churchill	0	
orth	Ampoules Churchill		
entry	Ampoules de Digalène « Roche »	0	
orth	Ampoules de Digalène « Roche »		
pb	60	0062	7717925
entry	Ampoules de Pantopon « Roche »	0	
orth	Ampoules de Pantopon « Roche »		
entry	Amylodiastase Thépénier	0	
orth	Amylodiastase Thépénier		
pb	61	0063	7717926
entry	Aniodol	0	
orth	Aniodol		
entry	Antacidol	0	
orth	Antacidol		
pb	62	0064	7717927
entry	Antialgos Christiaens	0	
orth	Antialgos Christiaens		
entry	Antiasthme Bengalais	0	
orth	Antiasthme Bengalais		
pb	63	0065	7717928
entry	Anticholestérine Foulon	0	
orth	Anticholestérine Foulon		
entry	Antigrippine Midy	0	
orth	Antigrippine Midy		
pb	64	0066	7717929
entry	Antiphlogistine	0	
orth	Antiphlogistine		
pb	65	0067	7717930
entry	Antodyne	0	
orth	Antodyne		
entry	Apaludol	0	
orth	Apaludol		
pb	66	0068	7717931
entry	Arhéol	0	
orth	Arhéol		
entry	Arhine Lambiotte Frères	0	
orth	Arhine Lambiotte Frères		
pb	67	0069	7717932
entry	Arquéritol Lesure	0	
orth	Arquéritol Lesure		
entry	Arsénobenzol	0	
orth	Arsénobenzol		
pb	68	0070	7717933
entry	Arthri-Sel	0	
orth	Arthri-Sel		
entry	Arthritose	0	
orth	Arthritose		
pb	69	0071	7717934
entry	Ascoléine Rivier	0	
orth	Ascoléine Rivier		
entry	Aspirine Vicario	0	
orth	Aspirine Vicario		
pb	70	0072	7717935
entry	Atophan Cruet	0	
orth	Atophan Cruet		
entry	Atural	0	
orth	Atural		
pb	71	0073	7717936
entry	Audigénine	0	
orth	Audigénine		
entry	Azufrol	0	
orth	Azufrol		
pb	72	0074	7717937
entry	Baume du Docteur Baissade	0	
orth	Baume du Docteur Baissade		
entry	Baume Duret	0	
orth	Baume Duret		
pb	73	0075	7717938
entry	Béatol	0	
orth	Béatol		
pb	74	0076	7717939
entry	Bétul-Ol Midy	0	
orth	Bétul-Ol Midy		
entry	Bibromure Vicario	0	
orth	Bibromure Vicario		
pb	75	0077	7717940
entry	Bi-iodural Novat	0	
orth	Bi-iodural Novat		
entry	Bi-iodure de mercure Midy	0	
orth	Bi-iodure de mercure Midy		
pb	76	0078	7717941
entry	Bi-iodure Souffron	0	
orth	Bi-iodure Souffron		
entry	Biléyl Fournier	0	
orth	Biléyl Fournier		
pb	77	0079	7717942
entry	Biocalcose Chevretin	0	
orth	Biocalcose Chevretin		
entry	Biophorine Girard	0	
orth	Biophorine Girard		
pb	78	0080	7717943
entry	Biolactyl Fournier	0	
orth	Biolactyl Fournier		
pb	79	0081	7717944
entry	Boldo Gmet	0	
orth	Boldo Gmet		
entry	Boléase Monal	0	
orth	Boléase Monal		
pb	80	0082	7717945
entry	Broméine Montagu	0	
orth	Broméine Montagu		
entry	Bromiase	0	
orth	Bromiase		
pb	81	0083	7717946
entry	Bromogénol Pépin	0	
orth	Bromogénol Pépin		
entry	Bromone Robin	0	
orth	Bromone Robin		
pb	82	0084	7717947
entry	Bromure de camphre Clin	0	
orth	Bromure de camphre Clin		
entry	Bromures Souffron	0	
orth	Bromures Souffron		
pb	83	0085	7717948
entry	Bulgarine Thépénier	0	
orth	Bulgarine Thépénier		
pb	84	0086	7717949
entry	Cachets « Roche » de Thiocol	0	
orth	Cachets « Roche » de Thiocol		
entry	Calcéose	0	
orth	Calcéose		
pb	85	0087	7717950
entry	Calciline	0	
orth	Calciline		
entry	Capsules Dartois	0	
orth	Capsules Dartois		
pb	86	0088	7717951
entry	Cascara Midy	0	
orth	Cascara Midy		
entry	Cascarine Leprince	0	
orth	Cascarine Leprince		
pb	87	0089	7717952
entry	Cérébrase	0	
orth	Cérébrase		
entry	Cérébrine Byla	0	
orth	Cérébrine Byla		
pb	88	0090	7717953
entry	Cérébrine Fournier	0	
orth	Cérébrine Fournier		
entry	Chlorobyl	0	
orth	Chlorobyl		
pb	89	0091	7717954
entry	Chloramine	0	
orth	Chloramine		
entry	Choléine Camus	0	
orth	Choléine Camus		
pb	90	0092	7717955
entry	Chloroforme Lambiotte Frères	0	
orth	Chloroforme Lambiotte Frères		
pb	91	0093	7717956
entry	Cholélyse	0	
orth	Cholélyse		
entry	Choléokinase	0	
orth	Choléokinase		
pb	92	0094	7717957
entry	Choléo-Lactol. Formule du Docteur L.-G. Mary	0	
orth	Choléo-Lactol. Formule du Docteur L.-G. Mary		
entry	Cholergine	0	
orth	Cholergine		
pb	93	0095	7717958
entry	Cigarettes Espic	0	
orth	Cigarettes Espic		
pb	94	0096	7717959
entry	Coagulène Ciba	0	
orth	Coagulène Ciba		
pb	95	0097	7717960
entry	Cocaïne Midy	0	
orth	Cocaïne Midy		
entry	Coccidal Grémy	0	
orth	Coccidal Grémy		
pb	96	0098	7717961
entry	Codoforme Bottu	0	
orth	Codoforme Bottu		
entry	Colchi-Sal Midy	0	
orth	Colchi-Sal Midy		
pb	97	0099	7717962
entry	Colloïdes	0	
orth	Colloïdes		
pb	98	0100	7717963
entry	Collosol simple	0	
orth	Collosol simple		
entry	Les Collosols médicamenteux	0	
orth	Les Collosols médicamenteux		
pb	99	0101	7717964
entry	Collothiol	0	
orth	Collothiol		
pb	100	0102	7717965
entry	Colluborine Dupuy	0	
orth	Colluborine Dupuy		
pb	101	0103	7717966
entry	Composé Gmet	0	
orth	Composé Gmet		
entry	Comprimés « Roche » de Thiocol	0	
orth	Comprimés « Roche » de Thiocol		
pb	102	0104	7717967
entry	Condurango Gmet	0	
orth	Condurango Gmet		
entry	Coréine	0	
orth	Coréine		
pb	103	0105	7717968
entry	Créosoforme Lambiotte Frères	0	
orth	Créosoforme Lambiotte Frères		
pb	104	0106	7717969
entry	Curatoxine	0	
orth	Curatoxine		
pb	105	0107	7717970
entry	Cuscutine Foulon	0	
orth	Cuscutine Foulon		
pb	106	0108	7717971
entry	Dermofagine	0	
orth	Dermofagine		
entry	Dermo-Plastol Dumesnil	0	
orth	Dermo-Plastol Dumesnil		
pb	107	0109	7717972
entry	Diabéphobe	0	
orth	Diabéphobe		
entry	Diabétifuge	0	
orth	Diabétifuge		
pb	108	0110	7717973
entry	Dial Ciba	0	
orth	Dial Ciba		
pb	109	0111	7717974
entry	Dialyl	0	
orth	Dialyl		
entry	Diasténine Grémy	0	
orth	Diasténine Grémy		
pb	110	0112	7717975
entry	Digalène « Roche »	0	
orth	Digalène « Roche »		
pb	111	0113	7717976
entry	Digifoline Ciba	0	
orth	Digifoline Ciba		
pb	112	0114	7717977
entry	Digitaline cristallisée Nativelle	0	
orth	Digitaline cristallisée Nativelle		
entry	Digitaline cristallisée de Petit-Mialhe	0	
orth	Digitaline cristallisée de Petit-Mialhe		
pb	113	0115	7717978
entry	Dioséine Prunier	0	
orth	Dioséine Prunier		
entry	Disido-Luargol	0	
orth	Disido-Luargol		
pb	114	0116	7717979
entry	Diurène	0	
orth	Diurène		
entry	Dmegon	0	
orth	Dmegon		
pb	115	0117	7717980
entry	Dmesta	0	
orth	Dmesta		
entry	Dmetys	0	
orth	Dmetys		
pb	116	0118	7717981
entry	Dragées Hecquet	0	
orth	Dragées Hecquet		
entry	Dragées d'Hémaménine	0	
orth	Dragées d'Hémaménine		
pb	117	0119	7717982
entry	Eau de Saint-Colomban	0	
orth	Eau de Saint-Colomban		
entry	Élatine Bouin	0	
orth	Élatine Bouin		
pb	118	0120	7717983
entry	Elbon Ciba	0	
orth	Elbon Ciba		
pb	119	0121	7717984
entry	Electrargol	0	
orth	Electrargol		
pb	120	0122	7717985
entry	Electr-Hg	0	
orth	Electr-Hg		
entry	Electrocuprol	0	
orth	Electrocuprol		
pb	121	0123	7717986
entry	Electromartiol	0	
orth	Electromartiol		
entry	Electrosélénium	0	
orth	Electrosélénium		
pb	122	0124	7717987
entry	Elixir Déret	0	
orth	Elixir Déret		
entry	Elixir Duchamp	0	
orth	Elixir Duchamp		
pb	123	0125	7717988
entry	Elixir iododépuratif Pépin	0	
orth	Elixir iododépuratif Pépin		
entry	Elixir du Docteur Mialhe	0	
orth	Elixir du Docteur Mialhe		
pb	124	0126	7717989
entry	Elixir de papaïne Byla	0	
orth	Elixir de papaïne Byla		
entry	Elixir de pepsine Byla	0	
orth	Elixir de pepsine Byla		
pb	125	0127	7717990
entry	Embryonine Barré	0	
orth	Embryonine Barré		
entry	Emulsion Marchais	0	
orth	Emulsion Marchais		
pb	126	0128	7717991
entry	Endocrisines Fournier	0	
orth	Endocrisines Fournier		
pb	127	0129	7717992
entry	Enésol	0	
orth	Enésol		
entry	Entérozone	0	
orth	Entérozone		
pb	128	0130	7717993
entry	Eranol	0	
orth	Eranol		
pb	129	0131	7717994
entry	Ergotine Bonjean	0	
orth	Ergotine Bonjean		
pb	130	0132	7717995
entry	Eukénol	0	
orth	Eukénol		
entry	Eumictine	0	
orth	Eumictine		
pb	131	0133	7717996
entry	Farine lactée Salvy	0	
orth	Farine lactée Salvy		
entry	Fer Bravais	0	
orth	Fer Bravais		
pb	132	0134	7717997
entry	Fer Rabuteau	0	
orth	Fer Rabuteau		
entry	Feroxal Buisson	0	
orth	Feroxal Buisson		
pb	133	0135	7717998
entry	Ferrophytine Ciba	0	
orth	Ferrophytine Ciba		
pb	134	0136	7717999
entry	Fluocodyle	0	
orth	Fluocodyle		
pb	135	0137	7718000
entry	Forminol	0	
orth	Forminol		
entry	Frangulose Flach	0	
orth	Frangulose Flach		
pb	136	0138	7718001
entry	Frêne Gmet	0	
orth	Frêne Gmet		
entry	Gaïacalcine Latour	0	
orth	Gaïacalcine Latour		
pb	137	0139	7718002
entry	Gayacolchine	0	
orth	Gayacolchine		
entry	Gélobarine	0	
orth	Gélobarine		
pb	138	0140	7718003
entry	Germose	0	
orth	Germose		
pb	139	0141	7718004
entry	Globules Romon	0	
orth	Globules Romon		
entry	Glycérophosphate Robin	0	
orth	Glycérophosphate Robin		
pb	140	0142	7718005
entry	Glycogène Clin	0	
orth	Glycogène Clin		
entry	Glyco-Lactimase	0	
orth	Glyco-Lactimase		
pb	141	0143	7718006
entry	Glykolaine Robin	0	
orth	Glykolaine Robin		
entry	Gonacrine	0	
orth	Gonacrine		
pb	142	0144	7718007
entry	Gouttes de Lolotsé Isberg	0	
orth	Gouttes de Lolotsé Isberg		
pb	143	0145	7718008
entry	Gouttes Nican	0	
orth	Gouttes Nican		
pb	144	0146	7718009
entry	Grains de Vals	0	
orth	Grains de Vals		
entry	Gui Gmet	0	
orth	Gui Gmet		
pb	145	0147	7718010
entry	Guipsine	0	
orth	Guipsine		
pb	146	0148	7718011
entry	Hamamélis Gmet	0	
orth	Hamamélis Gmet		
entry	Hémagénine du Docteur Giraud	0	
orth	Hémagénine du Docteur Giraud		
pb	147	0149	7718012
entry	Hémostyl du Docteur Roussel	1	
orth	Hémostyl du Docteur Roussel		
pb	148	0150	7718013
pb	149	0151	7718014
entry	Hémotonine	0	
orth	Hémotonine		
entry	Hépasuine Ely	0	
orth	Hépasuine Ely		
pb	150	0152	7718015
entry	Hépato-Byl	0	
orth	Hépato-Byl		
entry	Hétérolysine Oliviéro	0	
orth	Hétérolysine Oliviéro		
pb	151	0153	7718016
entry	Huile grise stérilisée et indolore de Vigier. Huile au Calomel stérilisée et indolore de Vigier	0	
orth	Huile grise stérilisée et indolore de Vigier. Huile au Calomel stérilisée et indolore de Vigier		
entry	Savon dentifrice Vigier	0	
orth	Savon dentifrice Vigier		
entry	Huile au sublimé Vigier	0	
orth	Huile au sublimé Vigier		
entry	Huile au bi-iodure de mercure Vigier	0	
orth	Huile au bi-iodure de mercure Vigier		
pb	152	0154	7718017
entry	Hydrargol	0	
orth	Hydrargol		
entry	Hypneural Cos	0	
orth	Hypneural Cos		
pb	153	0155	7718018
entry	Hypodermozone	0	
orth	Hypodermozone		
entry	Hypophosphites Churchill	0	
orth	Hypophosphites Churchill		
pb	154	0156	7718019
entry	Immunizols Grémy	0	
orth	Immunizols Grémy		
pb	155	0157	7718020
entry	Injection Clin	0	
orth	Injection Clin		
entry	Iodéine Montagu	0	
orth	Iodéine Montagu		
pb	156	0158	7718021
entry	Iodéyl Fournier	0	
orth	Iodéyl Fournier		
entry	Iodogénol Pépin	0	
orth	Iodogénol Pépin		
pb	157	0159	7718022
entry	Iodométine	0	
orth	Iodométine		
entry	Iodone Robin	0	
orth	Iodone Robin		
pb	158	0160	7718023
entry	Iodor Tardieu	0	
orth	Iodor Tardieu		
pb	159	0161	7718024
entry	Iodostarine « Roche »	0	
orth	Iodostarine « Roche »		
pb	160	0162	7718025
entry	Iodurase	0	
orth	Iodurase		
entry	Iodures Souffron	0	
orth	Iodures Souffron		
pb	161	0163	7718026
entry	Ionoïdes	0	
orth	Ionoïdes		
pb	162	0164	7718027
entry	Jécol	0	
orth	Jécol		
pb	163	0165	7718028
entry	Jugland Gmet	0	
orth	Jugland Gmet		
pb	164	0166	7718029
entry	Képhaldol	0	
orth	Képhaldol		
entry	Kipsol	0	
orth	Kipsol		
pb	165	0167	7718030
entry	Kola granulé Astier	0	
orth	Kola granulé Astier		
entry	Kymosine Rogier (Anciennement Peguine)	0	
orth	Kymosine Rogier (Anciennement Peguine)		
pb	166	0168	7718031
entry	Lab-Lacto-Ferment	0	
orth	Lab-Lacto-Ferment		
entry	Lactimase	0	
orth	Lactimase		
pb	167	0169	7718032
entry	Lactobacilline	0	
orth	Lactobacilline		
entry	Lactolaxine Fydau	0	
orth	Lactolaxine Fydau		
pb	168	0170	7718033
entry	Lactozymase B	0	
orth	Lactozymase B		
entry	Lantol	0	
orth	Lantol		
pb	169	0171	7718034
entry	Laxagarine	0	
orth	Laxagarine		
entry	Laxatif orgeat	0	
orth	Laxatif orgeat		
pb	170	0172	7718035
entry	Laxopeptine Girard	0	
orth	Laxopeptine Girard		
entry	Laxyl	0	
orth	Laxyl		
pb	171	0173	7718036
entry	Lécithine Clin	0	
orth	Lécithine Clin		
entry	Lécithosine Robin	0	
orth	Lécithosine Robin		
pb	172	0174	7718037
entry	Levurine Extractive	0	
orth	Levurine Extractive		
entry	Lipochol Byla	0	
orth	Lipochol Byla		
pb	173	0175	7718038
entry	Lipoiodine Ciba	0	
orth	Lipoiodine Ciba		
pb	174	0176	7718039
entry	Liqueur Laville	0	
orth	Liqueur Laville		
entry	Lusoforme	0	
orth	Lusoforme		
pb	175	0177	7718040
entry	Lutéovar	0	
orth	Lutéovar		
entry	Lycétol Vicario	0	
orth	Lycétol Vicario		
pb	176	0178	7718041
entry	Marinol	0	
orth	Marinol		
entry	Médication arrhénique composée	0	
orth	Médication arrhénique composée		
pb	177	0179	7718042
entry	Médication arrhénique simple	0	
orth	Médication arrhénique simple		
entry	Mokavène	0	
orth	Mokavène		
pb	178	0180	7718043
entry	Morrhuétine Jungken	0	
orth	Morrhuétine Jungken		
entry	Mycolysine du Docteur Doyen	0	
orth	Mycolysine du Docteur Doyen		
pb	179	0181	7718044
entry	Narcyl Grémy	0	
orth	Narcyl Grémy		
entry	Narsénol	0	
orth	Narsénol		
pb	180	0182	7718045
entry	Néol. Néolides	0	
orth	Néol. Néolides		
pb	181	0183	7718046
entry	Néo-Rhomnol	0	
orth	Néo-Rhomnol		
entry	Néoquinine Falières	0	
orth	Néoquinine Falières		
pb	182	0184	7718047
entry	Neurène	0	
orth	Neurène		
entry	Neurinase	0	
orth	Neurinase		
pb	183	0185	7718048
entry	Neurosine Prunier (Phospho glycérate de chaux, procédé G. Prunier)	0	
orth	Neurosine Prunier (Phospho glycérate de chaux, procédé G. Prunier)		
entry	Névrosthénine Freyssinge	0	
orth	Névrosthénine Freyssinge		
pb	184	0186	7718049
entry	Novarsénobenzol	0	
orth	Novarsénobenzol		
entry	Nucléarsitol Robin	0	
orth	Nucléarsitol Robin		
pb	185	0187	7718050
entry	Nucléatol Robin	0	
orth	Nucléatol Robin		
entry	Nucléo-Fer-Girard	0	
orth	Nucléo-Fer-Girard		
pb	186	0188	7718051
entry	Nyctal	0	
orth	Nyctal		
entry	Nyrdahl	0	
orth	Nyrdahl		
pb	187	0189	7718052
entry	Ocréine Grémy	0	
orth	Ocréine Grémy		
pb	188	0190	7718053
entry	Oléolaxine	0	
orth	Oléolaxine		
entry	Opothérapie Bouty	1	
orth	Opothérapie Bouty		
pb	189	0191	7718054
entry	Opothérapie Fournier	0	
orth	Opothérapie Fournier		
pb	190	0192	7718055
entry	Opothérapie Vigier et Huerre	0	
orth	Opothérapie Vigier et Huerre		
entry	Ostéohépatine	0	
orth	Ostéohépatine		
pb	191	0193	7718056
entry	Ostréine Buisson	0	
orth	Ostréine Buisson		
entry	Ouabaïne du Professeur Arnaud, cristallisée	0	
orth	Ouabaïne du Professeur Arnaud, cristallisée		
pb	192	0194	7718057
entry	Ouataplasme du Docteur Langlebert	0	
orth	Ouataplasme du Docteur Langlebert		
entry	Ovo-Lécithine Billon	0	
orth	Ovo-Lécithine Billon		
pb	193	0195	7718058
entry	Ovules Derma	0	
orth	Ovules Derma		
entry	Ovules « Roche »	0	
orth	Ovules « Roche »		
pb	194	0196	7718059
entry	Oxydothyrine Pâris	0	
orth	Oxydothyrine Pâris		
entry	Oxydovarine Pâris	0	
orth	Oxydovarine Pâris		
pb	195	0197	7718060
entry	Panbiline	0	
orth	Panbiline		
pb	196	0198	7718061
entry	Panglandine	0	
orth	Panglandine		
pb	197	0199	7718062
entry	Pantopon « Roche »	0	
orth	Pantopon « Roche »		
pb	198	0200	7718063
entry	Pastilles de Mackensie	0	
orth	Pastilles de Mackensie		
entry	Pastilles Méry	0	
orth	Pastilles Méry		
pb	199	0201	7718064
entry	Pastilles Fayès	0	
orth	Pastilles Fayès		
pb	200	0202	7718065
entry	Pastilles Géraudel	0	
orth	Pastilles Géraudel		
pb	201	0203	7718066
entry	Pepto-Fer du Docteur Jaillet	0	
orth	Pepto-Fer du Docteur Jaillet		
entry	Pepto Kola Robin	0	
orth	Pepto Kola Robin		
pb	202	0204	7718067
entry	Peptonate de Fer Robin	0	
orth	Peptonate de Fer Robin		
entry	Peptone Byla	0	
orth	Peptone Byla		
pb	203	0205	7718068
entry	Péristaltine Ciba	0	
orth	Péristaltine Ciba		
pb	204	0206	7718069
entry	Perles Taphosote Lambiotte Frères	0	
orth	Perles Taphosote Lambiotte Frères		
pb	205	0207	7718070
entry	Pharyngine Tardieu	0	
orth	Pharyngine Tardieu		
entry	Phosféryl Fournier	0	
orth	Phosféryl Fournier		
pb	206	0208	7718071
entry	Phosote Lambiotte Frères	0	
orth	Phosote Lambiotte Frères		
pb	207	0209	7718072
entry	Phosphatine Falières	0	
orth	Phosphatine Falières		
entry	Phosphotal Clin	0	
orth	Phosphotal Clin		
pb	208	0210	7718073
entry	Phytinate de Quinine Ciba	0	
orth	Phytinate de Quinine Ciba		
pb	209	0211	7718074
entry	Phytine Ciba	0	
orth	Phytine Ciba		
pb	210	0212	7718075
entry	Physéine Grémy	0	
orth	Physéine Grémy		
entry	Pilules antinévralgiques du Docteur Cronier	0	
orth	Pilules antinévralgiques du Docteur Cronier		
pb	211	0213	7718076
entry	Pilules de Blancard	0	
orth	Pilules de Blancard		
entry	Pilules Gip	0	
orth	Pilules Gip		
pb	212	0214	7718077
entry	Pilules d'Hermal Bretonneau	0	
orth	Pilules d'Hermal Bretonneau		
entry	Pilules de Moussette	0	
orth	Pilules de Moussette		
pb	213	0215	7718078
entry	Pipérazine Midy	0	
orth	Pipérazine Midy		
entry	Pommade Midy	0	
orth	Pommade Midy		
pb	214	0216	7718079
entry	Poudre de Saint-Aubin antilithique	0	
orth	Poudre de Saint-Aubin antilithique		
entry	Préparations opothérapiques « Moncour »	0	
orth	Préparations opothérapiques « Moncour »		
pb	215	0217	7718080
entry	Produits diététiques Favrichon	0	
orth	Produits diététiques Favrichon		
pb	216	0218	7718081
entry	Produits Midy au Collargol	0	
orth	Produits Midy au Collargol		
entry	Psinase Grémy	0	
orth	Psinase Grémy		
pb	217	0219	7718082
entry	Purganol Daguin	0	
orth	Purganol Daguin		
pb	218	0220	7718083
entry	Quiétol	0	
orth	Quiétol		
entry	Quina Laroche	0	
orth	Quina Laroche		
pb	219	0221	7718084
entry	Quinéine	0	
orth	Quinéine		
entry	Quinquina Gmet	0	
orth	Quinquina Gmet		
pb	220	0222	7718085
entry	Rectoline	0	
orth	Rectoline		
entry	Régénérateur pulmonaire du Docteur O. Bouyer	0	
orth	Régénérateur pulmonaire du Docteur O. Bouyer		
pb	221	0223	7718086
entry	Rhomnol	0	
orth	Rhomnol		
entry	Riodine	0	
orth	Riodine		
pb	222	0224	7718087
entry	Royérine Dupuy	0	
orth	Royérine Dupuy		
pb	223	0225	7718088
entry	Salbine du Docteur Fayès	0	
orth	Salbine du Docteur Fayès		
pb	224	0226	7718089
entry	Salène Ciba. Salénal Ciba	0	
orth	Salène Ciba. Salénal Ciba		
pb	225	0227	7718090
entry	Santal Monal	0	
orth	Santal Monal		
entry	Santhéose	0	
orth	Santhéose		
pb	226	0228	7718091
entry	Saturol	0	
orth	Saturol		
entry	Sauge Gmet	0	
orth	Sauge Gmet		
pb	227	0229	7718092
entry	Savon antiseptique Lieutaud	0	
orth	Savon antiseptique Lieutaud		
entry	Savons antiseptiques	0	
orth	Savons antiseptiques		
pb	228	0230	7718093
entry	Scorogènes	0	
orth	Scorogènes		
pb	229	0231	7718094
entry	Sédobrol « Roche »	0	
orth	Sédobrol « Roche »		
pb	230	0232	7718095
entry	Sédol	0	
orth	Sédol		
entry	Sel de Hunt	0	
orth	Sel de Hunt		
pb	231	0233	7718096
entry	Séléniol	0	
orth	Séléniol		
entry	Sénophile	0	
orth	Sénophile		
pb	232	0234	7718097
entry	Sérum de cheval Oliviero	0	
orth	Sérum de cheval Oliviero		
entry	Sirop d'Aubergier	0	
orth	Sirop d'Aubergier		
pb	233	0235	7718098
entry	Sirop de Blancard	0	
orth	Sirop de Blancard		
pb	234	0236	7718099
entry	Sirop Crosnier. Granules Crosnier	0	
orth	Sirop Crosnier. Granules Crosnier		
pb	235	0237	7718100
entry	Sirop Custos	0	
orth	Sirop Custos		
entry	Sirop de digitale de Labélonye	0	
orth	Sirop de digitale de Labélonye		
pb	236	0238	7718101
entry	Sirop Girard	0	
orth	Sirop Girard		
entry	Sirop « Roche » au Thiocol	0	
orth	Sirop « Roche » au Thiocol		
pb	237	0239	7718102
entry	Solurol	0	
orth	Solurol		
entry	Solutions du Docteur Clin	0	
orth	Solutions du Docteur Clin		
pb	238	0240	7718103
entry	Solutions Henry Mure	0	
orth	Solutions Henry Mure		
entry	Spasmine Jolly	0	
orth	Spasmine Jolly		
pb	239	0241	7718104
entry	Sphérulines Cholagogues « Moncour » (Extrait de Bile)	0	
orth	Sphérulines Cholagogues « Moncour » (Extrait de Bile)		
entry	Sphérulines entériques « Moncour » à l'extrait intestinal	0	
orth	Sphérulines entériques « Moncour » à l'extrait intestinal		
pb	240	0242	7718105
entry	Sphérulines « Moncour » à l'extrait entéro-pancréatique	0	
orth	Sphérulines « Moncour » à l'extrait entéro-pancréatique		
entry	Sphérulines « Moncour » à l'extrait gastrique	0	
orth	Sphérulines « Moncour » à l'extrait gastrique		
pb	241	0243	7718106
entry	Sphérulines hépatiques « Moncour »	0	
orth	Sphérulines hépatiques « Moncour »		
entry	Sphérulines « Moncour » à l'extrait pancréatique	0	
orth	Sphérulines « Moncour » à l'extrait pancréatique		
pb	242	0244	7718107
entry	Sphérulines ovariennes « Moncour »	0	
orth	Sphérulines ovariennes « Moncour »		
entry	Sphérulines « Moncour » à l'extrait rénal	0	
orth	Sphérulines « Moncour » à l'extrait rénal		
pb	243	0245	7718108
entry	Sphérulines thyroïdiennes « Moncour »	0	
orth	Sphérulines thyroïdiennes « Moncour »		
entry	Stanion	0	
orth	Stanion		
pb	244	0246	7718109
entry	Staphylase du Docteur Doyen	0	
orth	Staphylase du Docteur Doyen		
entry	Staphylo-Coccine Fraquet	0	
orth	Staphylo-Coccine Fraquet		
pb	245	0247	7718110
entry	Stovaïne	0	
orth	Stovaïne		
entry	Strychnarsitol Robin	0	
orth	Strychnarsitol Robin		
pb	246	0248	7718111
entry	Sulfarène	0	
orth	Sulfarène		
entry	Sulfoïodol Robin	0	
orth	Sulfoïodol Robin		
pb	247	0249	7718112
entry	Sulfoléine du Docteur Rozet	0	
orth	Sulfoléine du Docteur Rozet		
entry	Sulfo-Mel du Docteur Fayès	0	
orth	Sulfo-Mel du Docteur Fayès		
pb	248	0250	7718113
entry	Sulfo-Rhinol du Docteur Fayès	0	
orth	Sulfo-Rhinol du Docteur Fayès		
entry	Sulfurion	0	
orth	Sulfurion		
pb	249	0251	7718114
entry	Sulfuryl Monal	0	
orth	Sulfuryl Monal		
entry	Suppositoires Midy	0	
orth	Suppositoires Midy		
pb	250	0252	7718115
entry	Suppositoires Pépet	0	
orth	Suppositoires Pépet		
pb	251	0253	7718116
entry	Tablettes Oxymenthol Perraudin	0	
orth	Tablettes Oxymenthol Perraudin		
pb	252	0254	7718117
entry	Taburol Monal	0	
orth	Taburol Monal		
entry	Taenifuge Kirn	0	
orth	Taenifuge Kirn		
pb	253	0255	7718118
entry	Tampol « Roche »	0	
orth	Tampol « Roche »		
entry	Taxol	0	
orth	Taxol		
pb	254	0256	7718119
entry	Terkal Monal	0	
orth	Terkal Monal		
entry	Thaolaxine	0	
orth	Thaolaxine		
pb	255	0257	7718120
entry	Théobromose Dumesnil	0	
orth	Théobromose Dumesnil		
entry	Thigénol « Roche »	0	
orth	Thigénol « Roche »		
pb	256	0258	7718121
entry	Thiocol « Roche »	0	
orth	Thiocol « Roche »		
pb	257	0259	7718122
entry	Thionhydrol Grémy	0	
orth	Thionhydrol Grémy		
entry	Thyrénine Grémy	0	
orth	Thyrénine Grémy		
pb	258	0260	7718123
entry	Tisane Saint-Luc	0	
orth	Tisane Saint-Luc		
entry	Tochlorine	0	
orth	Tochlorine		
pb	259	0261	7718124
entry	Tonikéine Chevretin	0	
orth	Tonikéine Chevretin		
pb	260	0262	7718125
entry	Tricalcine	0	
orth	Tricalcine		
pb	261	0263	7718126
entry	Triféryl	0	
orth	Triféryl		
entry	Trixyl Fraudin	0	
orth	Trixyl Fraudin		
pb	262	0264	7718127
entry	Tuberculine « Beraneck »	0	
orth	Tuberculine « Beraneck »		
entry	Tuberculine C. L.	0	
orth	Tuberculine C. L.		
pb	263	0265	7718128
entry	Ulcérine Berger	0	
orth	Ulcérine Berger		
entry	Uraseptine Rogier	0	
orth	Uraseptine Rogier		
pb	264	0266	7718129
entry	Uroformine Gobey	0	
orth	Uroformine Gobey		
entry	Urométine Lambiotte Frères	0	
orth	Urométine Lambiotte Frères		
pb	265	0267	7718130
entry	Vaccins atoxiques stabilisés	0	
orth	Vaccins atoxiques stabilisés		
pb	266	0268	7718131
entry	Vaccins microbiens curatifs	0	
orth	Vaccins microbiens curatifs		
pb	267	0269	7718132
entry	Valbornine Rogier	0	
orth	Valbornine Rogier		
entry	Valéramyl Foulon	0	
orth	Valéramyl Foulon		
pb	268	0270	7718133
entry	Valérianate Pierlot	0	
orth	Valérianate Pierlot		
entry	Valériane Gmet	0	
orth	Valériane Gmet		
pb	269	0271	7718134
entry	Valérobromine Legrand	0	
orth	Valérobromine Legrand		
entry	Varilaxine	0	
orth	Varilaxine		
pb	270	0272	7718135
entry	Vasolaxine	0	
orth	Vasolaxine		
entry	Veinosine	0	
orth	Veinosine		
pb	271	0273	7718136
entry	Véronidia Buisson	0	
orth	Véronidia Buisson		
entry	Vin antilithique de Saint-Aubin	0	
orth	Vin antilithique de Saint-Aubin		
pb	272	0274	7718137
entry	Vin de Bugeaud	0	
orth	Vin de Bugeaud		
entry	Vin Girard	0	
orth	Vin Girard		
pb	273	0275	7718138
entry	Vin et sirop Nourry	0	
orth	Vin et sirop Nourry		
entry	Zohol	0	
orth	Zohol		
pb	274	0276	7718139
entry	Zomyo-Beef	0	
orth	Zomyo-Beef		
pb	pb	0277	7718140
pb	pb	0278	7718141
pb	sn	0279	7718142
entry	3e Partie. Table par indications thérapeutiques des spécialités figurant dans cet ouvrage	0	
orth	3e Partie. Table par indications thérapeutiques des spécialités figurant dans cet ouvrage		
pb	pb	0280	7718143
pb	279	0281	7718144
entry	Alimentation - Régimes	0	
orth	Alimentation - Régimes		
pb	280	0282	7718145
entry	Analgésiques externes anesthésiques	0	
orth	Analgésiques externes anesthésiques		
pb	281	0283	7718146
entry	Analgésiques internes calmants antinévralgiques	0	
orth	Analgésiques internes calmants antinévralgiques		
pb	282	0284	7718147
pb	283	0285	7718148
entry	Anémie (Scrofule-lymphatisme rachitisme)	0	
orth	Anémie (Scrofule-lymphatisme rachitisme)		
pb	284	0286	7718149
pb	285	0287	7718150
entry	Antipyrétiques	0	
orth	Antipyrétiques		
pb	286	0288	7718151
entry	Antiseptiques externes (désinfectants)	0	
orth	Antiseptiques externes (désinfectants)		
pb	287	0289	7718152
entry	Antiseptiques internes antitoxiques (maladies infectieuses)	0	
orth	Antiseptiques internes antitoxiques (maladies infectieuses)		
pb	288	0290	7718153
entry	Artério-sclérose	0	
orth	Artério-sclérose		
pb	289	0291	7718154
entry	Arthritisme-goutte rhumatisme, diabète, obésité, albuminurie, etc...	0	
orth	Arthritisme-goutte rhumatisme, diabète, obésité, albuminurie, etc...		
pb	290	0292	7718155
pb	291	0293	7718156
entry	Bronches et Poumons	0	
orth	Bronches et Poumons		
pb	292	0294	7718157
pb	293	0295	7718158
entry	Coeur	0	
orth	Coeur		
pb	294	0296	7718159
entry	Estomac	0	
orth	Estomac		
pb	295	0297	7718160
entry	Foie, pancréas, rate	0	
orth	Foie, pancréas, rate		
pb	296	0298	7718161
entry	Gynécologie et obstétrique	0	
orth	Gynécologie et obstétrique		
pb	297	0299	7718162
entry	Hémostatiques	0	
orth	Hémostatiques		
pb	298	0300	7718163
entry	Hypnotiques	0	
orth	Hypnotiques		
pb	299	0301	7718164
entry	Intestins	0	
orth	Intestins		
pb	300	0302	7718165
pb	301	0303	7718166
entry	Nerfs (hystérie, épilepsie, etc...)	0	
orth	Nerfs (hystérie, épilepsie, etc...)		
pb	302	0304	7718167
pb	303	0305	7718168
entry	Ophtalmologie oto-rhino, laryngologie stomatologie	0	
orth	Ophtalmologie oto-rhino, laryngologie stomatologie		
pb	304	0306	7718169
entry	Opothérapie et vaccinothérapie	0	
orth	Opothérapie et vaccinothérapie		
pb	305	0307	7718170
entry	Peau, cuir chevelu, eczéma, furonculose, etc...	0	
orth	Peau, cuir chevelu, eczéma, furonculose, etc...		
pb	306	0308	7718171
pb	307	0309	7718172
entry	Reconstituants stimulants, toniques	0	
orth	Reconstituants stimulants, toniques		
pb	308	0310	7718173
pb	309	0311	7718174
pb	310	0312	7718175
entry	Syphilis	0	
orth	Syphilis		
pb	311	0313	7718176
entry	Système veineux	0	
orth	Système veineux		
pb	312	0314	7718177
entry	Tuberculose	0	
orth	Tuberculose		
pb	313	0315	7718178
pb	314	0316	7718179
entry	Voies génito-urinaires (reins, vessie, urèthre, testicules, etc...)	0	
orth	Voies génito-urinaires (reins, vessie, urèthre, testicules, etc...)		
pb	sn	0317	7718180
pb	sn	0318	7718181
entry	[Plat]	0	
