pb	[s. pag.]	0001	5581142
entry	[Page de faux-titre]	0	
pb	[s. pag.]	0002	5581143
entry	[Page de titre]	0	
pb	1	0003	5581144
entry	Flora Gallica. Classe Quinzième. Des Tetradynamiques	0	
orth	Flora Gallica. Classe Quinzième. Des Tetradynamiques		
pb	2	0004	5581145
entry	Classe Quinzième. Des Tetradynamiques	9	
orth	Classe Quinzième. Des Tetradynamiques		
pb	3	0005	5581146
pb	4	0006	5581147
pb	5	0007	5581148
pb	6	0008	5581149
pb	7	0009	5581150
pb	8	0010	5581151
pb	9	0011	5581152
pb	10	0012	5581153
pb	11	0013	5581154
entry	Classe XVI. Des Monadelphiques	3	
orth	Classe XVI. Des Monadelphiques		
pb	12	0014	5581155
pb	13	0015	5581156
pb	14	0016	5581157
entry	Classe XVII. Des Diadelphiques	16	
orth	Classe XVII. Des Diadelphiques		
pb	15	0017	5581158
pb	16	0018	5581159
pb	17	0019	5581160
pb	18	0020	5581161
pb	19	0021	5581162
pb	20	0022	5581163
pb	21	0023	5581164
pb	22	0024	5581165
pb	23	0025	5581166
pb	24	0026	5581167
pb	25	0027	5581168
pb	26	0028	5581169
pb	27	0029	5581170
pb	28	0030	5581171
pb	29	0031	5581172
pb	30	0032	5581173
pb	31	0033	5581174
entry	Classe XVIII. Des Polyadelphiques	1	
orth	Classe XVIII. Des Polyadelphiques		
pb	32	0034	5581175
entry	Classe XIX. Des Syngenesiques	27	
orth	Classe XIX. Des Syngenesiques		
pb	33	0035	5581176
pb	34	0036	5581177
pb	35	0037	5581178
pb	36	0038	5581179
pb	37	0039	5581180
pb	38	0040	5581181
pb	39	0041	5581182
pb	40	0042	5581183
pb	41	0043	5581184
pb	42	0044	5581185
pb	43	0045	5581186
pb	44	0046	5581187
pb	45	0047	5581188
pb	46	0048	5581189
pb	47	0049	5581190
pb	48	0050	5581191
pb	49	0051	5581192
pb	50	0052	5581193
pb	51	0053	5581194
pb	52	0054	5581195
pb	53	0055	5581196
pb	54	0056	5581197
pb	55	0057	5581198
pb	56	0058	5581199
pb	57	0059	5581200
pb	58	0060	5581201
pb	59	0061	5581202
entry	Classe XX. Des Gynandriques	4	
orth	Classe XX. Des Gynandriques		
pb	60	0062	5581203
pb	61	0063	5581204
pb	62	0064	5581205
pb	63	0065	5581206
pb	64	0066	5581207
entry	Classe XXI. Des Monoeciques	7	
orth	Classe XXI. Des Monoeciques		
pb	65	0067	5581208
pb	66	0068	5581209
pb	67	0069	5581210
pb	68	0070	5581211
pb	69	0071	5581212
pb	70	0072	5581213
pb	71	0073	5581214
pb	72	0074	5581215
entry	Classe XXII. Des Dioeciques	3	
orth	Classe XXII. Des Dioeciques		
pb	73	0075	5581216
pb	74	0076	5581217
pb	75	0077	5581218
pb	76	0078	5581219
entry	Classe XXIII. Des Polygamiques	2	
orth	Classe XXIII. Des Polygamiques		
pb	77	0079	5581220
pb	78	0080	5581221
pb	79	0081	5581222
entry	Classe XXIV. Des Chryptogamiques	39	
orth	Classe XXIV. Des Chryptogamiques		
pb	80	0082	5581223
pb	81	0083	5581224
pb	82	0084	5581225
pb	83	0085	5581226
pb	84	0086	5581227
pb	85	0087	5581228
pb	86	0088	5581229
pb	87	0089	5581230
pb	88	0090	5581231
pb	89	0091	5581232
pb	90	0092	5581233
pb	91	0093	5581234
pb	92	0094	5581235
pb	93	0095	5581236
pb	94	0096	5581237
pb	95	0097	5581238
pb	96	0098	5581239
pb	97	0099	5581240
pb	98	0100	5581241
pb	99	0101	5581242
pb	100	0102	5581243
pb	101	0103	5581244
pb	102	0104	5581245
pb	103	0105	5581246
pb	104	0106	5581247
pb	105	0107	5581248
pb	106	0108	5581249
pb	107	0109	5581250
pb	108	0110	5581251
pb	109	0111	5581252
pb	110	0112	5581253
pb	111	0113	5581254
pb	112	0114	5581255
pb	113	0115	5581256
pb	114	0116	5581257
pb	115	0117	5581258
pb	116	0118	5581259
pb	117	0119	5581260
pb	118	0120	5581261
entry	Appendix	0	
orth	Appendix		
pb	119	0121	5581262
entry	Table des genres qui se trouvent rapportés dans le Flora Gallica	15	
orth	Table des genres qui se trouvent rapportés dans le Flora Gallica		
pb	120	0122	5581263
pb	121	0123	5581264
pb	122	0124	5581265
pb	123	0125	5581266
pb	124	0126	5581267
pb	125	0127	5581268
pb	126	0128	5581269
pb	127	0129	5581270
pb	128	0130	5581271
pb	129	0131	5581272
pb	130	0132	5581273
pb	131	0133	5581274
pb	132	0134	5581275
pb	133	0135	5581276
pb	134	0136	5581277
pb	135	0137	5581278
entry	Table Des genres qui se trouvent rapportés dans le Flora Gallica	0	
orth	Table Des genres qui se trouvent rapportés dans le Flora Gallica		
entry	Table des noms synonymes du Flora Gallica	18	
orth	Table des noms synonymes du Flora Gallica		
pb	136	0138	5581279
pb	137	0139	5581280
pb	138	0140	5581281
pb	139	0141	5581282
pb	140	0142	5581283
pb	141	0143	5581284
pb	142	0144	5581285
pb	143	0145	5581286
pb	144	0146	5581287
pb	145	0147	5581288
pb	146	0148	5581289
pb	147	0149	5581290
pb	148	0150	5581291
pb	149	0151	5581292
pb	150	0152	5581293
pb	151	0153	5581294
pb	152	0154	5581295
pb	153	0155	5581296
entry	Table des noms français de ce Flora	17	
orth	Table des noms français de ce Flora		
pb	154	0156	5581297
pb	155	0157	5581298
pb	156	0158	5581299
pb	157	0159	5581300
pb	158	0160	5581301
pb	159	0161	5581302
pb	160	0162	5581303
pb	161	0163	5581304
pb	162	0164	5581305
pb	163	0165	5581306
pb	164	0166	5581307
pb	165	0167	5581308
pb	166	0168	5581309
pb	167	0169	5581310
pb	168	0170	5581311
pb	169	0171	5581312
pb	170	0172	5581313
pb	171	0173	5581314
entry	Liste des plantes de quelques provinces de la France, dont le Flora n'a pas été imprimé, ou du moins ne l'a pas été séparément	1	
orth	Liste des plantes de quelques provinces de la France, dont le Flora n'a pas été imprimé, ou du moins ne l'a pas été séparément		
pb	172	0174	5581315
pb	173	0175	5581316
entry	Liste des plantes de la généralité de Soissons	28	
orth	Liste des plantes de la généralité de Soissons		
pb	174	0176	5581317
pb	175	0177	5581318
pb	176	0178	5581319
pb	177	0179	5581320
pb	178	0180	5581321
pb	179	0181	5581322
pb	180	0182	5581323
pb	181	0183	5581324
pb	182	0184	5581325
pb	183	0185	5581326
pb	184	0186	5581327
pb	185	0187	5581328
pb	186	0188	5581329
pb	187	0189	5581330
pb	188	0190	5581331
pb	189	0191	5581332
pb	190	0192	5581333
pb	191	0193	5581334
pb	192	0194	5581335
pb	193	0195	5581336
pb	194	0196	5581337
pb	195	0197	5581338
pb	196	0198	5581339
pb	197	0199	5581340
pb	198	0200	5581341
pb	199	0201	5581342
pb	200	0202	5581343
pb	201	0203	5581344
pb	202	0204	5581345
entry	Liste des plantes de la Bourgogne	19	
orth	Liste des plantes de la Bourgogne		
pb	203	0205	5581346
pb	204	0206	5581347
pb	205	0207	5581348
pb	206	0208	5581349
pb	207	0209	5581350
pb	208	0210	5581351
pb	209	0211	5581352
pb	210	0212	5581353
pb	211	0213	5581354
pb	212	0214	5581355
pb	213	0215	5581356
pb	214	0216	5581357
pb	215	0217	5581358
pb	216	0218	5581359
pb	217	0219	5581360
pb	218	0220	5581361
pb	219	0221	5581362
pb	220	0222	5581363
pb	221	0223	5581364
entry	Liste des arbres et arbustes de la Bourgogne, communiquée par M. d'Aubenton	3	
orth	Liste des arbres et arbustes de la Bourgogne, communiquée par M. d'Aubenton		
pb	222	0224	5581365
pb	223	0225	5581366
pb	224	0226	5581367
entry	Extrait de l'ouvrage de M. Collet sur les plantes qui viennent aux environs de Dijon	4	
orth	Extrait de l'ouvrage de M. Collet sur les plantes qui viennent aux environs de Dijon		
pb	225	0227	5581368
pb	226	0228	5581369
pb	227	0229	5581370
pb	228	0230	5581371
pb	229	0231	5581372
entry	lantes des environs de Rheims, communiquées par M. Raussin	1	
orth	lantes des environs de Rheims, communiquées par M. Raussin		
pb	230	0232	5581373
pb	231	0233	5581374
entry	Plantes des environs de Rheims, communiquées par M. Raussin	1	
orth	Plantes des environs de Rheims, communiquées par M. Raussin		
pb	232	0234	5581375
entry	Liste de quelques plantes d'Alsace, qui n'ont pas été rapportées dans le catalogue botanique de cette province, découvertes par M.Gagnebin, Suisse	1	
orth	Liste de quelques plantes d'Alsace, qui n'ont pas été rapportées dans le catalogue botanique de cette province, découvertes par M.Gagnebin, Suisse		
pb	233	0235	5581376
entry	Liste des principales plantes qui se trouvent dans les montagnes de Pila, communiquée par M. Dulac	4	
orth	Liste des principales plantes qui se trouvent dans les montagnes de Pila, communiquée par M. Dulac		
pb	234	0236	5581377
pb	235	0237	5581378
pb	236	0238	5581379
pb	237	0239	5581380
pb	238	0240	5581381
entry	Liste des plantes d'Auvergne, par Dom François-Emmanuel Fournault	10	
orth	Liste des plantes d'Auvergne, par Dom François-Emmanuel Fournault		
pb	239	0241	5581382
pb	240	0242	5581383
pb	241	0243	5581384
pb	242	0244	5581385
pb	243	0245	5581386
pb	244	0246	5581387
pb	245	0247	5581388
pb	246	0248	5581389
pb	247	0249	5581390
pb	248	0250	5581391
pb	249	0251	5581392
entry	Plantes des environs de Souillac en Quercy, & de Beaulieu en Bas-Limousin, par Dom Emmanuel Fournault	5	
orth	Plantes des environs de Souillac en Quercy, & de Beaulieu en Bas-Limousin, par Dom Emmanuel Fournault		
pb	250	0252	5581393
pb	251	0253	5581394
pb	252	0254	5581395
pb	253	0255	5581396
pb	254	0256	5581397
entry	Plantes observées sur la route de Souillac à S. Jean d'Angély, par Dom François-Emmanuel Fournault	0	
orth	Plantes observées sur la route de Souillac à S. Jean d'Angély, par Dom François-Emmanuel Fournault		
entry	Liste de quelques plantes très communes aux environs de Nantes, par M. Bonamy, professeur en Botanique	4	
orth	Liste de quelques plantes très communes aux environs de Nantes, par M. Bonamy, professeur en Botanique		
pb	255	0257	5581398
pb	256	0258	5581399
pb	257	0259	5581400
pb	258	0260	5581401
entry	Liste des plantes qui croissent aux environs d'Angers, communiquées par M. Dupaty	0	
orth	Liste des plantes qui croissent aux environs d'Angers, communiquées par M. Dupaty		
pb	259	0261	5581402
entry	Liste des principales plantes des environs de Rouen, communiquées par Messieurs Pinard & d'Angerville	0	
orth	Liste des principales plantes des environs de Rouen, communiquées par Messieurs Pinard & d'Angerville		
pb	260	0262	5581403
entry	Liste des plantes qui croissent aux environs de Caen & sur les côtes de Normandie, communiquées par M. Desmoueux, professeur en Botanique à Caen	0	
orth	Liste des plantes qui croissent aux environs de Caen & sur les côtes de Normandie, communiquées par M. Desmoueux, professeur en Botanique à Caen		
entry	Liste des plantes de Picardie, communiquées par le sieur Jourdain	3	
orth	Liste des plantes de Picardie, communiquées par le sieur Jourdain		
pb	261	0263	5581404
pb	262	0264	5581405
pb	263	0265	5581406
entry	Plantes observées aux environs de Beauvais en Picardie, par M. Desmars, docteutr en médecine	0	
orth	Plantes observées aux environs de Beauvais en Picardie, par M. Desmars, docteutr en médecine		
entry	Liste de différentes plantes découvertes dans le Royaume, & communiquées à l'Auteur	4	
orth	Liste de différentes plantes découvertes dans le Royaume, & communiquées à l'Auteur		
pb	264	0266	5581407
pb	265	0267	5581408
pb	266	0268	5581409
pb	267	0269	5581410
entry	Liste des plantes des Alpes	7	
orth	Liste des plantes des Alpes		
pb	268	0270	5581411
pb	269	0271	5581412
pb	270	0272	5581413
pb	271	0273	5581414
pb	272	0274	5581415
pb	273	0275	5581416
pb	274	0276	5581417
pb	275	0277	5581418
entry	Liste des plantes des Pyrénées	2	
orth	Liste des plantes des Pyrénées		
pb	276	0278	5581419
pb	277	0279	5581420
entry	Liste des plantes observées dans le Roussillon & dans les montagnes du Diocèse de Narbonne, par M. le Monnier, de l'Académie Royale des Sciences	6	
orth	Liste des plantes observées dans le Roussillon & dans les montagnes du Diocèse de Narbonne, par M. le Monnier, de l'Académie Royale des Sciences		
pb	278	0280	5581421
pb	279	0281	5581422
pb	280	0282	5581423
pb	281	0283	5581424
pb	282	0284	5581425
pb	283	0285	5581426
entry	Liste des plantes qui croissent dans le Berry, & qui ne sont pas si communes aux environs de Paris, par M. le Monnier, de l'Académie Royale des Sciences	2	
orth	Liste des plantes qui croissent dans le Berry, & qui ne sont pas si communes aux environs de Paris, par M. le Monnier, de l'Académie Royale des Sciences		
pb	284	0286	5581427
pb	285	0287	5581428
entry	Liste des plantes observées au Mont d'Or, au Puy de Domme, & au Cantal, par M. le Monnier	14	
orth	Liste des plantes observées au Mont d'Or, au Puy de Domme, & au Cantal, par M. le Monnier		
pb	286	0288	5581429
pb	287	0289	5581430
pb	288	0290	5581431
pb	289	0291	5581432
pb	290	0292	5581433
pb	291	0293	5581434
pb	292	0294	5581435
pb	293	0295	5581436
pb	294	0296	5581437
pb	295	0297	5581438
pb	296	0298	5581439
pb	297	0299	5581440
pb	298	0300	5581441
pb	299	0301	5581442
pb	300	0302	5581443
entry	Liste des plantes qui sont indiquée dans les Mémoires de l'Académie Royale des Sciences, avec les endroits où on les trouve	2	
orth	Liste des plantes qui sont indiquée dans les Mémoires de l'Académie Royale des Sciences, avec les endroits où on les trouve		
pb	301	0303	5581444
pb	302	0304	5581445
entry	Plantes observées en France, par le P. Barrelier	5	
orth	Plantes observées en France, par le P. Barrelier		
pb	303	0305	5581446
pb	304	0306	5581447
pb	305	0307	5581448
pb	306	0308	5581449
pb	307	0309	5581450
entry	Liste des principales plantes de la France, selon M. l'abbé Rosier, dans ses Démonstrations élémentaires Botaniques	5	
orth	Liste des principales plantes de la France, selon M. l'abbé Rosier, dans ses Démonstrations élémentaires Botaniques		
pb	308	0310	5581451
pb	309	0311	5581452
pb	310	0312	5581453
pb	311	0313	5581454
pb	312	0314	5581455
pb	313	0315	5581456
entry	Liste des principaux arbres & arbustes qui croissent dans la France, selon M. Duhamel	1	
orth	Liste des principaux arbres & arbustes qui croissent dans la France, selon M. Duhamel		
pb	314	0316	5581457
pb	315	0317	5581458
entry	Liste des plantes qui croissent au Mont Pila	14	
orth	Liste des plantes qui croissent au Mont Pila		
pb	316	0318	5581459
pb	317	0319	5581460
pb	318	0320	5581461
pb	319	0321	5581462
pb	320	0322	5581463
pb	321	0323	5581464
pb	322	0324	5581465
pb	323	0325	5581466
pb	324	0326	5581467
pb	325	0327	5581468
pb	326	0328	5581469
pb	327	0329	5581470
pb	328	0330	5581471
pb	329	0331	5581472
pb	330	0332	5581473
entry	Catalogue des différents ouvrages qui ont paru sur la Botanique de France. Généralité de Paris	0	
orth	Catalogue des différents ouvrages qui ont paru sur la Botanique de France. Généralité de Paris		
entry	Généralité de Soissons	0	
orth	Généralité de Soissons		
entry	Généralité d'Orléans	0	
orth	Généralité d'Orléans		
entry	Généralité d'Alsace	1	
orth	Généralité d'Alsace		
pb	331	0333	5581474
entry	Généralité de Provence	0	
orth	Généralité de Provence		
entry	Généralité de Languedoc	0	
orth	Généralité de Languedoc		
entry	Généralité de Lorraine	0	
orth	Généralité de Lorraine		
entry	Généralité de Bourgogne	1	
orth	Généralité de Bourgogne		
pb	332	0334	5581475
entry	Généralité d'Auvergne	0	
orth	Généralité d'Auvergne		
entry	Généralité du Berri	0	
orth	Généralité du Berri		
entry	Généralité de Bretagne	0	
orth	Généralité de Bretagne		
entry	Généralité de Normandie	1	
orth	Généralité de Normandie		
pb	333	0335	5581476
entry	Pays d'Anjou	0	
orth	Pays d'Anjou		
entry	Roussillon et Diocèse de Narbonne	0	
orth	Roussillon et Diocèse de Narbonne		
entry	Généralité de Champagne	0	
orth	Généralité de Champagne		
entry	Généralité du Lyonnais, Forès et Beaujolais	0	
orth	Généralité du Lyonnais, Forès et Beaujolais		
entry	Généralité de Picardie	1	
orth	Généralité de Picardie		
pb	334	0336	5581477
entry	Généralité du Limousin et du Quercy	0	
orth	Généralité du Limousin et du Quercy		
entry	Alpes et Pyrénées	0	
orth	Alpes et Pyrénées		
entry	Généralité de Franche Comté	0	
orth	Généralité de Franche Comté		
entry	Flandre	0	
orth	Flandre		
pb	335	0337	5581478
entry	Observations générales	1	
orth	Observations générales		
pb	336	0338	5581479
entry	Liste des auteurs français qui ont écrit sur la Botanique	13	
orth	Liste des auteurs français qui ont écrit sur la Botanique		
pb	337	0339	5581480
pb	338	0340	5581481
pb	339	0341	5581482
pb	340	0342	5581483
pb	341	0343	5581484
pb	342	0344	5581485
pb	343	0345	5581486
pb	344	0346	5581487
pb	345	0347	5581488
pb	346	0348	5581489
pb	347	0349	5581490
pb	348	0350	5581491
pb	349	0351	5581492
pb	350	0352	5581493
entry	Liste des professeurs de Botanique de la France	0	
orth	Liste des professeurs de Botanique de la France		
entry	Jardins publics de Botanique	1	
orth	Jardins publics de Botanique		
pb	351	0353	5581494
entry	Jardins particuliers de Botanique	1	
orth	Jardins particuliers de Botanique		
pb	352	0354	5581495
entry	Herbiers	0	
orth	Herbiers		
pb	I	0355	5581496
entry	Liste des plantes dont on a expliqué la culture & les propriétés dans ce dictionnaire.	61	
orth	Liste des plantes dont on a expliqué la culture & les propriétés dans ce dictionnaire.		
pb	II	0356	5581497
pb	III	0357	5581498
pb	IV	0358	5581499
pb	V	0359	5581500
pb	VI	0360	5581501
pb	VII	0361	5581502
pb	VIII	0362	5581503
pb	IX	0363	5581504
pb	X	0364	5581505
pb	XI	0365	5581506
pb	XII	0366	5581507
pb	XIII	0367	5581508
pb	XIV	0368	5581509
pb	XV	0369	5581510
pb	XVI	0370	5581511
pb	XVII	0371	5581512
pb	XVIII	0372	5581513
pb	XIX	0373	5581514
pb	XX	0374	5581515
pb	XXI	0375	5581516
pb	XXII	0376	5581517
pb	XXIII	0377	5581518
pb	XXIV	0378	5581519
pb	XXV	0379	5581520
pb	XXVI	0380	5581521
pb	XXVII	0381	5581522
pb	XXVIII	0382	5581523
pb	XXIX	0383	5581524
pb	XXX	0384	5581525
pb	XXXI	0385	5581526
pb	XXXII	0386	5581527
pb	XXXIII	0387	5581528
pb	XXXIV	0388	5581529
pb	XXXV	0389	5581530
pb	XXXVI	0390	5581531
pb	XXXVII	0391	5581532
pb	XXXVIII	0392	5581533
pb	XXXIX	0393	5581534
pb	XL	0394	5581535
pb	XLI	0395	5581536
pb	XLII	0396	5581537
pb	XLIII	0397	5581538
pb	XLIV	0398	5581539
pb	XLV	0399	5581540
pb	XLVI	0400	5581541
pb	XLVII	0401	5581542
pb	XLVIII	0402	5581543
pb	XLIX	0403	5581544
pb	L	0404	5581545
pb	LI	0405	5581546
pb	LII	0406	5581547
pb	LIII	0407	5581548
pb	LIV	0408	5581549
pb	LV	0409	5581550
pb	LVI	0410	5581551
pb	LVII	0411	5581552
pb	LVIII	0412	5581553
pb	LIX	0413	5581554
pb	LX	0414	5581555
pb	LXI	0415	5581556
pb	LXII	0416	5581557
pb	LXIII	0417	5581558
entry	Liste des plantes dont on a expliqué la culture & les propriétés dans ce dictionnaire	0	
orth	Liste des plantes dont on a expliqué la culture & les propriétés dans ce dictionnaire		
entry	Table des maladies pour lesquelles on a indiqué des plantes dans cet ouvrage	18	
orth	Table des maladies pour lesquelles on a indiqué des plantes dans cet ouvrage		
pb	LXIV	0418	5581559
pb	LXV	0419	5581560
pb	LXVI	0420	5581561
pb	LXVII	0421	5581562
pb	LXVIII	0422	5581563
pb	LXIX	0423	5581564
pb	LXX	0424	5581565
pb	LXXI	0425	5581566
pb	LXXII	0426	5581567
pb	LXIII	0427	5581568
pb	LXXIV	0428	5581569
pb	LXXV	0429	5581570
pb	LXXVI	0430	5581571
pb	LXXVII	0431	5581572
pb	LXXVIII	0432	5581573
pb	LXXIX	0433	5581574
pb	LXXX	0434	5581575
pb	LXXXI	0435	5581576
pb	LXXXII	0436	5581577
entry	Table des Plantes qui conviennent aux animaux domestiques, tant pour les aliments que pour les médicaments	3	
orth	Table des Plantes qui conviennent aux animaux domestiques, tant pour les aliments que pour les médicaments		
pb	LXXXIII	0437	5581578
pb	LXXXIV	0438	5581579
pb	LXXXV	0439	5581580
entry	Table des plantes, arbres et arbustes dont on a donné la culture	3	
orth	Table des plantes, arbres et arbustes dont on a donné la culture		
pb	LXXXVI	0440	5581581
pb	LXXXVII	0441	5581582
pb	LXXXIII	0442	5581583
entry	Table des plantes qui conviennent à l'homme pour alimens	2	
orth	Table des plantes qui conviennent à l'homme pour alimens		
pb	LXXXIX	0443	5581584
pb	XC	0444	5581585
pb	XCI	0445	5581586
entry	Table des plantes qu'on emploie pour les arts & métiers	2	
orth	Table des plantes qu'on emploie pour les arts & métiers		
pb	XCII	0446	5581587
pb	XCIII	0447	5581588
entry	Explication des termes de botanique, de médecine, d'agriculture & de jardinage employés dans ce Dictionnaire. Abaisser	0	
orth	Explication des termes de botanique, de médecine, d'agriculture & de jardinage employés dans ce Dictionnaire. Abaisser		
entry	Abattis de bois	0	
orth	Abattis de bois		
entry	Abri	0	
orth	Abri		
pb	XCIV	0448	5581589
entry	Abrité	0	
orth	Abrité		
entry	Abrouti	0	
orth	Abrouti		
entry	Absorbans	0	
orth	Absorbans		
entry	Absorber	0	
orth	Absorber		
entry	Abstersifs	0	
orth	Abstersifs		
entry	Accolage	0	
orth	Accolage		
entry	Accrue	0	
orth	Accrue		
entry	Acroissement	0	
orth	Acroissement		
entry	Ados	0	
orth	Ados		
entry	Adoucissans	1	
orth	Adoucissans		
pb	XCV	0449	5581590
entry	Affaissement	0	
orth	Affaissement		
entry	Affaisser	0	
orth	Affaisser		
entry	Affiler	0	
orth	Affiler		
entry	Affinoir	0	
orth	Affinoir		
entry	Agens de la germination	0	
orth	Agens de la germination		
entry	Agglutinans	0	
orth	Agglutinans		
pb	XCVI	0450	5581591
entry	Aigretté	0	
orth	Aigretté		
entry	Aigrette	0	
orth	Aigrette		
entry	Aigue	0	
orth	Aigue		
entry	Aiguille	0	
orth	Aiguille		
entry	Aiguillon ou piquant	0	
orth	Aiguillon ou piquant		
entry	Aîlée, empennée, pinnée, pinnatum	1	
orth	Aîlée, empennée, pinnée, pinnatum		
pb	XCVII	0451	5581592
entry	Aîles	0	
orth	Aîles		
entry	Aisselle	0	
orth	Aisselle		
entry	Alexipharmaques	1	
orth	Alexipharmaques		
pb	XCVIII	0452	5581593
entry	Alexitères	0	
orth	Alexitères		
entry	Alkalescentes	0	
orth	Alkalescentes		
entry	Altérans	0	
orth	Altérans		
entry	Alterne	0	
orth	Alterne		
entry	Amande	0	
orth	Amande		
entry	Amentacées	0	
orth	Amentacées		
entry	Amplexicaules	0	
orth	Amplexicaules		
entry	Analeptiques	0	
orth	Analeptiques		
entry	Androgyne	0	
orth	Androgyne		
entry	Angiospermie	1	
orth	Angiospermie		
pb	XCIX	0453	5581594
entry	Angles des feuilles	0	
orth	Angles des feuilles		
entry	Annuelles	0	
orth	Annuelles		
entry	Anodins	0	
orth	Anodins		
entry	Anomales	0	
orth	Anomales		
entry	Antheres	0	
orth	Antheres		
entry	Antidotes	0	
orth	Antidotes		
entry	Anti-scorbutiques	0	
orth	Anti-scorbutiques		
entry	Antiseptique	0	
orth	Antiseptique		
entry	Apéritifs	0	
orth	Apéritifs		
entry	Apétale	1	
orth	Apétale		
pb	C	0454	5581595
entry	Approche	0	
orth	Approche		
entry	Aquatique	0	
orth	Aquatique		
entry	Arbre	0	
orth	Arbre		
entry	Arbuste	0	
orth	Arbuste		
entry	Arbrisseau	0	
orth	Arbrisseau		
entry	Arbres sauvages	0	
orth	Arbres sauvages		
entry	Arbres fruitiers	0	
orth	Arbres fruitiers		
entry	Arbres nains	0	
orth	Arbres nains		
entry	Arbres de haute futaie ou de haut vent	0	
orth	Arbres de haute futaie ou de haut vent		
pb	CI	0455	5581596
entry	Arbres de haute tige	0	
orth	Arbres de haute tige		
entry	Arbres de plein vent	0	
orth	Arbres de plein vent		
entry	Arbres de demi-vent ou de demi-tige	0	
orth	Arbres de demi-vent ou de demi-tige		
entry	Arbres coniferes	0	
orth	Arbres coniferes		
entry	Arbres resineux	0	
orth	Arbres resineux		
entry	Arbres de réserve	0	
orth	Arbres de réserve		
entry	Aromatique	0	
orth	Aromatique		
entry	Arquée	0	
orth	Arquée		
entry	Arrêter	0	
orth	Arrêter		
entry	Arrondi	1	
orth	Arrondi		
pb	CII	0456	5581597
entry	Articulation	0	
orth	Articulation		
entry	Ascendente	0	
orth	Ascendente		
entry	Aspect	0	
orth	Aspect		
entry	Assoupissans	0	
orth	Assoupissans		
entry	Aubier	0	
orth	Aubier		
entry	Avorter	1	
orth	Avorter		
pb	CIII	0457	5581598
entry	Axillaire	0	
orth	Axillaire		
entry	Bacciferes	0	
orth	Bacciferes		
entry	Baie	0	
orth	Baie		
entry	Bâle	0	
orth	Bâle		
entry	Barbe	0	
orth	Barbe		
entry	Bâtardes	0	
orth	Bâtardes		
entry	Bédeguar	0	
orth	Bédeguar		
entry	Berceau d'une plante	0	
orth	Berceau d'une plante		
entry	Bicapsulaire	0	
orth	Bicapsulaire		
entry	Bijuger	0	
orth	Bijuger		
pb	CIV	0458	5581599
entry	Bilobée	0	
orth	Bilobée		
entry	Bis-annuelle	0	
orth	Bis-annuelle		
entry	Bois	0	
orth	Bois		
entry	Bois blanc	0	
orth	Bois blanc		
entry	Bordure des feuilles	0	
orth	Bordure des feuilles		
entry	Bourgeons	0	
orth	Bourgeons		
entry	Bourrelets	1	
orth	Bourrelets		
pb	CV	0459	5581600
entry	Bourse	0	
orth	Bourse		
entry	Bouton	1	
orth	Bouton		
pb	CVI	0460	5581601
entry	Bouture	0	
orth	Bouture		
entry	Bractée	1	
orth	Bractée		
pb	CVII	0461	5581602
entry	Brillante	0	
orth	Brillante		
entry	Brou	0	
orth	Brou		
entry	Bulbe	0	
orth	Bulbe		
entry	Bulbeuses	0	
orth	Bulbeuses		
entry	Bulbiferes	0	
orth	Bulbiferes		
entry	Calice	0	
orth	Calice		
pb	CVIII	0462	5581603
entry	Campaniforme	0	
orth	Campaniforme		
entry	Cannelée	0	
orth	Cannelée		
entry	Capités	0	
orth	Capités		
entry	Capsule	0	
orth	Capsule		
entry	Caractères botaniques	1	
orth	Caractères botaniques		
pb	CIX	0463	5581604
entry	Carêne	0	
orth	Carêne		
entry	Carinée	0	
orth	Carinée		
entry	Cartilagineuse	0	
orth	Cartilagineuse		
entry	Caryophillées	0	
orth	Caryophillées		
entry	Caulinaire	0	
orth	Caulinaire		
entry	Cayeux	0	
orth	Cayeux		
entry	Charnue	0	
orth	Charnue		
entry	Chaton	1	
orth	Chaton		
pb	CX	0464	5581605
entry	Chaume	0	
orth	Chaume		
entry	Chevelure	0	
orth	Chevelure		
entry	Chevelue	0	
orth	Chevelue		
entry	Cilicé	0	
orth	Cilicé		
entry	Circonférence des feuilles	0	
orth	Circonférence des feuilles		
entry	Cloison	0	
orth	Cloison		
entry	Coëffe	0	
orth	Coëffe		
pb	CXI	0465	5581606
entry	Coeur	0	
orth	Coeur		
entry	Cohérentes	0	
orth	Cohérentes		
entry	Coin	0	
orth	Coin		
entry	Commun	0	
orth	Commun		
entry	Complette	0	
orth	Complette		
entry	Composée	1	
orth	Composée		
pb	CXII	0466	5581607
entry	Comprimée	0	
orth	Comprimée		
entry	Concave	0	
orth	Concave		
entry	Cône	0	
orth	Cône		
entry	Congeneres	0	
orth	Congeneres		
entry	Conglobées	0	
orth	Conglobées		
entry	Coniferes	0	
orth	Coniferes		
entry	Conjugée	0	
orth	Conjugée		
entry	Convexe	0	
orth	Convexe		
entry	Coque	0	
orth	Coque		
entry	Cordiforme	0	
orth	Cordiforme		
entry	Cornet	0	
orth	Cornet		
entry	Corolle	1	
orth	Corolle		
pb	CXIII	0467	5581608
entry	Corimbe	0	
orth	Corimbe		
entry	Cosmétique	0	
orth	Cosmétique		
entry	Cosse	0	
orth	Cosse		
entry	Côtés des feuilles, latera	0	
orth	Côtés des feuilles, latera		
entry	Cotoneuse	0	
orth	Cotoneuse		
entry	Cotyledons	0	
orth	Cotyledons		
pb	CXIV	0468	5581609
entry	Couche	1	
orth	Couche		
entry	Couler	0	
orth	Couler		
entry	Courante	0	
orth	Courante		
entry	Couronne	0	
orth	Couronne		
entry	Couverte	0	
orth	Couverte		
entry	Crenelée	0	
orth	Crenelée		
entry	Croissant	0	
orth	Croissant		
entry	Cruciforme	0	
orth	Cruciforme		
entry	Cryptogamie	0	
orth	Cryptogamie		
pb	CXV	0469	5581610
entry	Cucurbitacées	0	
orth	Cucurbitacées		
entry	Décaisser	0	
orth	Décaisser		
entry	Decandrie	0	
orth	Decandrie		
entry	Déchausser	0	
orth	Déchausser		
entry	Décoction	0	
orth	Décoction		
entry	Décoller	0	
orth	Décoller		
entry	Défenses	0	
orth	Défenses		
entry	Demi-fleuron	0	
orth	Demi-fleuron		
entry	Dentée	0	
orth	Dentée		
entry	Dentelée	0	
orth	Dentelée		
entry	Descendante	0	
orth	Descendante		
entry	Désobstruant	0	
orth	Désobstruant		
pb	CXVI	0470	5581611
entry	Diadelphie	0	
orth	Diadelphie		
entry	Diaphorétiques	0	
orth	Diaphorétiques		
entry	Diandriques	0	
orth	Diandriques		
entry	Dichotome	0	
orth	Dichotome		
entry	Didynamiques	0	
orth	Didynamiques		
entry	Digitée ou en éventail	0	
orth	Digitée ou en éventail		
entry	Digyniques	0	
orth	Digyniques		
entry	Diphille	0	
orth	Diphille		
entry	Dioeciques	0	
orth	Dioeciques		
entry	Dipsacées	0	
orth	Dipsacées		
entry	Disque	0	
orth	Disque		
entry	Diurétique	0	
orth	Diurétique		
entry	Dodecandriques	0	
orth	Dodecandriques		
entry	Drageons	0	
orth	Drageons		
pb	CXVII	0471	5581612
entry	Drapé	0	
orth	Drapé		
entry	Dru	0	
orth	Dru		
entry	Ebourgeonner	0	
orth	Ebourgeonner		
entry	Ecailleux	0	
orth	Ecailleux		
entry	Echancrée	0	
orth	Echancrée		
entry	Echaudé	0	
orth	Echaudé		
entry	Echinée	0	
orth	Echinée		
entry	Ecorcer le bois	0	
orth	Ecorcer le bois		
entry	Ecussoner	0	
orth	Ecussoner		
entry	Effaner	0	
orth	Effaner		
entry	Efflorescence	0	
orth	Efflorescence		
entry	Egayer un arbre qui est en espalier	0	
orth	Egayer un arbre qui est en espalier		
entry	Elliptique	0	
orth	Elliptique		
pb	CXVIII	0472	5581613
entry	Embryon	0	
orth	Embryon		
entry	Emmenagogues	0	
orth	Emmenagogues		
entry	Emolliens	0	
orth	Emolliens		
entry	Emoussée	0	
orth	Emoussée		
entry	Emulsion	0	
orth	Emulsion		
entry	Encaisser	0	
orth	Encaisser		
entry	Engrais	0	
orth	Engrais		
entry	Enneandriques	0	
orth	Enneandriques		
entry	Ente	0	
orth	Ente		
entry	Entier	0	
orth	Entier		
entry	Entonnoir	0	
orth	Entonnoir		
entry	Enveloppe	0	
orth	Enveloppe		
entry	Epanouissement	1	
orth	Epanouissement		
pb	CXIX	0473	5581614
entry	Epi	0	
orth	Epi		
entry	Epiderme	0	
orth	Epiderme		
entry	Epine	0	
orth	Epine		
entry	Epineux	0	
orth	Epineux		
pb	CXX	0474	5581615
entry	Eplucher	0	
orth	Eplucher		
entry	Ergotés	0	
orth	Ergotés		
entry	Etamine	0	
orth	Etamine		
entry	Etendard	0	
orth	Etendard		
entry	Etêté	0	
orth	Etêté		
entry	Etioler	0	
orth	Etioler		
entry	Etoilée	0	
orth	Etoilée		
entry	Evacuans	0	
orth	Evacuans		
pb	CXXI	0475	5581616
entry	Evasée	0	
orth	Evasée		
entry	Eventail	0	
orth	Eventail		
entry	Eunuques	0	
orth	Eunuques		
entry	Exotiques	0	
orth	Exotiques		
entry	Fane	0	
orth	Fane		
entry	Faucille	0	
orth	Faucille		
entry	Faux bois	0	
orth	Faux bois		
entry	Femelles	0	
orth	Femelles		
entry	Fente	0	
orth	Fente		
entry	Feuillage	0	
orth	Feuillage		
entry	Feuilles	10	
orth	Feuilles		
pb	CXXII	0476	5581617
pb	CXXIII	0477	5581618
pb	CXXIV	0478	5581619
pb	CXXV	0479	5581620
pb	CXXVI	0480	5581621
pb	CXXVII	0481	5581622
pb	CXXVIII	0482	5581623
pb	CXXIX	0483	5581624
pb	CXXX	0484	5581625
pb	CXXXI	0485	5581626
entry	Fibreuse	0	
orth	Fibreuse		
entry	Filet	0	
orth	Filet		
entry	Fistuleuse	0	
orth	Fistuleuse		
entry	Fleur	1	
orth	Fleur		
pb	CXXXIV	0486	5581627
entry	Florale	0	
orth	Florale		
entry	Flosculeuse	0	
orth	Flosculeuse		
entry	Flottante	0	
orth	Flottante		
entry	Flute	0	
orth	Flute		
entry	Foliation	1	
orth	Foliation		
pb	CXXXV	0487	5581628
entry	Folioles	0	
orth	Folioles		
entry	Follicule	0	
orth	Follicule		
entry	Fomentation	0	
orth	Fomentation		
entry	Fond	0	
orth	Fond		
pb	CXXXVI	0488	5581629
entry	Fructification	0	
orth	Fructification		
entry	Fusiforme	0	
orth	Fusiforme		
entry	Gaine	0	
orth	Gaine		
entry	Gargarisme	0	
orth	Gargarisme		
entry	Gazon	1	
orth	Gazon		
pb	CXXXVII	0489	5581630
entry	Geminée	0	
orth	Geminée		
entry	Générale	0	
orth	Générale		
entry	Genre	0	
orth	Genre		
entry	Germe	0	
orth	Germe		
entry	Germer	0	
orth	Germer		
entry	Germination	0	
orth	Germination		
entry	Glandes	1	
orth	Glandes		
pb	CXXXVIII	0490	5581631
entry	Goussé	0	
orth	Goussé		
entry	Grain	1	
orth	Grain		
pb	CXXXIX	0491	5581632
entry	Graine	0	
orth	Graine		
entry	Graminées	0	
orth	Graminées		
entry	Grappe	0	
orth	Grappe		
entry	Grelot	0	
orth	Grelot		
entry	Griffe	0	
orth	Griffe		
entry	Grimpante	0	
orth	Grimpante		
entry	Grumeleuse	0	
orth	Grumeleuse		
entry	Gueule	0	
orth	Gueule		
entry	Gymnospermies	0	
orth	Gymnospermies		
entry	Gynandrie	1	
orth	Gynandrie		
pb	CXL	0492	5581633
entry	Hameçon	0	
orth	Hameçon		
entry	Hampe	0	
orth	Hampe		
entry	Heptandries	0	
orth	Heptandries		
entry	Herbacée	0	
orth	Herbacée		
entry	Herbe	0	
orth	Herbe		
entry	Herbier	5	
orth	Herbier		
pb	CXLI	0493	5581634
pb	CXLII	0494	5581635
pb	CXLIII	0495	5581636
pb	CXLIV	0496	5581637
pb	CXLV	0497	5581638
entry	Hérissé	0	
orth	Hérissé		
entry	Hermaphrodite	0	
orth	Hermaphrodite		
entry	Hexegynie	0	
orth	Hexegynie		
entry	Hexandrie	0	
orth	Hexandrie		
entry	Horizontale	0	
orth	Horizontale		
entry	Hypocrateriformes	0	
orth	Hypocrateriformes		
pb	CXLVI	0498	5581639
entry	Hydragogues	0	
orth	Hydragogues		
entry	Hystériques	0	
orth	Hystériques		
entry	Jachere	0	
orth	Jachere		
entry	Jalon	0	
orth	Jalon		
entry	Icosandrie	0	
orth	Icosandrie		
entry	Imbriquée	0	
orth	Imbriquée		
entry	Impaire	0	
orth	Impaire		
entry	Imparfaite	0	
orth	Imparfaite		
entry	Incarnatif	0	
orth	Incarnatif		
entry	Inculte	0	
orth	Inculte		
entry	Indigenes	0	
orth	Indigenes		
entry	Infundibuliforme	1	
orth	Infundibuliforme		
pb	CXLVII	0499	5581640
entry	Infusion	0	
orth	Infusion		
entry	Injection	0	
orth	Injection		
entry	Inodore	0	
orth	Inodore		
entry	Interruption	0	
orth	Interruption		
entry	Irrégulieres	0	
orth	Irrégulieres		
entry	Jus	0	
orth	Jus		
entry	Labiées	0	
orth	Labiées		
entry	Laciniée	1	
orth	Laciniée		
pb	CXLVIII	0500	5581641
entry	Lait	0	
orth	Lait		
entry	Lancéolée	0	
orth	Lancéolée		
entry	Lanugineuse	0	
orth	Lanugineuse		
entry	Legumes	0	
orth	Legumes		
entry	Légumineuse	1	
orth	Légumineuse		
pb	CXLIX	0501	5581642
entry	Lenticulaire	0	
orth	Lenticulaire		
entry	Liliacées	0	
orth	Liliacées		
entry	Lineraires	0	
orth	Lineraires		
entry	Lisse	0	
orth	Lisse		
entry	Livre, Liber	0	
orth	Livre, Liber		
entry	Lobes	0	
orth	Lobes		
entry	Lotion	0	
orth	Lotion		
entry	Loupes des arbres	1	
orth	Loupes des arbres		
pb	CL	0502	5581643
entry	Macération	0	
orth	Macération		
entry	Mains ou vrilles	0	
orth	Mains ou vrilles		
entry	Mâles	0	
orth	Mâles		
entry	Manche	0	
orth	Manche		
entry	Marcotte	0	
orth	Marcotte		
pb	CLI	0503	5581644
entry	Maraichers	0	
orth	Maraichers		
entry	Masque (fleurs en)	0	
orth	Masque (fleurs en)		
entry	Masticatoires ou mâchicatoires	0	
orth	Masticatoires ou mâchicatoires		
entry	Maturation	0	
orth	Maturation		
entry	Maturatif	0	
orth	Maturatif		
entry	Médicament	0	
orth	Médicament		
entry	Membraneuse	0	
orth	Membraneuse		
entry	Menstrue ou vehicule	0	
orth	Menstrue ou vehicule		
entry	Merrain ou merrein	0	
orth	Merrain ou merrein		
entry	Météoriques	0	
orth	Météoriques		
entry	Méthode botanique	9	
orth	Méthode botanique		
pb	CLII	0504	5581645
pb	CLIII	0505	5581646
pb	CLIV	0506	5581647
pb	CLV	0507	5581648
pb	CLVI	0508	5581649
pb	CLVII	0509	5581650
pb	CLVIII	0510	5581651
pb	CLIX	0511	5581652
pb	CLX	0512	5581653
entry	Méthode de Linneus	11	
orth	Méthode de Linneus		
pb	CLXI	0513	5581654
pb	CLXII	0514	5581655
pb	CLXIII	0515	5581656
pb	CLXIV	0516	5581657
pb	CLXV	0517	5581658
pb	CLXVI	0518	5581659
pb	CLXVII	0519	5581660
pb	CLXVIII	0520	5581661
pb	CLXIX	0521	5581662
pb	CLXX	0522	5581663
pb	CLXXI	0523	5581664
entry	Mettre à fruit	0	
orth	Mettre à fruit		
entry	Moëlle	0	
orth	Moëlle		
entry	Molette	0	
orth	Molette		
entry	Monadelphie	0	
orth	Monadelphie		
entry	Monandrie	0	
orth	Monandrie		
entry	Monaecie	0	
orth	Monaecie		
entry	Monogamie	0	
orth	Monogamie		
entry	Monogynie	0	
orth	Monogynie		
entry	Monopétale	0	
orth	Monopétale		
entry	Monophille	1	
orth	Monophille		
pb	CLXXII	0524	5581665
entry	Motte d'un arbre	0	
orth	Motte d'un arbre		
entry	Multicapsulaire	0	
orth	Multicapsulaire		
entry	Nain	0	
orth	Nain		
entry	Napiforme	0	
orth	Napiforme		
entry	Naviculaire	0	
orth	Naviculaire		
entry	Nécessaire	0	
orth	Nécessaire		
entry	Nectar	0	
orth	Nectar		
pb	CLXXIII	0525	5581666
entry	Nerveux	0	
orth	Nerveux		
entry	Neutres	0	
orth	Neutres		
entry	Nôces des plantes	0	
orth	Nôces des plantes		
entry	Noeuds	0	
orth	Noeuds		
entry	Noix	0	
orth	Noix		
entry	Nouées	1	
orth	Nouées		
pb	CLXXIV	0526	5581667
entry	Noueuse	0	
orth	Noueuse		
entry	Noyau	0	
orth	Noyau		
entry	Nud	0	
orth	Nud		
entry	Nutation des plantes	0	
orth	Nutation des plantes		
entry	Oblique	0	
orth	Oblique		
entry	Oblongue	0	
orth	Oblongue		
entry	Obstructions	1	
orth	Obstructions		
pb	CLXXV	0527	5581668
entry	Obtus	0	
orth	Obtus		
entry	Octandrie	0	
orth	Octandrie		
entry	Oeilleton	0	
orth	Oeilleton		
entry	Oesophage des plantes	0	
orth	Oesophage des plantes		
entry	Oeil	0	
orth	Oeil		
entry	Oeil dormant	0	
orth	Oeil dormant		
entry	Oeil poussant	0	
orth	Oeil poussant		
entry	Ombelle	0	
orth	Ombelle		
entry	Ombelliferes	1	
orth	Ombelliferes		
pb	CLXXVI	0528	5581669
entry	Ongle ou onglet	0	
orth	Ongle ou onglet		
entry	Oreille, oreillette	0	
orth	Oreille, oreillette		
entry	Orillon	0	
orth	Orillon		
entry	Panaché	0	
orth	Panaché		
entry	Panicule	0	
orth	Panicule		
entry	Panneaux	0	
orth	Panneaux		
entry	Papillionacées	0	
orth	Papillionacées		
entry	Parasites	0	
orth	Parasites		
entry	Parasol	0	
orth	Parasol		
entry	Partielle	0	
orth	Partielle		
entry	Patte	1	
orth	Patte		
pb	CLXXVII	0529	5581670
entry	Pavillon	0	
orth	Pavillon		
entry	Pedicule	0	
orth	Pedicule		
entry	Pentagone	0	
orth	Pentagone		
entry	Pentagynie	0	
orth	Pentagynie		
entry	Pentandrie	0	
orth	Pentandrie		
entry	Pepin	0	
orth	Pepin		
entry	Perfeuillée	0	
orth	Perfeuillée		
entry	Perianthe	0	
orth	Perianthe		
entry	Péricarpe	0	
orth	Péricarpe		
entry	Perpendiculaire	0	
orth	Perpendiculaire		
pb	CLXXVIII	0530	5581671
entry	Personnée	0	
orth	Personnée		
entry	Pétale	0	
orth	Pétale		
entry	Pétiole	0	
orth	Pétiole		
entry	Picot	0	
orth	Picot		
entry	Pinnée	0	
orth	Pinnée		
entry	Pistile	1	
orth	Pistile		
pb	CLXXIX	0531	5581672
entry	Placenta	0	
orth	Placenta		
entry	Planche	0	
orth	Planche		
entry	Plantard	0	
orth	Plantard		
entry	Plançon	0	
orth	Plançon		
entry	Plantation	0	
orth	Plantation		
entry	Plante	1	
orth	Plante		
pb	CLXXX	0532	5581673
entry	Plantule	0	
orth	Plantule		
entry	Planter	0	
orth	Planter		
entry	Plantoir	0	
orth	Plantoir		
entry	Platebande	0	
orth	Platebande		
entry	Pleine	0	
orth	Pleine		
entry	Pleine-terre	0	
orth	Pleine-terre		
entry	Plumeux	0	
orth	Plumeux		
entry	Plume	0	
orth	Plume		
entry	Poils	1	
orth	Poils		
pb	CLXXXI	0533	5581674
entry	Pointu	0	
orth	Pointu		
entry	Polyadelphie	0	
orth	Polyadelphie		
entry	Polyandrie	0	
orth	Polyandrie		
entry	Polygames	0	
orth	Polygames		
entry	Polyginie	0	
orth	Polyginie		
entry	Port d'une plante	0	
orth	Port d'une plante		
entry	Pousse d'un arbre	0	
orth	Pousse d'un arbre		
entry	Poussiere fécondante	0	
orth	Poussiere fécondante		
pb	CLXXXII	0534	5581675
entry	Prolifere	0	
orth	Prolifere		
entry	Propre	0	
orth	Propre		
entry	Pulpe	0	
orth	Pulpe		
entry	Purgatif	0	
orth	Purgatif		
entry	Quarré ou carreau d'un jardin	0	
orth	Quarré ou carreau d'un jardin		
entry	Quaternées	0	
orth	Quaternées		
entry	Quinées	0	
orth	Quinées		
entry	Quinconce	0	
orth	Quinconce		
entry	Quinquangulaire	0	
orth	Quinquangulaire		
pb	CLXXXIII	0535	5581676
entry	Rabattre	0	
orth	Rabattre		
entry	Racine	0	
orth	Racine		
entry	Radicale	0	
orth	Radicale		
entry	Radiée	0	
orth	Radiée		
entry	Rame	0	
orth	Rame		
entry	Rameau	0	
orth	Rameau		
entry	Ramification	0	
orth	Ramification		
entry	Rampant	0	
orth	Rampant		
entry	Rapprocher	1	
orth	Rapprocher		
pb	CLXXXIV	0536	5581677
entry	Ravaler	0	
orth	Ravaler		
entry	Rayons	0	
orth	Rayons		
entry	Rebinage	0	
orth	Rebinage		
entry	Receper	0	
orth	Receper		
entry	Receptacle	10	
orth	Receptacle		
pb	CLXXXV	0537	5581678
pb	CLXXXVI	0538	5581679
pb	CLXXXVII	0539	5581680
pb	CLXXXVIII	0540	5581681
pb	CLXXXIX	0541	5581682
pb	CXC	0542	5581683
pb	CXCI	0543	5581684
pb	CXCII	0544	5581685
pb	CXCIII	0545	5581686
pb	CXCIV	0546	5581687
entry	Recomposée	0	
orth	Recomposée		
entry	Recouvrir	0	
orth	Recouvrir		
entry	Recroquebillé, recroquevillé, recroquillé	0	
orth	Recroquebillé, recroquevillé, recroquillé		
entry	Rejetton	0	
orth	Rejetton		
entry	Reniforme	0	
orth	Reniforme		
entry	Repercussif	0	
orth	Repercussif		
entry	Reprise des plantes	0	
orth	Reprise des plantes		
entry	Réseau reticulaire	1	
orth	Réseau reticulaire		
pb	CXCV	0547	5581688
entry	Résine	0	
orth	Résine		
entry	Résolutifs	0	
orth	Résolutifs		
entry	Resserrée	0	
orth	Resserrée		
entry	Restaurans	0	
orth	Restaurans		
entry	Rhomboïde	0	
orth	Rhomboïde		
entry	Rigole	0	
orth	Rigole		
entry	Rondache	0	
orth	Rondache		
entry	Rosacées	0	
orth	Rosacées		
pb	CXCVI	0548	5581689
entry	Roue	0	
orth	Roue		
entry	Rubiacées	0	
orth	Rubiacées		
entry	Rudiment	0	
orth	Rudiment		
entry	Sarcler	0	
orth	Sarcler		
entry	Sarcloir	0	
orth	Sarcloir		
entry	Sarmenteuse	0	
orth	Sarmenteuse		
entry	Saussaie	0	
orth	Saussaie		
entry	Saussis	0	
orth	Saussis		
entry	Saucis	0	
orth	Saucis		
entry	Scie	0	
orth	Scie		
entry	Scutiforme	0	
orth	Scutiforme		
entry	Secrétion	0	
orth	Secrétion		
entry	Semailles	0	
orth	Semailles		
pb	CXCVII	0549	5581690
entry	Semence	0	
orth	Semence		
entry	Semidouble	0	
orth	Semidouble		
entry	Séminale	0	
orth	Séminale		
entry	Semis	0	
orth	Semis		
entry	Sep	0	
orth	Sep		
entry	Serpette	0	
orth	Serpette		
entry	Serre	0	
orth	Serre		
entry	Sessile	0	
orth	Sessile		
entry	Sève	0	
orth	Sève		
pb	CXCVIII	0550	5581691
entry	Sexe des plantes	0	
orth	Sexe des plantes		
entry	Siliculeuses	0	
orth	Siliculeuses		
entry	Sillon	0	
orth	Sillon		
entry	Simple	0	
orth	Simple		
entry	Sinus	0	
orth	Sinus		
entry	Solaires	0	
orth	Solaires		
entry	Soleil	0	
orth	Soleil		
entry	Sommet des étamines ou anthere	0	
orth	Sommet des étamines ou anthere		
entry	Sous-orbiculaires	0	
orth	Sous-orbiculaires		
entry	Souche	0	
orth	Souche		
entry	Spathe	0	
orth	Spathe		
entry	Sternutatoires	0	
orth	Sternutatoires		
pb	CXCIX	0551	5581692
entry	Stigmate	0	
orth	Stigmate		
entry	Stipule	0	
orth	Stipule		
entry	Stolonifere	0	
orth	Stolonifere		
entry	Stomachique	0	
orth	Stomachique		
entry	Style	0	
orth	Style		
entry	Subalaire	0	
orth	Subalaire		
entry	Subulé	0	
orth	Subulé		
entry	Suc	0	
orth	Suc		
pb	CC	0552	5581693
entry	Suc lymphatique	0	
orth	Suc lymphatique		
entry	Suçoir des feuilles & des racines	0	
orth	Suçoir des feuilles & des racines		
pb	CCI	0553	5581694
entry	Succulent	0	
orth	Succulent		
entry	Sudorifique	0	
orth	Sudorifique		
entry	Superflue	0	
orth	Superflue		
entry	support	0	
orth	support		
entry	Surface	0	
orth	Surface		
entry	Surfeuille	0	
orth	Surfeuille		
entry	Surgeon	0	
orth	Surgeon		
entry	Syngenesie	0	
orth	Syngenesie		
entry	Système botanique	0	
orth	Système botanique		
entry	Taille des arbres	1	
orth	Taille des arbres		
pb	CCII	0554	5581695
entry	Talles	0	
orth	Talles		
entry	Tanelé, marqueté, tiqueté	0	
orth	Tanelé, marqueté, tiqueté		
entry	Térébinthe	0	
orth	Térébinthe		
entry	Ternée	0	
orth	Ternée		
entry	Testicules des végétaux	0	
orth	Testicules des végétaux		
entry	Terreau	0	
orth	Terreau		
entry	Terrer	0	
orth	Terrer		
entry	Tetards	0	
orth	Tetards		
entry	Tête	0	
orth	Tête		
entry	Tetradynamie	0	
orth	Tetradynamie		
entry	Tetragone	0	
orth	Tetragone		
entry	Tetraginie	0	
orth	Tetraginie		
entry	Théiforme	1	
orth	Théiforme		
pb	CCIII	0555	5581696
entry	Thyrsoide en grappe ou panicule	0	
orth	Thyrsoide en grappe ou panicule		
entry	Tige	0	
orth	Tige		
entry	Toondre	0	
orth	Toondre		
entry	Topique	0	
orth	Topique		
entry	Tousse	1	
orth	Tousse		
pb	CCIV	0556	5581697
entry	Tourné	0	
orth	Tourné		
entry	Traçante	0	
orth	Traçante		
entry	Trachées	0	
orth	Trachées		
entry	Transpiration des plantes	0	
orth	Transpiration des plantes		
entry	Treillage	0	
orth	Treillage		
entry	Triandrie	0	
orth	Triandrie		
entry	Triangulaire	0	
orth	Triangulaire		
entry	Triginie	0	
orth	Triginie		
entry	Trilobée	0	
orth	Trilobée		
entry	Triannuelle	0	
orth	Triannuelle		
entry	Triphille	0	
orth	Triphille		
entry	Trompe ou vagin	0	
orth	Trompe ou vagin		
pb	CCV	0557	5581698
entry	Tronc	0	
orth	Tronc		
entry	Tronquée	0	
orth	Tronquée		
entry	Tropiques	0	
orth	Tropiques		
entry	Tubercule ou Racine tubéreuse	0	
orth	Tubercule ou Racine tubéreuse		
entry	Tubulée	0	
orth	Tubulée		
entry	Tunique	0	
orth	Tunique		
entry	Tuilées ou imbriquées	0	
orth	Tuilées ou imbriquées		
entry	Tuteur	0	
orth	Tuteur		
entry	Vaisseaux des plantes	1	
orth	Vaisseaux des plantes		
pb	CCVI	0558	5581699
entry	Variétés	0	
orth	Variétés		
entry	Végétaux	0	
orth	Végétaux		
entry	Verger	0	
orth	Verger		
entry	Vermoulu	0	
orth	Vermoulu		
entry	Verticillé	0	
orth	Verticillé		
entry	Vessiculeux	0	
orth	Vessiculeux		
entry	Vivace	0	
orth	Vivace		
entry	Vives racines	0	
orth	Vives racines		
entry	Umbilical	0	
orth	Umbilical		
entry	Umbiliqué	0	
orth	Umbiliqué		
entry	Uniloculaire	0	
orth	Uniloculaire		
pb	CCVII	0559	5581700
entry	Vrilles	0	
orth	Vrilles		
entry	Usuelles	0	
orth	Usuelles		
entry	Vulnéraires	0	
orth	Vulnéraires		
entry	Zeste	0	
orth	Zeste		
pb	CCVIII	0560	5581701
entry	Traduction française des termes latins employés dans le Flora Gallica	12	
orth	Traduction française des termes latins employés dans le Flora Gallica		
pb	CCIX	0561	5581702
pb	CCX	0562	5581703
pb	CCXI	0563	5581704
pb	CCXII	0564	5581705
pb	CCXIII	0565	5581706
pb	CCXIV	0566	5581707
pb	CCXV	0567	5581708
pb	CCXVI	0568	5581709
pb	CCXVII	0569	5581710
pb	CCXVIII	0570	5581711
pb	CCXIX	0571	5581712
pb	CCXX	0572	5581713
pb	CCXXI	0573	5581714
entry	Catalogue des ouvrages dont on a fait usage dans ce Dictionnaire	4	
orth	Catalogue des ouvrages dont on a fait usage dans ce Dictionnaire		
pb	CCXXII	0574	5581715
pb	CCXXIII	0575	5581716
pb	CCXXIV	0576	5581717
pb	CCXXV	0577	5581718
pb	CCXXVI	0578	5581719
entry	Table générale	3	
orth	Table générale		
pb	CCXXVII	0579	5581720
pb	CCXXVIII	0580	5581721
pb	CCXXIX	0581	5581722
pb	CCXXX	0582	5581723
entry	Supplément au dictionnaire des Plantes, Arbres & Arbustes de la France. Busserole	0	
orth	Supplément au dictionnaire des Plantes, Arbres & Arbustes de la France. Busserole		
pb	CCXXXI	0583	5581724
entry	Busserole	4	
orth	Busserole		
pb	CCXXXII	0584	5581725
pb	CCXXXIII	0585	5581726
pb	CCXXXIV	0586	5581727
pb	CCXXXV	0587	5581728
pb	CCXXXVI	0588	5581729
entry	Cresson de Roche	7	
orth	Cresson de Roche		
pb	CCXXXVII	0589	5581730
pb	CCXXXVIII	0590	5581731
pb	CCXXXIX	0591	5581732
pb	CCXL	0592	5581733
pb	CCXLI	0593	5581734
pb	CCXLII	0594	5581735
pb	CCXLIII	0595	5581736
pb	CCXLIV	0596	5581737
